# PARX2 V2: rescaled to the measured 90-degree point of EO2: peak 5200.000 V -> 5137.4 V (x 0.987962), 2026-09-02
# same data as target_PARX2_V90.csv (2026-09-01, tools/make_v90_targets.py); this file is that rescale under the V2 name
# V90 at the monitor 5137.4 V = 8.672 V commanded (measured command->HV gain 0.5924); EO zero at -8.7 V, NOT applied -- the record still starts/ends at 0 V; rise/fall hysteresis 0.047 %
# source target_PARX2.csv, 5501 pts at 2.0000 us, header of the source follows
#   target for EO2 from forward.csv + 1000 us hold + reverse.csv, 1.25 us -> 2 us linear
#   integrated ramp target (EOs in parallel): peak 5200 V at the EOM, 5501 pts at 2 us = 11.0020 ms period
#   first/last sample 0.000000/0.000000 V; peak slew 4.109 V/us at the EOM
#   identical samples on both channels; the per-channel drive is what differs
time_us,voltage_V
0.000000,0.000000
2.000000,0.000000
4.000000,0.000000
6.000000,0.000000
8.000000,0.000000
10.000000,0.000000
12.000000,0.000001
14.000000,0.000002
16.000000,0.000004
18.000000,0.000007
20.000000,0.000013
22.000000,0.000020
24.000000,0.000030
26.000000,0.000044
28.000000,0.000064
30.000000,0.000091
32.000000,0.000126
34.000000,0.000170
36.000000,0.000226
38.000000,0.000297
40.000000,0.000383
42.000000,0.000491
44.000000,0.000618
46.000000,0.000773
48.000000,0.000956
50.000000,0.001170
52.000000,0.001425
54.000000,0.001720
56.000000,0.002063
58.000000,0.002459
60.000000,0.002911
62.000000,0.003431
64.000000,0.004020
66.000000,0.004688
68.000000,0.005444
70.000000,0.006286
72.000000,0.007243
74.000000,0.008303
76.000000,0.009485
78.000000,0.010801
80.000000,0.012250
82.000000,0.013866
84.000000,0.015636
86.000000,0.017586
88.000000,0.019729
90.000000,0.022060
92.000000,0.024631
94.000000,0.027418
96.000000,0.030457
98.000000,0.033765
100.000000,0.037333
102.000000,0.041227
104.000000,0.045418
106.000000,0.049946
108.000000,0.054837
110.000000,0.060076
112.000000,0.065748
114.000000,0.071811
116.000000,0.078321
118.000000,0.085302
120.000000,0.092738
122.000000,0.100735
124.000000,0.109236
126.000000,0.118310
128.000000,0.127987
130.000000,0.138244
132.000000,0.149213
134.000000,0.160819
136.000000,0.173148
138.000000,0.186232
140.000000,0.200041
142.000000,0.214737
144.000000,0.230227
146.000000,0.246608
148.000000,0.263923
150.000000,0.282131
152.000000,0.301426
154.000000,0.321691
156.000000,0.343047
158.000000,0.365537
160.000000,0.389113
162.000000,0.414003
164.000000,0.440065
166.000000,0.467440
168.000000,0.496179
170.000000,0.526219
172.000000,0.557832
174.000000,0.590844
176.000000,0.625420
178.000000,0.661616
180.000000,0.699355
182.000000,0.738957
184.000000,0.780211
186.000000,0.823309
188.000000,0.868313
190.000000,0.915131
192.000000,0.964133
194.000000,1.015067
196.000000,1.068157
198.000000,1.123471
200.000000,1.180896
202.000000,1.240860
204.000000,1.303069
206.000000,1.367774
208.000000,1.435054
210.000000,1.504773
212.000000,1.577422
214.000000,1.652654
216.000000,1.730759
218.000000,1.811822
220.000000,1.895683
222.000000,1.982900
224.000000,2.073076
226.000000,2.166534
228.000000,2.263368
230.000000,2.363392
232.000000,2.467236
234.000000,2.574445
236.000000,2.685382
238.000000,2.800148
240.000000,2.918527
242.000000,3.041233
244.000000,3.167742
246.000000,3.298461
248.000000,3.433497
250.000000,3.572609
252.000000,3.716591
254.000000,3.864846
256.000000,4.017834
258.000000,4.175670
260.000000,4.338072
262.000000,4.505930
264.000000,4.678571
266.000000,4.856504
268.000000,5.039850
270.000000,5.228293
272.000000,5.422820
274.000000,5.622677
276.000000,5.828422
278.000000,6.040187
280.000000,6.257618
282.000000,6.481801
284.000000,6.711898
286.000000,6.948521
288.000000,7.191813
290.000000,7.441375
292.000000,7.698403
294.000000,7.961965
296.000000,8.232735
298.000000,8.510861
300.000000,8.795900
302.000000,9.089165
304.000000,9.389623
306.000000,9.698011
308.000000,10.014485
310.000000,10.338554
312.000000,10.671655
314.000000,11.012647
316.000000,11.362332
318.000000,11.720877
320.000000,12.087739
322.000000,12.464484
324.000000,12.849857
326.000000,13.244731
328.000000,13.649282
330.000000,14.062910
332.000000,14.487320
334.000000,14.921127
336.000000,15.365224
338.000000,15.819857
340.000000,16.284367
342.000000,16.760602
344.000000,17.247060
346.000000,17.744762
348.000000,18.253905
350.000000,18.773768
352.000000,19.306347
354.000000,19.850010
356.000000,20.405856
358.000000,20.974091
360.000000,21.553927
362.000000,22.147523
364.000000,22.753100
366.000000,23.371846
368.000000,24.003974
370.000000,24.648630
372.000000,25.308131
374.000000,25.980556
376.000000,26.667178
378.000000,27.368220
380.000000,28.082756
382.000000,28.813072
384.000000,29.557265
386.000000,30.316722
388.000000,31.091677
390.000000,31.881129
392.000000,32.687743
394.000000,33.509284
396.000000,34.347210
398.000000,35.201759
400.000000,36.071854
402.000000,36.960345
404.000000,37.864828
406.000000,38.786858
408.000000,39.726685
410.000000,40.683147
412.000000,41.659177
414.000000,42.652028
416.000000,43.663592
418.000000,44.694163
420.000000,45.742493
422.000000,46.811819
424.000000,47.899388
426.000000,49.006952
428.000000,50.134784
430.000000,51.281545
432.000000,52.450680
434.000000,53.639247
436.000000,54.848995
438.000000,56.079757
440.000000,57.330585
442.000000,58.605198
444.000000,59.900456
446.000000,61.218333
448.000000,62.559119
450.000000,63.921284
452.000000,65.308705
454.000000,66.718040
456.000000,68.151217
458.000000,69.607879
460.000000,71.087105
462.000000,72.593082
464.000000,74.122265
466.000000,75.676855
468.000000,77.257159
470.000000,78.861448
472.000000,80.494051
474.000000,82.150501
476.000000,83.833064
478.000000,85.542794
480.000000,87.277856
482.000000,89.042811
484.000000,90.833678
486.000000,92.652902
488.000000,94.500567
490.000000,96.373663
492.000000,98.277922
494.000000,100.209486
496.000000,102.170924
498.000000,104.162566
500.000000,106.182362
502.000000,108.234744
504.000000,110.314295
506.000000,112.425082
508.000000,114.567632
510.000000,116.739777
512.000000,118.946816
514.000000,121.183762
516.000000,123.451345
518.000000,125.752067
520.000000,128.083857
522.000000,130.452264
524.000000,132.852379
526.000000,135.285704
528.000000,137.752037
530.000000,140.250860
532.000000,142.788057
534.000000,145.358470
536.000000,147.964229
538.000000,150.603740
540.000000,153.277062
542.000000,155.990540
544.000000,158.738770
546.000000,161.523385
548.000000,164.343307
550.000000,167.198660
552.000000,170.095978
554.000000,173.029369
556.000000,175.998968
558.000000,179.006744
560.000000,182.051716
562.000000,185.140485
564.000000,188.264649
566.000000,191.426406
568.000000,194.629841
570.000000,197.872056
572.000000,201.157553
574.000000,204.478031
576.000000,207.841357
578.000000,211.248091
580.000000,214.691845
582.000000,218.178621
584.000000,221.706396
586.000000,225.278928
588.000000,228.890317
590.000000,232.541278
592.000000,236.241536
594.000000,239.982626
596.000000,243.762477
598.000000,247.589121
600.000000,251.459277
602.000000,255.372384
604.000000,259.327477
606.000000,263.330722
608.000000,267.376518
610.000000,271.462085
612.000000,275.600599
614.000000,279.780080
616.000000,284.001958
618.000000,288.274010
620.000000,292.587937
622.000000,296.948215
624.000000,301.355730
626.000000,305.808429
628.000000,310.305344
630.000000,314.850197
632.000000,319.442475
634.000000,324.077499
636.000000,328.765642
638.000000,333.493404
640.000000,338.268496
642.000000,343.097253
644.000000,347.964914
646.000000,352.886038
648.000000,357.851118
650.000000,362.860167
652.000000,367.925155
654.000000,373.028720
656.000000,378.186352
658.000000,383.387445
660.000000,388.633822
662.000000,393.935198
664.000000,399.275780
666.000000,404.672009
668.000000,410.107493
670.000000,415.594201
672.000000,421.128428
674.000000,426.709069
676.000000,432.337637
678.000000,438.012517
680.000000,443.735090
682.000000,449.503670
684.000000,455.323631
686.000000,461.181513
688.000000,467.095018
690.000000,473.044899
692.000000,479.052687
694.000000,485.097273
696.000000,491.195434
698.000000,497.332531
700.000000,503.521204
702.000000,509.749123
704.000000,516.028960
706.000000,522.345366
708.000000,528.714832
710.000000,535.119457
712.000000,541.576933
714.000000,548.073433
716.000000,554.613262
718.000000,561.200003
720.000000,567.821709
722.000000,574.496262
724.000000,581.205051
726.000000,587.959176
728.000000,594.755293
730.000000,601.585546
732.000000,608.466260
734.000000,615.379138
736.000000,622.335580
738.000000,629.331580
740.000000,636.359798
742.000000,643.435816
744.000000,650.543181
746.000000,657.688840
748.000000,664.873912
750.000000,672.088626
752.000000,679.346336
754.000000,686.637141
756.000000,693.957992
758.000000,701.316816
760.000000,708.711944
762.000000,716.131098
764.000000,723.584427
766.000000,731.072819
768.000000,738.590132
770.000000,746.132899
772.000000,753.713893
774.000000,761.319358
776.000000,768.950915
778.000000,776.611406
780.000000,784.299107
782.000000,792.012540
784.000000,799.747795
786.000000,807.509732
788.000000,815.299501
790.000000,823.109616
792.000000,830.937531
794.000000,838.786038
796.000000,846.658311
798.000000,854.553229
800.000000,862.466206
802.000000,870.393514
804.000000,878.336522
806.000000,886.299218
808.000000,894.280573
810.000000,902.274417
812.000000,910.279063
814.000000,918.297963
816.000000,926.331629
818.000000,934.375949
820.000000,942.428069
822.000000,950.495702
824.000000,958.571562
826.000000,966.650732
828.000000,974.738759
830.000000,982.837362
832.000000,990.937617
834.000000,999.039888
836.000000,1007.151284
838.000000,1015.264306
840.000000,1023.375904
842.000000,1031.494858
844.000000,1039.610575
846.000000,1047.726443
848.000000,1055.843243
850.000000,1063.953681
852.000000,1072.066979
854.000000,1080.172802
856.000000,1088.273755
858.000000,1096.372988
860.000000,1104.461114
862.000000,1112.547998
864.000000,1120.623265
866.000000,1128.691737
868.000000,1136.751787
870.000000,1144.798440
872.000000,1152.840135
874.000000,1160.863005
876.000000,1168.882281
878.000000,1176.878785
880.000000,1184.871701
882.000000,1192.839891
884.000000,1200.801014
886.000000,1208.740750
888.000000,1216.669068
890.000000,1224.576082
892.000000,1232.467718
894.000000,1240.340341
896.000000,1248.191969
898.000000,1256.028457
900.000000,1263.837980
902.000000,1271.633258
904.000000,1279.400579
906.000000,1287.149151
908.000000,1294.876685
910.000000,1302.575474
912.000000,1310.255976
914.000000,1317.908135
916.000000,1325.535028
918.000000,1333.140816
920.000000,1340.716573
922.000000,1348.265068
924.000000,1355.792059
926.000000,1363.286032
928.000000,1370.752226
930.000000,1378.195745
932.000000,1385.605674
934.000000,1392.984948
936.000000,1400.337637
938.000000,1407.662011
940.000000,1414.953236
942.000000,1422.211047
944.000000,1429.441986
946.000000,1436.643149
948.000000,1443.808209
950.000000,1450.941871
952.000000,1458.042044
954.000000,1465.112951
956.000000,1472.151635
958.000000,1479.153434
960.000000,1486.122504
962.000000,1493.055839
964.000000,1499.958110
966.000000,1506.826347
968.000000,1513.660146
970.000000,1520.461854
972.000000,1527.222491
974.000000,1533.950198
976.000000,1540.642627
978.000000,1547.299496
980.000000,1553.923331
982.000000,1560.508376
984.000000,1567.059978
986.000000,1573.575183
988.000000,1580.053823
990.000000,1586.498593
992.000000,1592.903721
994.000000,1599.274773
996.000000,1605.608839
998.000000,1611.905845
1000.000000,1618.168605
1002.000000,1624.391355
1004.000000,1630.579793
1006.000000,1636.731056
1008.000000,1642.845166
1010.000000,1648.925001
1012.000000,1654.964874
1014.000000,1660.970536
1016.000000,1666.939189
1018.000000,1672.870922
1020.000000,1678.768646
1022.000000,1684.626044
1024.000000,1690.447683
1026.000000,1696.232402
1028.000000,1701.980531
1030.000000,1707.695010
1032.000000,1713.370421
1034.000000,1719.012456
1036.000000,1724.616436
1038.000000,1730.182755
1040.000000,1735.716030
1042.000000,1741.210973
1044.000000,1746.673072
1046.000000,1752.097180
1048.000000,1757.484670
1050.000000,1762.839910
1052.000000,1768.157779
1054.000000,1773.440582
1056.000000,1778.687519
1058.000000,1783.900332
1060.000000,1789.080955
1062.000000,1794.221017
1064.000000,1799.330191
1066.000000,1804.405504
1068.000000,1809.443554
1070.000000,1814.450759
1072.000000,1819.421553
1074.000000,1824.358776
1076.000000,1829.263380
1078.000000,1834.133510
1080.000000,1838.971416
1082.000000,1843.774764
1084.000000,1848.545287
1086.000000,1853.283940
1088.000000,1857.988419
1090.000000,1862.662517
1092.000000,1867.301958
1094.000000,1871.910114
1096.000000,1876.486906
1098.000000,1881.030365
1100.000000,1885.545489
1102.000000,1890.024636
1104.000000,1894.476047
1106.000000,1898.894412
1108.000000,1903.282723
1110.000000,1907.641266
1112.000000,1911.967077
1114.000000,1916.264366
1116.000000,1920.530725
1118.000000,1924.767438
1120.000000,1928.975416
1122.000000,1933.152089
1124.000000,1937.300666
1126.000000,1941.419568
1128.000000,1945.509765
1130.000000,1949.572258
1132.000000,1953.603866
1134.000000,1957.609523
1136.000000,1961.585625
1138.000000,1965.533672
1140.000000,1969.456258
1142.000000,1973.348335
1144.000000,1977.214311
1146.000000,1981.053262
1148.000000,1984.864939
1150.000000,1988.651371
1152.000000,1992.408825
1154.000000,1996.141758
1156.000000,1999.848086
1158.000000,2003.527898
1160.000000,2007.183556
1162.000000,2010.811612
1164.000000,2014.415881
1166.000000,2017.994443
1168.000000,2021.547653
1170.000000,2025.077813
1172.000000,2028.581091
1174.000000,2032.061385
1176.000000,2035.517236
1178.000000,2038.949042
1180.000000,2042.358234
1182.000000,2045.741519
1184.000000,2049.103283
1186.000000,2052.441399
1188.000000,2055.755681
1190.000000,2059.049089
1192.000000,2062.317698
1194.000000,2065.564858
1196.000000,2068.789947
1198.000000,2071.992310
1200.000000,2075.174218
1202.000000,2078.332697
1204.000000,2081.470466
1206.000000,2084.587166
1208.000000,2087.681866
1210.000000,2090.757381
1212.000000,2093.809757
1214.000000,2096.843101
1216.000000,2099.855506
1218.000000,2102.847499
1220.000000,2105.820512
1222.000000,2108.771940
1224.000000,2111.704700
1226.000000,2114.617790
1228.000000,2117.511003
1230.000000,2120.386590
1232.000000,2123.240775
1234.000000,2126.077827
1236.000000,2128.895414
1238.000000,2131.694525
1240.000000,2134.476304
1242.000000,2137.237995
1244.000000,2139.983167
1246.000000,2142.709750
1248.000000,2145.418542
1250.000000,2148.111157
1252.000000,2150.784122
1254.000000,2153.441274
1256.000000,2156.081258
1258.000000,2158.703619
1260.000000,2161.310437
1262.000000,2163.899348
1264.000000,2166.472438
1266.000000,2169.028954
1268.000000,2171.569264
1270.000000,2174.094715
1272.000000,2176.602343
1274.000000,2179.095342
1276.000000,2181.572656
1278.000000,2184.034419
1280.000000,2186.481690
1282.000000,2188.912241
1284.000000,2191.328813
1286.000000,2193.730359
1288.000000,2196.117009
1290.000000,2198.490024
1292.000000,2200.847019
1294.000000,2203.190562
1296.000000,2205.519738
1298.000000,2207.834678
1300.000000,2210.136585
1302.000000,2212.423434
1304.000000,2214.697497
1306.000000,2216.957824
1308.000000,2219.204545
1310.000000,2221.438812
1312.000000,2223.658633
1314.000000,2225.866228
1316.000000,2228.060736
1318.000000,2230.242287
1320.000000,2232.411976
1322.000000,2234.567963
1324.000000,2236.712321
1326.000000,2238.844194
1328.000000,2240.963712
1330.000000,2243.071929
1332.000000,2245.167088
1334.000000,2247.251104
1336.000000,2249.323197
1338.000000,2251.383511
1340.000000,2253.433053
1342.000000,2255.470160
1344.000000,2257.496720
1346.000000,2259.511959
1348.000000,2261.515997
1350.000000,2263.509789
1352.000000,2265.491758
1354.000000,2267.463582
1356.000000,2269.424547
1358.000000,2271.374864
1360.000000,2273.315441
1362.000000,2275.244777
1364.000000,2277.164573
1366.000000,2279.073982
1368.000000,2280.973181
1370.000000,2282.863128
1372.000000,2284.742398
1374.000000,2286.612582
1376.000000,2288.472808
1378.000000,2290.323410
1380.000000,2292.165226
1382.000000,2293.996830
1384.000000,2295.819626
1386.000000,2297.633166
1388.000000,2299.437581
1390.000000,2301.233451
1392.000000,2303.019576
1394.000000,2304.797545
1396.000000,2306.566608
1398.000000,2308.326840
1400.000000,2310.079159
1402.000000,2311.822175
1404.000000,2313.557287
1406.000000,2315.284101
1408.000000,2317.002441
1410.000000,2318.713200
1412.000000,2320.415218
1414.000000,2322.109663
1416.000000,2323.796213
1418.000000,2325.474725
1420.000000,2327.146023
1422.000000,2328.808984
1424.000000,2330.464766
1426.000000,2332.113022
1428.000000,2333.753641
1430.000000,2335.387501
1432.000000,2337.013240
1434.000000,2338.632353
1436.000000,2340.244138
1438.000000,2341.848833
1440.000000,2343.446899
1442.000000,2345.037493
1444.000000,2346.621583
1446.000000,2348.198889
1448.000000,2349.769285
1450.000000,2351.333563
1452.000000,2352.890549
1454.000000,2354.441519
1456.000000,2355.985902
1458.000000,2357.523827
1460.000000,2359.055872
1462.000000,2360.581027
1464.000000,2362.100490
1466.000000,2363.613649
1468.000000,2365.120724
1470.000000,2366.622204
1472.000000,2368.117140
1474.000000,2369.606649
1476.000000,2371.090222
1478.000000,2372.567955
1480.000000,2374.040413
1482.000000,2375.506675
1484.000000,2376.967724
1486.000000,2378.423217
1488.000000,2379.873162
1490.000000,2381.318027
1492.000000,2382.757099
1494.000000,2384.191196
1496.000000,2385.619975
1498.000000,2387.043531
1500.000000,2388.462309
1502.000000,2389.875488
1504.000000,2391.284000
1506.000000,2392.687502
1508.000000,2394.086031
1510.000000,2395.480003
1512.000000,2396.868740
1514.000000,2398.253036
1516.000000,2399.632551
1518.000000,2401.007334
1520.000000,2402.377805
1522.000000,2403.743345
1524.000000,2405.104677
1526.000000,2406.461476
1528.000000,2407.813795
1530.000000,2409.162037
1532.000000,2410.505603
1534.000000,2411.845172
1536.000000,2413.180442
1538.000000,2414.511478
1540.000000,2415.838658
1542.000000,2417.161394
1544.000000,2418.480349
1546.000000,2419.795260
1548.000000,2421.106190
1550.000000,2422.413481
1552.000000,2423.716510
1554.000000,2425.015982
1556.000000,2426.311637
1558.000000,2427.603502
1560.000000,2428.891897
1562.000000,2430.176336
1564.000000,2431.457391
1566.000000,2432.734819
1568.000000,2434.008693
1570.000000,2435.279329
1572.000000,2436.546157
1574.000000,2437.809822
1576.000000,2439.070087
1578.000000,2440.326954
1580.000000,2441.580743
1582.000000,2442.830994
1584.000000,2444.078220
1586.000000,2445.322240
1588.000000,2446.563083
1590.000000,2447.801011
1592.000000,2449.035619
1594.000000,2450.267382
1596.000000,2451.496113
1598.000000,2452.721858
1600.000000,2453.944849
1602.000000,2455.164704
1604.000000,2456.381874
1606.000000,2457.596186
1608.000000,2458.807690
1610.000000,2460.016605
1612.000000,2461.222581
1614.000000,2462.426038
1616.000000,2463.626818
1618.000000,2464.824957
1620.000000,2466.020667
1622.000000,2467.213614
1624.000000,2468.404188
1626.000000,2469.592252
1628.000000,2470.777817
1630.000000,2471.961119
1632.000000,2473.141814
1634.000000,2474.320297
1636.000000,2475.496436
1638.000000,2476.670230
1640.000000,2477.841927
1642.000000,2479.011159
1644.000000,2480.178352
1646.000000,2481.343314
1648.000000,2482.506118
1650.000000,2483.666915
1652.000000,2484.825445
1654.000000,2485.982029
1656.000000,2487.136569
1658.000000,2488.289062
1660.000000,2489.439725
1662.000000,2490.588246
1664.000000,2491.734993
1666.000000,2492.879802
1668.000000,2494.022742
1670.000000,2495.163945
1672.000000,2496.303187
1674.000000,2497.440746
1676.000000,2498.576534
1678.000000,2499.710549
1680.000000,2500.842989
1682.000000,2501.973575
1684.000000,2503.102635
1686.000000,2504.230036
1688.000000,2505.355831
1690.000000,2506.480142
1692.000000,2507.602775
1694.000000,2508.723978
1696.000000,2509.843661
1698.000000,2510.961855
1700.000000,2512.078681
1702.000000,2513.193960
1704.000000,2514.307918
1706.000000,2515.420494
1708.000000,2516.531686
1710.000000,2517.641650
1712.000000,2518.750182
1714.000000,2519.857526
1716.000000,2520.963595
1718.000000,2522.068418
1720.000000,2523.172113
1722.000000,2524.274505
1724.000000,2525.375821
1726.000000,2526.475967
1728.000000,2527.574989
1730.000000,2528.672978
1732.000000,2529.769804
1734.000000,2530.865647
1736.000000,2531.960450
1738.000000,2533.054242
1740.000000,2534.147108
1742.000000,2535.238937
1744.000000,2536.329883
1746.000000,2537.419909
1748.000000,2538.509025
1750.000000,2539.597326
1752.000000,2540.684699
1754.000000,2541.771293
1756.000000,2542.857074
1758.000000,2543.942052
1760.000000,2545.026321
1762.000000,2546.109775
1764.000000,2547.192558
1766.000000,2548.274631
1768.000000,2549.356015
1770.000000,2550.436787
1772.000000,2551.516856
1774.000000,2552.596354
1776.000000,2553.675244
1778.000000,2554.753552
1780.000000,2555.831339
1782.000000,2556.908540
1784.000000,2557.985263
1786.000000,2559.061481
1788.000000,2560.137223
1790.000000,2561.212537
1792.000000,2562.287381
1794.000000,2563.361837
1796.000000,2564.435896
1798.000000,2565.509578
1800.000000,2566.582927
1802.000000,2567.655913
1804.000000,2568.728607
1806.000000,2569.801003
1808.000000,2570.873122
1810.000000,2571.945001
1812.000000,2573.016626
1814.000000,2574.088050
1816.000000,2575.159277
1818.000000,2576.230325
1820.000000,2577.301227
1822.000000,2578.371980
1824.000000,2579.442625
1826.000000,2580.513174
1828.000000,2581.583641
1830.000000,2582.654058
1832.000000,2583.724429
1834.000000,2584.794788
1836.000000,2585.865143
1838.000000,2586.935520
1840.000000,2588.005933
1842.000000,2589.076407
1844.000000,2590.146955
1846.000000,2591.217598
1848.000000,2592.288360
1850.000000,2593.359245
1852.000000,2594.430300
1854.000000,2595.501515
1856.000000,2596.572931
1858.000000,2597.644557
1860.000000,2598.716406
1862.000000,2599.788524
1864.000000,2600.860898
1866.000000,2601.933560
1868.000000,2603.006537
1870.000000,2604.079815
1872.000000,2605.153472
1874.000000,2606.227467
1876.000000,2607.301854
1878.000000,2608.376647
1880.000000,2609.451838
1882.000000,2610.527511
1884.000000,2611.603617
1886.000000,2612.680215
1888.000000,2613.757318
1890.000000,2614.834912
1892.000000,2615.913086
1894.000000,2616.991789
1896.000000,2618.071070
1898.000000,2619.150959
1900.000000,2620.231422
1902.000000,2621.312573
1904.000000,2622.394345
1906.000000,2623.476789
1908.000000,2624.559953
1910.000000,2625.643772
1912.000000,2626.728406
1914.000000,2627.813743
1916.000000,2628.899858
1918.000000,2629.986789
1920.000000,2631.074464
1922.000000,2632.163056
1924.000000,2633.252441
1926.000000,2634.342696
1928.000000,2635.433870
1930.000000,2636.525880
1932.000000,2637.618911
1934.000000,2638.712837
1936.000000,2639.807737
1938.000000,2640.903653
1940.000000,2642.000516
1942.000000,2643.098498
1944.000000,2644.197471
1946.000000,2645.297525
1948.000000,2646.398682
1950.000000,2647.500881
1952.000000,2648.604305
1954.000000,2649.708806
1956.000000,2650.814503
1958.000000,2651.921405
1960.000000,2653.029432
1962.000000,2654.138826
1964.000000,2655.249399
1966.000000,2656.361259
1968.000000,2657.474438
1970.000000,2658.588854
1972.000000,2659.704719
1974.000000,2660.821849
1976.000000,2661.940391
1978.000000,2663.060352
1980.000000,2664.181636
1982.000000,2665.304490
1984.000000,2666.428718
1986.000000,2667.554452
1988.000000,2668.681715
1990.000000,2669.810408
1992.000000,2670.940806
1994.000000,2672.072678
1996.000000,2673.206159
1998.000000,2674.341267
2000.000000,2675.477906
2002.000000,2676.616365
2004.000000,2677.756392
2006.000000,2678.898137
2008.000000,2680.041625
2010.000000,2681.186751
2012.000000,2682.333814
2014.000000,2683.482551
2016.000000,2684.633128
2018.000000,2685.785576
2020.000000,2686.939770
2022.000000,2688.095996
2024.000000,2689.254008
2026.000000,2690.413978
2028.000000,2691.575913
2030.000000,2692.739675
2032.000000,2693.905638
2034.000000,2695.073490
2036.000000,2696.243392
2038.000000,2697.415396
2040.000000,2698.589372
2042.000000,2699.765628
2044.000000,2700.943898
2046.000000,2702.124352
2048.000000,2703.306998
2050.000000,2704.491726
2052.000000,2705.678866
2054.000000,2706.868108
2056.000000,2708.059672
2058.000000,2709.253533
2060.000000,2710.449602
2062.000000,2711.648219
2064.000000,2712.849053
2066.000000,2714.052339
2068.000000,2715.258045
2070.000000,2716.466072
2072.000000,2717.676754
2074.000000,2718.889791
2076.000000,2720.105365
2078.000000,2721.323510
2080.000000,2722.544068
2082.000000,2723.767430
2084.000000,2724.993268
2086.000000,2726.221761
2088.000000,2727.452984
2090.000000,2728.686712
2092.000000,2729.923408
2094.000000,2731.162670
2096.000000,2732.404726
2098.000000,2733.649625
2100.000000,2734.897119
2102.000000,2736.147768
2104.000000,2737.401042
2106.000000,2738.657304
2108.000000,2739.916483
2110.000000,2741.178440
2112.000000,2742.443654
2114.000000,2743.711624
2116.000000,2744.982724
2118.000000,2746.256868
2120.000000,2747.533876
2122.000000,2748.814317
2124.000000,2750.097626
2126.000000,2751.384148
2128.000000,2752.673924
2130.000000,2753.966650
2132.000000,2755.262917
2134.000000,2756.562285
2136.000000,2757.864934
2138.000000,2759.170921
2140.000000,2760.480098
2142.000000,2761.792914
2144.000000,2763.108865
2146.000000,2764.428301
2148.000000,2765.751271
2150.000000,2767.077459
2152.000000,2768.407434
2154.000000,2769.740710
2156.000000,2771.077664
2158.000000,2772.418222
2160.000000,2773.762128
2162.000000,2775.109975
2164.000000,2776.461246
2166.000000,2777.816325
2168.000000,2779.175150
2170.000000,2780.537460
2172.000000,2781.903869
2174.000000,2783.273823
2176.000000,2784.647645
2178.000000,2786.025389
2180.000000,2787.406806
2182.000000,2788.792477
2184.000000,2790.181819
2186.000000,2791.575168
2188.000000,2792.972554
2190.000000,2794.373691
2192.000000,2795.779239
2194.000000,2797.188597
2196.000000,2798.602108
2198.000000,2800.019804
2200.000000,2801.441385
2202.000000,2802.867529
2204.000000,2804.297612
2206.000000,2805.731987
2208.000000,2807.170684
2210.000000,2808.613395
2212.000000,2810.060819
2214.000000,2811.512310
2216.000000,2812.968231
2218.000000,2814.428612
2220.000000,2815.893129
2222.000000,2817.362499
2224.000000,2818.836053
2226.000000,2820.314162
2228.000000,2821.796859
2230.000000,2823.283883
2232.000000,2824.775935
2234.000000,2826.272292
2236.000000,2827.773335
2238.000000,2829.279087
2240.000000,2830.789202
2242.000000,2832.304471
2244.000000,2833.824280
2246.000000,2835.348915
2248.000000,2836.878377
2250.000000,2838.412307
2252.000000,2839.951537
2254.000000,2841.495449
2256.000000,2843.044293
2258.000000,2844.598064
2260.000000,2846.156432
2262.000000,2847.720423
2264.000000,2849.289018
2266.000000,2850.862613
2268.000000,2852.441435
2270.000000,2854.025061
2272.000000,2855.614125
2274.000000,2857.208035
2276.000000,2858.807278
2278.000000,2860.411617
2280.000000,2862.020912
2282.000000,2863.635963
2284.000000,2865.255791
2286.000000,2866.881126
2288.000000,2868.511756
2290.000000,2870.147326
2292.000000,2871.788884
2294.000000,2873.435285
2296.000000,2875.087353
2298.000000,2876.744740
2300.000000,2878.407363
2302.000000,2880.075844
2304.000000,2881.749507
2306.000000,2883.428752
2308.000000,2885.113561
2310.000000,2886.803629
2312.000000,2888.499703
2314.000000,2890.201059
2316.000000,2891.908103
2318.000000,2893.620803
2320.000000,2895.338913
2322.000000,2897.063037
2324.000000,2898.792668
2326.000000,2900.527928
2328.000000,2902.269091
2330.000000,2904.015644
2332.000000,2905.768380
2334.000000,2907.526705
2336.000000,2909.290774
2338.000000,2911.060772
2340.000000,2912.836336
2342.000000,2914.618124
2344.000000,2916.405506
2346.000000,2918.198869
2348.000000,2919.998068
2350.000000,2921.802938
2352.000000,2923.614354
2354.000000,2925.431227
2356.000000,2927.254114
2358.000000,2929.083148
2360.000000,2930.917845
2362.000000,2932.758892
2364.000000,2934.605602
2366.000000,2936.458512
2368.000000,2938.317597
2370.000000,2940.182331
2372.000000,2942.053533
2374.000000,2943.930395
2376.000000,2945.813474
2378.000000,2947.702839
2380.000000,2949.597953
2382.000000,2951.499505
2384.000000,2953.406845
2386.000000,2955.320477
2388.000000,2957.240258
2390.000000,2959.165630
2392.000000,2961.097911
2394.000000,2963.036016
2396.000000,2964.980157
2398.000000,2966.930585
2400.000000,2968.886920
2402.000000,2970.849722
2404.000000,2972.818447
2406.000000,2974.793422
2408.000000,2976.774524
2410.000000,2978.761627
2412.000000,2980.755181
2414.000000,2982.754697
2416.000000,2984.760464
2418.000000,2986.772319
2420.000000,2988.790208
2422.000000,2990.814479
2424.000000,2992.844819
2426.000000,2994.881119
2428.000000,2996.923880
2430.000000,2998.972137
2432.000000,3001.027349
2434.000000,3003.087990
2436.000000,3005.155199
2438.000000,3007.228171
2440.000000,3009.307372
2442.000000,3011.392700
2444.000000,3013.484170
2446.000000,3015.581268
2448.000000,3017.685046
2450.000000,3019.794219
2452.000000,3021.909840
2454.000000,3024.031488
2456.000000,3026.158578
2458.000000,3028.292408
2460.000000,3030.431537
2462.000000,3032.576886
2464.000000,3034.728304
2466.000000,3036.885350
2468.000000,3039.048207
2470.000000,3041.217183
2472.000000,3043.392099
2474.000000,3045.572210
2476.000000,3047.758902
2478.000000,3049.951174
2480.000000,3052.148486
2482.000000,3054.352278
2484.000000,3056.561738
2486.000000,3058.776625
2488.000000,3060.996940
2490.000000,3063.222782
2492.000000,3065.455069
2494.000000,3067.692328
2496.000000,3069.934964
2498.000000,3072.182968
2500.000000,3074.436531
2502.000000,3076.696186
2504.000000,3078.960733
2506.000000,3081.230561
2508.000000,3083.505643
2510.000000,3085.785560
2512.000000,3088.071312
2514.000000,3090.362313
2516.000000,3092.658492
2518.000000,3094.959780
2520.000000,3097.265754
2522.000000,3099.577163
2524.000000,3101.893200
2526.000000,3104.214221
2528.000000,3106.540189
2530.000000,3108.870687
2532.000000,3111.206422
2534.000000,3113.546601
2536.000000,3115.891560
2538.000000,3118.241253
2540.000000,3120.595279
2542.000000,3122.954303
2544.000000,3125.317558
2546.000000,3127.685346
2548.000000,3130.057601
2550.000000,3132.433929
2552.000000,3134.814937
2554.000000,3137.199883
2556.000000,3139.589029
2558.000000,3141.982289
2560.000000,3144.379286
2562.000000,3146.780560
2564.000000,3149.185428
2566.000000,3151.594105
2568.000000,3154.006499
2570.000000,3156.422401
2572.000000,3158.843012
2574.000000,3161.266876
2576.000000,3163.694169
2578.000000,3166.124776
2580.000000,3168.558345
2582.000000,3170.995237
2584.000000,3173.435789
2586.000000,3175.879930
2588.000000,3178.326904
2590.000000,3180.776381
2592.000000,3183.228623
2594.000000,3185.684285
2596.000000,3188.143187
2598.000000,3190.604358
2600.000000,3193.067499
2602.000000,3195.533665
2604.000000,3198.003101
2606.000000,3200.474337
2608.000000,3202.947206
2610.000000,3205.423204
2612.000000,3207.901721
2614.000000,3210.381364
2616.000000,3212.863073
2618.000000,3215.347740
2620.000000,3217.833303
2622.000000,3220.320419
2624.000000,3222.810341
2626.000000,3225.300909
2628.000000,3227.792681
2630.000000,3230.287293
2632.000000,3232.781754
2634.000000,3235.278198
2636.000000,3237.776085
2638.000000,3240.273901
2640.000000,3242.774080
2642.000000,3245.273961
2644.000000,3247.775134
2646.000000,3250.277388
2648.000000,3252.779115
2650.000000,3255.283005
2652.000000,3257.785531
2654.000000,3260.290049
2656.000000,3262.793346
2658.000000,3265.298040
2660.000000,3267.802054
2662.000000,3270.306319
2664.000000,3272.810327
2666.000000,3275.314206
2668.000000,3277.817608
2670.000000,3280.321001
2672.000000,3282.823235
2674.000000,3285.325614
2676.000000,3287.826403
2678.000000,3290.327550
2680.000000,3292.826330
2682.000000,3295.326006
2684.000000,3297.822614
2686.000000,3300.320124
2688.000000,3302.814493
2690.000000,3305.309004
2692.000000,3307.801320
2694.000000,3310.291806
2696.000000,3312.781659
2698.000000,3315.268167
2700.000000,3317.754518
2702.000000,3320.238109
2704.000000,3322.719173
2706.000000,3325.199509
2708.000000,3327.676343
2710.000000,3330.151057
2712.000000,3332.624529
2714.000000,3335.094181
2716.000000,3337.561380
2718.000000,3340.027253
2720.000000,3342.489254
2722.000000,3344.948110
2724.000000,3347.405189
2726.000000,3349.858405
2728.000000,3352.308281
2730.000000,3354.755794
2732.000000,3357.199137
2734.000000,3359.638452
2736.000000,3362.075308
2738.000000,3364.509322
2740.000000,3366.939257
2742.000000,3369.364472
2744.000000,3371.786505
2746.000000,3374.204615
2748.000000,3376.618125
2750.000000,3379.027467
2752.000000,3381.433316
2754.000000,3383.835411
2756.000000,3386.232472
2758.000000,3388.624192
2760.000000,3391.011650
2762.000000,3393.395789
2764.000000,3395.775538
2766.000000,3398.149606
2768.000000,3400.518092
2770.000000,3402.882209
2772.000000,3405.242055
2774.000000,3407.596825
2776.000000,3409.945800
2778.000000,3412.289518
2780.000000,3414.628761
2782.000000,3416.961560
2784.000000,3419.288547
2786.000000,3421.610423
2788.000000,3423.928447
2790.000000,3426.240277
2792.000000,3428.544896
2794.000000,3430.844873
2796.000000,3433.138954
2798.000000,3435.425471
2800.000000,3437.707870
2802.000000,3439.984503
2804.000000,3442.253920
2806.000000,3444.516474
2808.000000,3446.775478
2810.000000,3449.026988
2812.000000,3451.270939
2814.000000,3453.510422
2816.000000,3455.742261
2818.000000,3457.967458
2820.000000,3460.187830
2822.000000,3462.398940
2824.000000,3464.605158
2826.000000,3466.804928
2828.000000,3468.996152
2830.000000,3471.183158
2832.000000,3473.361426
2834.000000,3475.532964
2836.000000,3477.699227
2838.000000,3479.855692
2840.000000,3482.008370
2842.000000,3484.152243
2844.000000,3486.288674
2846.000000,3488.419891
2848.000000,3490.541149
2850.000000,3492.658539
2852.000000,3494.765942
2854.000000,3496.867465
2856.000000,3498.962152
2858.000000,3501.047866
2860.000000,3503.129057
2862.000000,3505.199470
2864.000000,3507.265399
2866.000000,3509.322001
2868.000000,3511.372335
2870.000000,3513.415172
2872.000000,3515.449796
2874.000000,3517.478102
2876.000000,3519.497704
2878.000000,3521.511241
2880.000000,3523.515973
2882.000000,3525.514504
2884.000000,3527.504059
2886.000000,3529.487822
2888.000000,3531.461736
2890.000000,3533.431165
2892.000000,3535.388894
2894.000000,3537.343378
2896.000000,3539.286982
2898.000000,3541.225581
2900.000000,3543.155253
2902.000000,3545.077736
2904.000000,3546.992555
2906.000000,3548.899835
2908.000000,3550.799959
2910.000000,3552.691683
2912.000000,3554.577409
2914.000000,3556.452291
2916.000000,3558.324866
2918.000000,3560.185264
2920.000000,3562.042297
2922.000000,3563.887157
2924.000000,3565.728629
2926.000000,3567.560900
2928.000000,3569.384897
2930.000000,3571.204791
2932.000000,3573.012796
2934.000000,3574.817796
2936.000000,3576.611363
2938.000000,3578.400929
2940.000000,3580.182705
2942.000000,3581.954717
2944.000000,3583.723396
2946.000000,3585.479900
2948.000000,3587.234423
2950.000000,3588.979746
2952.000000,3590.716075
2954.000000,3592.449208
2956.000000,3594.170344
2958.000000,3595.889248
2960.000000,3597.599832
2962.000000,3599.300820
2964.000000,3600.999225
2966.000000,3602.686731
2968.000000,3604.369463
2970.000000,3606.047071
2972.000000,3607.713103
2974.000000,3609.377636
2976.000000,3611.033303
2978.000000,3612.680207
2980.000000,3614.325778
2982.000000,3615.961378
2984.000000,3617.591100
2986.000000,3619.214317
2988.000000,3620.831086
2990.000000,3622.441943
2992.000000,3624.045967
2994.000000,3625.644188
2996.000000,3627.236175
2998.000000,3628.821977
3000.000000,3630.402114
3002.000000,3631.975713
3004.000000,3633.543771
3006.000000,3635.105863
3008.000000,3636.662051
3010.000000,3638.212855
3012.000000,3639.757420
3014.000000,3641.296701
3016.000000,3642.830321
3018.000000,3644.358325
3020.000000,3645.881216
3022.000000,3647.398186
3024.000000,3648.910156
3026.000000,3650.416747
3028.000000,3651.918041
3030.000000,3653.414479
3032.000000,3654.905334
3034.000000,3656.391460
3036.000000,3657.872510
3038.000000,3659.348561
3040.000000,3660.820043
3042.000000,3662.286257
3044.000000,3663.748022
3046.000000,3665.205018
3048.000000,3666.657303
3050.000000,3668.105296
3052.000000,3669.548359
3054.000000,3670.987245
3056.000000,3672.421660
3058.000000,3673.851665
3060.000000,3675.277659
3062.000000,3676.699043
3064.000000,3678.116524
3066.000000,3679.529834
3068.000000,3680.939038
3070.000000,3682.344508
3072.000000,3683.745675
3074.000000,3685.143221
3076.000000,3686.536894
3078.000000,3687.926753
3080.000000,3689.313151
3082.000000,3690.695563
3084.000000,3692.074627
3086.000000,3693.450110
3088.000000,3694.822074
3090.000000,3696.190847
3092.000000,3697.555947
3094.000000,3698.917971
3096.000000,3700.276701
3098.000000,3701.632212
3100.000000,3702.984790
3102.000000,3704.334021
3104.000000,3705.680439
3106.000000,3707.023855
3108.000000,3708.364345
3110.000000,3709.702164
3112.000000,3711.036958
3114.000000,3712.369200
3116.000000,3713.698733
3118.000000,3715.025630
3120.000000,3716.350127
3122.000000,3717.671903
3124.000000,3718.991404
3126.000000,3720.308481
3128.000000,3721.623206
3130.000000,3722.935814
3132.000000,3724.246000
3134.000000,3725.554172
3136.000000,3726.860230
3138.000000,3728.164213
3140.000000,3729.466336
3142.000000,3730.766361
3144.000000,3732.064643
3146.000000,3733.361082
3148.000000,3734.655738
3150.000000,3735.948809
3152.000000,3737.240089
3154.000000,3738.529887
3156.000000,3739.818127
3158.000000,3741.104873
3160.000000,3742.390301
3162.000000,3743.674243
3164.000000,3744.956963
3166.000000,3746.238412
3168.000000,3747.518654
3170.000000,3748.797836
3172.000000,3750.075840
3174.000000,3751.352883
3176.000000,3752.628937
3178.000000,3753.904063
3180.000000,3755.178381
3182.000000,3756.451826
3184.000000,3757.724571
3186.000000,3758.996607
3188.000000,3760.267991
3190.000000,3761.538820
3192.000000,3762.809065
3194.000000,3764.078862
3196.000000,3765.348230
3198.000000,3766.617219
3200.000000,3767.885900
3202.000000,3769.154286
3204.000000,3770.422467
3206.000000,3771.690475
3208.000000,3772.958368
3210.000000,3774.226201
3212.000000,3775.494017
3214.000000,3776.761866
3216.000000,3778.029796
3218.000000,3779.297860
3220.000000,3780.566088
3222.000000,3781.834566
3224.000000,3783.103308
3226.000000,3784.372377
3228.000000,3785.641822
3230.000000,3786.911652
3232.000000,3788.181984
3234.000000,3789.452790
3236.000000,3790.724151
3238.000000,3791.996124
3240.000000,3793.268692
3242.000000,3794.542002
3244.000000,3795.815988
3246.000000,3797.090745
3248.000000,3798.366318
3250.000000,3799.642683
3252.000000,3800.920018
3254.000000,3802.198216
3256.000000,3803.477385
3258.000000,3804.757564
3260.000000,3806.038708
3262.000000,3807.321030
3264.000000,3808.604388
3266.000000,3809.888897
3268.000000,3811.174593
3270.000000,3812.461415
3272.000000,3813.749600
3274.000000,3815.038973
3276.000000,3816.329661
3278.000000,3817.621695
3280.000000,3818.915005
3282.000000,3820.209836
3284.000000,3821.505990
3286.000000,3822.803601
3288.000000,3824.102704
3290.000000,3825.403211
3292.000000,3826.705370
3294.000000,3828.008968
3296.000000,3829.314159
3298.000000,3830.620958
3300.000000,3831.929256
3302.000000,3833.239331
3304.000000,3834.550956
3306.000000,3835.864262
3308.000000,3837.179272
3310.000000,3838.495881
3312.000000,3839.814359
3314.000000,3841.134453
3316.000000,3842.456328
3318.000000,3843.779981
3320.000000,3845.105289
3322.000000,3846.432556
3324.000000,3847.761496
3326.000000,3849.092271
3328.000000,3850.424889
3330.000000,3851.759208
3332.000000,3853.095541
3334.000000,3854.433590
3336.000000,3855.773514
3338.000000,3857.115320
3340.000000,3858.458860
3342.000000,3859.804446
3344.000000,3861.151772
3346.000000,3862.501002
3348.000000,3863.852125
3350.000000,3865.205010
3352.000000,3866.559940
3354.000000,3867.916631
3356.000000,3869.275224
3358.000000,3870.635720
3360.000000,3871.997973
3362.000000,3873.362271
3364.000000,3874.728320
3366.000000,3876.096267
3368.000000,3877.466101
3370.000000,3878.837682
3372.000000,3880.211285
3374.000000,3881.586626
3376.000000,3882.963833
3378.000000,3884.342911
3380.000000,3885.723702
3382.000000,3887.106488
3384.000000,3888.490979
3386.000000,3889.877301
3388.000000,3891.265461
3390.000000,3892.655293
3392.000000,3894.047078
3394.000000,3895.440530
3396.000000,3896.835769
3398.000000,3898.232792
3400.000000,3899.631453
3402.000000,3901.032007
3404.000000,3902.434180
3406.000000,3903.838092
3408.000000,3905.243732
3410.000000,3906.650962
3412.000000,3908.060026
3414.000000,3909.470652
3416.000000,3910.882967
3418.000000,3912.296950
3420.000000,3913.712463
3422.000000,3915.129751
3424.000000,3916.548550
3426.000000,3917.968969
3428.000000,3919.390997
3430.000000,3920.814502
3432.000000,3922.239716
3434.000000,3923.666382
3436.000000,3925.094608
3438.000000,3926.524383
3440.000000,3927.955581
3442.000000,3929.388417
3444.000000,3930.822649
3446.000000,3932.258387
3448.000000,3933.695616
3450.000000,3935.134211
3452.000000,3936.574384
3454.000000,3938.015900
3456.000000,3939.458864
3458.000000,3940.903266
3460.000000,3942.348982
3462.000000,3943.796219
3464.000000,3945.244753
3466.000000,3946.694683
3468.000000,3948.145999
3470.000000,3949.598584
3472.000000,3951.052643
3474.000000,3952.507958
3476.000000,3953.964622
3478.000000,3955.422626
3480.000000,3956.881866
3482.000000,3958.342536
3484.000000,3959.804423
3486.000000,3961.267624
3488.000000,3962.732140
3490.000000,3964.197855
3492.000000,3965.664967
3494.000000,3967.133272
3496.000000,3968.602865
3498.000000,3970.073739
3500.000000,3971.545798
3502.000000,3973.019230
3504.000000,3974.493833
3506.000000,3975.969715
3508.000000,3977.446861
3510.000000,3978.925174
3512.000000,3980.404858
3514.000000,3981.885702
3516.000000,3983.367811
3518.000000,3984.851190
3520.000000,3986.335728
3522.000000,3987.821634
3524.000000,3989.308710
3526.000000,3990.797047
3528.000000,3992.286664
3530.000000,3993.777448
3532.000000,3995.269608
3534.000000,3996.762950
3536.000000,3998.257569
3538.000000,3999.753483
3540.000000,4001.250578
3542.000000,4002.749079
3544.000000,4004.248774
3546.000000,4005.749780
3548.000000,4007.252097
3550.000000,4008.755629
3552.000000,4010.260593
3554.000000,4011.766784
3556.000000,4013.274319
3558.000000,4014.783197
3560.000000,4016.293334
3562.000000,4017.804933
3564.000000,4019.317807
3566.000000,4020.832054
3568.000000,4022.347703
3570.000000,4023.864634
3572.000000,4025.383097
3574.000000,4026.902863
3576.000000,4028.424067
3578.000000,4029.946707
3580.000000,4031.470694
3582.000000,4032.996250
3584.000000,4034.523175
3586.000000,4036.051581
3588.000000,4037.581486
3590.000000,4039.112787
3592.000000,4040.645721
3594.000000,4042.180075
3596.000000,4043.715968
3598.000000,4045.253428
3600.000000,4046.792331
3602.000000,4048.332938
3604.000000,4049.875022
3606.000000,4051.418705
3608.000000,4052.964017
3610.000000,4054.510832
3612.000000,4056.059416
3614.000000,4057.609536
3616.000000,4059.161321
3618.000000,4060.714791
3620.000000,4062.269830
3622.000000,4063.826700
3624.000000,4065.385162
3626.000000,4066.945360
3628.000000,4068.507296
3630.000000,4070.070856
3632.000000,4071.636324
3634.000000,4073.203433
3636.000000,4074.772331
3638.000000,4076.343041
3640.000000,4077.915424
3642.000000,4079.489770
3644.000000,4081.065817
3646.000000,4082.643716
3648.000000,4084.223470
3650.000000,4085.804948
3652.000000,4087.388452
3654.000000,4088.973706
3656.000000,4090.560856
3658.000000,4092.149912
3660.000000,4093.740737
3662.000000,4095.333644
3664.000000,4096.928336
3666.000000,4098.524970
3668.000000,4100.123553
3670.000000,4101.723944
3672.000000,4103.326453
3674.000000,4104.930788
3676.000000,4106.537102
3678.000000,4108.145401
3680.000000,4109.755537
3682.000000,4111.367822
3684.000000,4112.981956
3686.000000,4114.598097
3688.000000,4116.216252
3690.000000,4117.836269
3692.000000,4119.458459
3694.000000,4121.082517
3696.000000,4122.708599
3698.000000,4124.336709
3700.000000,4125.966692
3702.000000,4127.598861
3704.000000,4129.232906
3706.000000,4130.868985
3708.000000,4132.507098
3710.000000,4134.147086
3712.000000,4135.789264
3714.000000,4137.433316
3716.000000,4139.079400
3718.000000,4140.727512
3720.000000,4142.377494
3722.000000,4144.029657
3724.000000,4145.683685
3726.000000,4147.339731
3728.000000,4148.997792
3730.000000,4150.657708
3732.000000,4152.319784
3734.000000,4153.983708
3736.000000,4155.649627
3738.000000,4157.317535
3740.000000,4158.987275
3742.000000,4160.659149
3744.000000,4162.332842
3746.000000,4164.008497
3748.000000,4165.686109
3750.000000,4167.365520
3752.000000,4169.047017
3754.000000,4170.730297
3756.000000,4172.415505
3758.000000,4174.102629
3760.000000,4175.791512
3762.000000,4177.482434
3764.000000,4179.175098
3766.000000,4180.869637
3768.000000,4182.566048
3770.000000,4184.264172
3772.000000,4185.964281
3774.000000,4187.666079
3776.000000,4189.369704
3778.000000,4191.075144
3780.000000,4192.782243
3782.000000,4194.491265
3784.000000,4196.201928
3786.000000,4197.914359
3788.000000,4199.628539
3790.000000,4201.344322
3792.000000,4203.061971
3794.000000,4204.781203
3796.000000,4206.502134
3798.000000,4208.224755
3800.000000,4209.948930
3802.000000,4211.674893
3804.000000,4213.402378
3806.000000,4215.131512
3808.000000,4216.862265
3810.000000,4218.594509
3812.000000,4220.328482
3814.000000,4222.063915
3816.000000,4223.800927
3818.000000,4225.539504
3820.000000,4227.279508
3822.000000,4229.021173
3824.000000,4230.764247
3826.000000,4232.508832
3828.000000,4234.254926
3830.000000,4236.002391
3832.000000,4237.751451
3834.000000,4239.501865
3836.000000,4241.253735
3838.000000,4243.007053
3840.000000,4244.761690
3842.000000,4246.517866
3844.000000,4248.275342
3846.000000,4250.034224
3848.000000,4251.794497
3850.000000,4253.556046
3852.000000,4255.319077
3854.000000,4257.083362
3856.000000,4258.849010
3858.000000,4260.615999
3860.000000,4262.384230
3862.000000,4264.153890
3864.000000,4265.924775
3866.000000,4267.696972
3868.000000,4269.470483
3870.000000,4271.245190
3872.000000,4273.021302
3874.000000,4274.798598
3876.000000,4276.577187
3878.000000,4278.357049
3880.000000,4280.138094
3882.000000,4281.920504
3884.000000,4283.704085
3886.000000,4285.488930
3888.000000,4287.275035
3890.000000,4289.062303
3892.000000,4290.850917
3894.000000,4292.640694
3896.000000,4294.431717
3898.000000,4296.223993
3900.000000,4298.017421
3902.000000,4299.812193
3904.000000,4301.608122
3906.000000,4303.405296
3908.000000,4305.203725
3910.000000,4307.003308
3912.000000,4308.804239
3914.000000,4310.606335
3916.000000,4312.409684
3918.000000,4314.214297
3920.000000,4316.020078
3922.000000,4317.827221
3924.000000,4319.635541
3926.000000,4321.445135
3928.000000,4323.256009
3930.000000,4325.068072
3932.000000,4326.881521
3934.000000,4328.696168
3936.000000,4330.512119
3938.000000,4332.329379
3940.000000,4334.147852
3942.000000,4335.967753
3944.000000,4337.788881
3946.000000,4339.611347
3948.000000,4341.435161
3950.000000,4343.260226
3952.000000,4345.086754
3954.000000,4346.914551
3956.000000,4348.743729
3958.000000,4350.574293
3960.000000,4352.406146
3962.000000,4354.239521
3964.000000,4356.074202
3966.000000,4357.910307
3968.000000,4359.747850
3970.000000,4361.586729
3972.000000,4363.427177
3974.000000,4365.268978
3976.000000,4367.112257
3978.000000,4368.957025
3980.000000,4370.803176
3982.000000,4372.650951
3984.000000,4374.500129
3986.000000,4376.350838
3988.000000,4378.203089
3990.000000,4380.056770
3992.000000,4381.912134
3994.000000,4383.768949
3996.000000,4385.627347
3998.000000,4387.487339
4000.000000,4389.348808
4002.000000,4391.212017
4004.000000,4393.076723
4006.000000,4394.943062
4008.000000,4396.811040
4010.000000,4398.680544
4012.000000,4400.551837
4014.000000,4402.424669
4016.000000,4404.299181
4018.000000,4406.175381
4020.000000,4408.053147
4022.000000,4409.932744
4024.000000,4411.813924
4026.000000,4413.696820
4028.000000,4415.581442
4030.000000,4417.467664
4032.000000,4419.355755
4034.000000,4421.245455
4036.000000,4423.136906
4038.000000,4425.030108
4040.000000,4426.924933
4042.000000,4428.821658
4044.000000,4430.720009
4046.000000,4432.620134
4048.000000,4434.522029
4050.000000,4436.425561
4052.000000,4438.331011
4054.000000,4440.238097
4056.000000,4442.146967
4058.000000,4444.057612
4060.000000,4445.969903
4062.000000,4447.884106
4064.000000,4449.799950
4066.000000,4451.717570
4068.000000,4453.636960
4070.000000,4455.557986
4072.000000,4457.480909
4074.000000,4459.405463
4076.000000,4461.331770
4078.000000,4463.259833
4080.000000,4465.189505
4082.000000,4467.121053
4084.000000,4469.054196
4086.000000,4470.989068
4088.000000,4472.925652
4090.000000,4474.863816
4092.000000,4476.803807
4094.000000,4478.745355
4096.000000,4480.688583
4098.000000,4482.633473
4100.000000,4484.579893
4102.000000,4486.528077
4104.000000,4488.477767
4106.000000,4490.429071
4108.000000,4492.381972
4110.000000,4494.336341
4112.000000,4496.292396
4114.000000,4498.249886
4116.000000,4500.208915
4118.000000,4502.169462
4120.000000,4504.131400
4122.000000,4506.094937
4124.000000,4508.059826
4126.000000,4510.026169
4128.000000,4511.993938
4130.000000,4513.963008
4132.000000,4515.933576
4134.000000,4517.905405
4136.000000,4519.878578
4138.000000,4521.853081
4140.000000,4523.828784
4142.000000,4525.805863
4144.000000,4527.784105
4146.000000,4529.763582
4148.000000,4531.744267
4150.000000,4533.726050
4152.000000,4535.709090
4154.000000,4537.693179
4156.000000,4539.678383
4158.000000,4541.664679
4160.000000,4543.651963
4162.000000,4545.640365
4164.000000,4547.629705
4166.000000,4549.620038
4168.000000,4551.611336
4170.000000,4553.603501
4172.000000,4555.596650
4174.000000,4557.590623
4176.000000,4559.585461
4178.000000,4561.581134
4180.000000,4563.577559
4182.000000,4565.574834
4184.000000,4567.572813
4186.000000,4569.571529
4188.000000,4571.570957
4190.000000,4573.571020
4192.000000,4575.571801
4194.000000,4577.573169
4196.000000,4579.575152
4198.000000,4581.577723
4200.000000,4583.580818
4202.000000,4585.584502
4204.000000,4587.588666
4206.000000,4589.593327
4208.000000,4591.598462
4210.000000,4593.604017
4212.000000,4595.610043
4214.000000,4597.616448
4216.000000,4599.623244
4218.000000,4601.630412
4220.000000,4603.637905
4222.000000,4605.645762
4224.000000,4607.653910
4226.000000,4609.662357
4228.000000,4611.671084
4230.000000,4613.680056
4232.000000,4615.689297
4234.000000,4617.698758
4236.000000,4619.708437
4238.000000,4621.718324
4240.000000,4623.728389
4242.000000,4625.738648
4244.000000,4627.749065
4246.000000,4629.759644
4248.000000,4631.770371
4250.000000,4633.781229
4252.000000,4635.792227
4254.000000,4637.803340
4256.000000,4639.814574
4258.000000,4641.825920
4260.000000,4643.837364
4262.000000,4645.848919
4264.000000,4647.860565
4266.000000,4649.872309
4268.000000,4651.884149
4270.000000,4653.896080
4272.000000,4655.908112
4274.000000,4657.920233
4276.000000,4659.932451
4278.000000,4661.944770
4280.000000,4663.957188
4282.000000,4665.969723
4284.000000,4667.982363
4286.000000,4669.995122
4288.000000,4672.008010
4290.000000,4674.021020
4292.000000,4676.034185
4294.000000,4678.047491
4296.000000,4680.060959
4298.000000,4682.074598
4300.000000,4684.088406
4302.000000,4686.102425
4304.000000,4688.116638
4306.000000,4690.131075
4308.000000,4692.145749
4310.000000,4694.160654
4312.000000,4696.175846
4314.000000,4698.191301
4316.000000,4700.207055
4318.000000,4702.223127
4320.000000,4704.239509
4322.000000,4706.256269
4324.000000,4708.273372
4326.000000,4710.290864
4328.000000,4712.308763
4330.000000,4714.327059
4332.000000,4716.345840
4334.000000,4718.365053
4336.000000,4720.384753
4338.000000,4722.404964
4340.000000,4724.425663
4342.000000,4726.446955
4344.000000,4728.468776
4346.000000,4730.491189
4348.000000,4732.514217
4350.000000,4734.537830
4352.000000,4736.562145
4354.000000,4738.587085
4356.000000,4740.612718
4358.000000,4742.639066
4360.000000,4744.666090
4362.000000,4746.693926
4364.000000,4748.722476
4366.000000,4750.751815
4368.000000,4752.781961
4370.000000,4754.812868
4372.000000,4756.844681
4374.000000,4758.877285
4376.000000,4760.910760
4378.000000,4762.945121
4380.000000,4764.980311
4382.000000,4767.016483
4384.000000,4769.053507
4386.000000,4771.091466
4388.000000,4773.130368
4390.000000,4775.170147
4392.000000,4777.210959
4394.000000,4779.252660
4396.000000,4781.295329
4398.000000,4783.338969
4400.000000,4785.383508
4402.000000,4787.429097
4404.000000,4789.475583
4406.000000,4791.523038
4408.000000,4793.571462
4410.000000,4795.620771
4412.000000,4797.671106
4414.000000,4799.722311
4416.000000,4801.774448
4418.000000,4803.827504
4420.000000,4805.881394
4422.000000,4807.936238
4424.000000,4809.991883
4426.000000,4812.048374
4428.000000,4814.105689
4430.000000,4816.163743
4432.000000,4818.222627
4434.000000,4820.282196
4436.000000,4822.342477
4438.000000,4824.403435
4440.000000,4826.464986
4442.000000,4828.527187
4444.000000,4830.589905
4446.000000,4832.653144
4448.000000,4834.716854
4450.000000,4836.780961
4452.000000,4838.845470
4454.000000,4840.910276
4456.000000,4842.975350
4458.000000,4845.040632
4460.000000,4847.106055
4462.000000,4849.171570
4464.000000,4851.237103
4466.000000,4853.302591
4468.000000,4855.367961
4470.000000,4857.433161
4472.000000,4859.498072
4474.000000,4861.562667
4476.000000,4863.626841
4478.000000,4865.690506
4480.000000,4867.753630
4482.000000,4869.816022
4484.000000,4871.877702
4486.000000,4873.938521
4488.000000,4875.998382
4490.000000,4878.057272
4492.000000,4880.114918
4494.000000,4882.171400
4496.000000,4884.226522
4498.000000,4886.280173
4500.000000,4888.332370
4502.000000,4890.382749
4504.000000,4892.431456
4506.000000,4894.478247
4508.000000,4896.522999
4510.000000,4898.565763
4512.000000,4900.606074
4514.000000,4902.644162
4516.000000,4904.679725
4518.000000,4906.712629
4520.000000,4908.742969
4522.000000,4910.770167
4524.000000,4912.794548
4526.000000,4914.815750
4528.000000,4916.833630
4530.000000,4918.848325
4532.000000,4920.859152
4534.000000,4922.866529
4536.000000,4924.870035
4538.000000,4926.869521
4540.000000,4928.865174
4542.000000,4930.856194
4544.000000,4932.843103
4546.000000,4934.825423
4548.000000,4936.803000
4550.000000,4938.776073
4552.000000,4940.743725
4554.000000,4942.706588
4556.000000,4944.664127
4558.000000,4946.616184
4560.000000,4948.563053
4562.000000,4950.503704
4564.000000,4952.438881
4566.000000,4954.367993
4568.000000,4956.290879
4570.000000,4958.207895
4572.000000,4960.117894
4574.000000,4962.021740
4576.000000,4963.918782
4578.000000,4965.808867
4580.000000,4967.692406
4582.000000,4969.568146
4584.000000,4971.437065
4586.000000,4973.298463
4588.000000,4975.152192
4590.000000,4976.998721
4592.000000,4978.836695
4594.000000,4980.667209
4596.000000,4982.489512
4598.000000,4984.303466
4600.000000,4986.109597
4602.000000,4987.906461
4604.000000,4989.695257
4606.000000,4991.475194
4608.000000,4993.246145
4610.000000,4995.008695
4612.000000,4996.761310
4614.000000,4998.505297
4616.000000,5000.239832
4618.000000,5001.964795
4620.000000,5003.680828
4622.000000,5005.386323
4624.000000,5007.082686
4626.000000,5008.769061
4628.000000,5010.445342
4630.000000,5012.112225
4632.000000,5013.768035
4634.000000,5015.414269
4636.000000,5017.050048
4638.000000,5018.675282
4640.000000,5020.290710
4642.000000,5021.894610
4644.000000,5023.488557
4646.000000,5025.071654
4648.000000,5026.643825
4650.000000,5028.205855
4652.000000,5029.755981
4654.000000,5031.295846
4656.000000,5032.824540
4658.000000,5034.342005
4660.000000,5035.849063
4662.000000,5037.343922
4664.000000,5038.828281
4666.000000,5040.301228
4668.000000,5041.762720
4670.000000,5043.213605
4672.000000,5044.652078
4674.000000,5046.079884
4676.000000,5047.496110
4678.000000,5048.900726
4680.000000,5050.294604
4682.000000,5051.675940
4684.000000,5053.046502
4686.000000,5054.405384
4688.000000,5055.752569
4690.000000,5057.088952
4692.000000,5058.412722
4694.000000,5059.725675
4696.000000,5061.026912
4698.000000,5062.316426
4700.000000,5063.595124
4702.000000,5064.861202
4704.000000,5066.116471
4706.000000,5067.360036
4708.000000,5068.591905
4710.000000,5069.812988
4712.000000,5071.021495
4714.000000,5072.219242
4716.000000,5073.405340
4718.000000,5074.579806
4720.000000,5075.743548
4722.000000,5076.894801
4724.000000,5078.035364
4726.000000,5079.164367
4728.000000,5080.281827
4730.000000,5081.388650
4732.000000,5082.483089
4734.000000,5083.566928
4736.000000,5084.639309
4738.000000,5085.700251
4740.000000,5086.750651
4742.000000,5087.788782
4744.000000,5088.816411
4746.000000,5089.832683
4748.000000,5090.837620
4750.000000,5091.832111
4752.000000,5092.814434
4754.000000,5093.786351
4756.000000,5094.747004
4758.000000,5095.696416
4760.000000,5096.635458
4762.000000,5097.562430
4764.000000,5098.479063
4766.000000,5099.384509
4768.000000,5100.278782
4770.000000,5101.162748
4772.000000,5102.034705
4774.000000,5102.896372
4776.000000,5103.746903
4778.000000,5104.586298
4780.000000,5105.415423
4782.000000,5106.232563
4784.000000,5107.039438
4786.000000,5107.835189
4788.000000,5108.619816
4790.000000,5109.394172
4792.000000,5110.156543
4794.000000,5110.908637
4796.000000,5111.649594
4798.000000,5112.379403
4800.000000,5113.098915
4802.000000,5113.806412
4804.000000,5114.503591
4806.000000,5115.189594
4808.000000,5115.864401
4810.000000,5116.528874
4812.000000,5117.181259
4814.000000,5117.823287
4816.000000,5118.454077
4818.000000,5119.073614
4820.000000,5119.682756
4822.000000,5120.279759
4824.000000,5120.866344
4826.000000,5121.441632
4828.000000,5122.005615
4830.000000,5122.559161
4832.000000,5123.100510
4834.000000,5123.631408
4836.000000,5124.150974
4838.000000,5124.659214
4840.000000,5125.156990
4842.000000,5125.642565
4844.000000,5126.117692
4846.000000,5126.581500
4848.000000,5127.034005
4850.000000,5127.476089
4852.000000,5127.906029
4854.000000,5128.325590
4856.000000,5128.733926
4858.000000,5129.131061
4860.000000,5129.517904
4862.000000,5129.892767
4864.000000,5130.257406
4866.000000,5130.611021
4868.000000,5130.953666
4870.000000,5131.286242
4872.000000,5131.607134
4874.000000,5131.918089
4876.000000,5132.218348
4878.000000,5132.508013
4880.000000,5132.787966
4882.000000,5133.056699
4884.000000,5133.315927
4886.000000,5133.564954
4888.000000,5133.803914
4890.000000,5134.033683
4892.000000,5134.252887
4894.000000,5134.463171
4896.000000,5134.663925
4898.000000,5134.855330
4900.000000,5135.038225
4902.000000,5135.211403
4904.000000,5135.376424
4906.000000,5135.532773
4908.000000,5135.680654
4910.000000,5135.820898
4912.000000,5135.952454
4914.000000,5136.076770
4916.000000,5136.193451
4918.000000,5136.302735
4920.000000,5136.405380
4922.000000,5136.500554
4924.000000,5136.589551
4926.000000,5136.672085
4928.000000,5136.748412
4930.000000,5136.819237
4932.000000,5136.883928
4934.000000,5136.943598
4936.000000,5136.998080
4938.000000,5137.047642
4940.000000,5137.092896
4942.000000,5137.133404
4944.000000,5137.170099
4946.000000,5137.202898
4948.000000,5137.232075
4950.000000,5137.258119
4952.000000,5137.280798
4954.000000,5137.300812
4956.000000,5137.318181
4958.000000,5137.333132
4960.000000,5137.346046
4962.000000,5137.356838
4964.000000,5137.365998
4966.000000,5137.373586
4968.000000,5137.379790
4970.000000,5137.384881
4972.000000,5137.388853
4974.000000,5137.392007
4976.000000,5137.394420
4978.000000,5137.396225
4980.000000,5137.397557
4982.000000,5137.398473
4984.000000,5137.399113
4986.000000,5137.399514
4988.000000,5137.399767
4990.000000,5137.399908
4992.000000,5137.399973
4994.000000,5137.400000
4996.000000,5137.400000
4998.000000,5137.400000
5000.000000,5137.400000
5002.000000,5137.400000
5004.000000,5137.400000
5006.000000,5137.400000
5008.000000,5137.400000
5010.000000,5137.400000
5012.000000,5137.400000
5014.000000,5137.400000
5016.000000,5137.400000
5018.000000,5137.400000
5020.000000,5137.400000
5022.000000,5137.400000
5024.000000,5137.400000
5026.000000,5137.400000
5028.000000,5137.400000
5030.000000,5137.400000
5032.000000,5137.400000
5034.000000,5137.400000
5036.000000,5137.400000
5038.000000,5137.400000
5040.000000,5137.400000
5042.000000,5137.400000
5044.000000,5137.400000
5046.000000,5137.400000
5048.000000,5137.400000
5050.000000,5137.400000
5052.000000,5137.400000
5054.000000,5137.400000
5056.000000,5137.400000
5058.000000,5137.400000
5060.000000,5137.400000
5062.000000,5137.400000
5064.000000,5137.400000
5066.000000,5137.400000
5068.000000,5137.400000
5070.000000,5137.400000
5072.000000,5137.400000
5074.000000,5137.400000
5076.000000,5137.400000
5078.000000,5137.400000
5080.000000,5137.400000
5082.000000,5137.400000
5084.000000,5137.400000
5086.000000,5137.400000
5088.000000,5137.400000
5090.000000,5137.400000
5092.000000,5137.400000
5094.000000,5137.400000
5096.000000,5137.400000
5098.000000,5137.400000
5100.000000,5137.400000
5102.000000,5137.400000
5104.000000,5137.400000
5106.000000,5137.400000
5108.000000,5137.400000
5110.000000,5137.400000
5112.000000,5137.400000
5114.000000,5137.400000
5116.000000,5137.400000
5118.000000,5137.400000
5120.000000,5137.400000
5122.000000,5137.400000
5124.000000,5137.400000
5126.000000,5137.400000
5128.000000,5137.400000
5130.000000,5137.400000
5132.000000,5137.400000
5134.000000,5137.400000
5136.000000,5137.400000
5138.000000,5137.400000
5140.000000,5137.400000
5142.000000,5137.400000
5144.000000,5137.400000
5146.000000,5137.400000
5148.000000,5137.400000
5150.000000,5137.400000
5152.000000,5137.400000
5154.000000,5137.400000
5156.000000,5137.400000
5158.000000,5137.400000
5160.000000,5137.400000
5162.000000,5137.400000
5164.000000,5137.400000
5166.000000,5137.400000
5168.000000,5137.400000
5170.000000,5137.400000
5172.000000,5137.400000
5174.000000,5137.400000
5176.000000,5137.400000
5178.000000,5137.400000
5180.000000,5137.400000
5182.000000,5137.400000
5184.000000,5137.400000
5186.000000,5137.400000
5188.000000,5137.400000
5190.000000,5137.400000
5192.000000,5137.400000
5194.000000,5137.400000
5196.000000,5137.400000
5198.000000,5137.400000
5200.000000,5137.400000
5202.000000,5137.400000
5204.000000,5137.400000
5206.000000,5137.400000
5208.000000,5137.400000
5210.000000,5137.400000
5212.000000,5137.400000
5214.000000,5137.400000
5216.000000,5137.400000
5218.000000,5137.400000
5220.000000,5137.400000
5222.000000,5137.400000
5224.000000,5137.400000
5226.000000,5137.400000
5228.000000,5137.400000
5230.000000,5137.400000
5232.000000,5137.400000
5234.000000,5137.400000
5236.000000,5137.400000
5238.000000,5137.400000
5240.000000,5137.400000
5242.000000,5137.400000
5244.000000,5137.400000
5246.000000,5137.400000
5248.000000,5137.400000
5250.000000,5137.400000
5252.000000,5137.400000
5254.000000,5137.400000
5256.000000,5137.400000
5258.000000,5137.400000
5260.000000,5137.400000
5262.000000,5137.400000
5264.000000,5137.400000
5266.000000,5137.400000
5268.000000,5137.400000
5270.000000,5137.400000
5272.000000,5137.400000
5274.000000,5137.400000
5276.000000,5137.400000
5278.000000,5137.400000
5280.000000,5137.400000
5282.000000,5137.400000
5284.000000,5137.400000
5286.000000,5137.400000
5288.000000,5137.400000
5290.000000,5137.400000
5292.000000,5137.400000
5294.000000,5137.400000
5296.000000,5137.400000
5298.000000,5137.400000
5300.000000,5137.400000
5302.000000,5137.400000
5304.000000,5137.400000
5306.000000,5137.400000
5308.000000,5137.400000
5310.000000,5137.400000
5312.000000,5137.400000
5314.000000,5137.400000
5316.000000,5137.400000
5318.000000,5137.400000
5320.000000,5137.400000
5322.000000,5137.400000
5324.000000,5137.400000
5326.000000,5137.400000
5328.000000,5137.400000
5330.000000,5137.400000
5332.000000,5137.400000
5334.000000,5137.400000
5336.000000,5137.400000
5338.000000,5137.400000
5340.000000,5137.400000
5342.000000,5137.400000
5344.000000,5137.400000
5346.000000,5137.400000
5348.000000,5137.400000
5350.000000,5137.400000
5352.000000,5137.400000
5354.000000,5137.400000
5356.000000,5137.400000
5358.000000,5137.400000
5360.000000,5137.400000
5362.000000,5137.400000
5364.000000,5137.400000
5366.000000,5137.400000
5368.000000,5137.400000
5370.000000,5137.400000
5372.000000,5137.400000
5374.000000,5137.400000
5376.000000,5137.400000
5378.000000,5137.400000
5380.000000,5137.400000
5382.000000,5137.400000
5384.000000,5137.400000
5386.000000,5137.400000
5388.000000,5137.400000
5390.000000,5137.400000
5392.000000,5137.400000
5394.000000,5137.400000
5396.000000,5137.400000
5398.000000,5137.400000
5400.000000,5137.400000
5402.000000,5137.400000
5404.000000,5137.400000
5406.000000,5137.400000
5408.000000,5137.400000
5410.000000,5137.400000
5412.000000,5137.400000
5414.000000,5137.400000
5416.000000,5137.400000
5418.000000,5137.400000
5420.000000,5137.400000
5422.000000,5137.400000
5424.000000,5137.400000
5426.000000,5137.400000
5428.000000,5137.400000
5430.000000,5137.400000
5432.000000,5137.400000
5434.000000,5137.400000
5436.000000,5137.400000
5438.000000,5137.400000
5440.000000,5137.400000
5442.000000,5137.400000
5444.000000,5137.400000
5446.000000,5137.400000
5448.000000,5137.400000
5450.000000,5137.400000
5452.000000,5137.400000
5454.000000,5137.400000
5456.000000,5137.400000
5458.000000,5137.400000
5460.000000,5137.400000
5462.000000,5137.400000
5464.000000,5137.400000
5466.000000,5137.400000
5468.000000,5137.400000
5470.000000,5137.400000
5472.000000,5137.400000
5474.000000,5137.400000
5476.000000,5137.400000
5478.000000,5137.400000
5480.000000,5137.400000
5482.000000,5137.400000
5484.000000,5137.400000
5486.000000,5137.400000
5488.000000,5137.400000
5490.000000,5137.400000
5492.000000,5137.400000
5494.000000,5137.400000
5496.000000,5137.400000
5498.000000,5137.400000
5500.000000,5137.400000
5502.000000,5137.400000
5504.000000,5137.400000
5506.000000,5137.400000
5508.000000,5137.400000
5510.000000,5137.400000
5512.000000,5137.400000
5514.000000,5137.400000
5516.000000,5137.400000
5518.000000,5137.400000
5520.000000,5137.400000
5522.000000,5137.400000
5524.000000,5137.400000
5526.000000,5137.400000
5528.000000,5137.400000
5530.000000,5137.400000
5532.000000,5137.400000
5534.000000,5137.400000
5536.000000,5137.400000
5538.000000,5137.400000
5540.000000,5137.400000
5542.000000,5137.400000
5544.000000,5137.400000
5546.000000,5137.400000
5548.000000,5137.400000
5550.000000,5137.400000
5552.000000,5137.400000
5554.000000,5137.400000
5556.000000,5137.400000
5558.000000,5137.400000
5560.000000,5137.400000
5562.000000,5137.400000
5564.000000,5137.400000
5566.000000,5137.400000
5568.000000,5137.400000
5570.000000,5137.400000
5572.000000,5137.400000
5574.000000,5137.400000
5576.000000,5137.400000
5578.000000,5137.400000
5580.000000,5137.400000
5582.000000,5137.400000
5584.000000,5137.400000
5586.000000,5137.400000
5588.000000,5137.400000
5590.000000,5137.400000
5592.000000,5137.400000
5594.000000,5137.400000
5596.000000,5137.400000
5598.000000,5137.400000
5600.000000,5137.400000
5602.000000,5137.400000
5604.000000,5137.400000
5606.000000,5137.400000
5608.000000,5137.400000
5610.000000,5137.400000
5612.000000,5137.400000
5614.000000,5137.400000
5616.000000,5137.400000
5618.000000,5137.400000
5620.000000,5137.400000
5622.000000,5137.400000
5624.000000,5137.400000
5626.000000,5137.400000
5628.000000,5137.400000
5630.000000,5137.400000
5632.000000,5137.400000
5634.000000,5137.400000
5636.000000,5137.400000
5638.000000,5137.400000
5640.000000,5137.400000
5642.000000,5137.400000
5644.000000,5137.400000
5646.000000,5137.400000
5648.000000,5137.400000
5650.000000,5137.400000
5652.000000,5137.400000
5654.000000,5137.400000
5656.000000,5137.400000
5658.000000,5137.400000
5660.000000,5137.400000
5662.000000,5137.400000
5664.000000,5137.400000
5666.000000,5137.400000
5668.000000,5137.400000
5670.000000,5137.400000
5672.000000,5137.400000
5674.000000,5137.400000
5676.000000,5137.400000
5678.000000,5137.400000
5680.000000,5137.400000
5682.000000,5137.400000
5684.000000,5137.400000
5686.000000,5137.400000
5688.000000,5137.400000
5690.000000,5137.400000
5692.000000,5137.400000
5694.000000,5137.400000
5696.000000,5137.400000
5698.000000,5137.400000
5700.000000,5137.400000
5702.000000,5137.400000
5704.000000,5137.400000
5706.000000,5137.400000
5708.000000,5137.400000
5710.000000,5137.400000
5712.000000,5137.400000
5714.000000,5137.400000
5716.000000,5137.400000
5718.000000,5137.400000
5720.000000,5137.400000
5722.000000,5137.400000
5724.000000,5137.400000
5726.000000,5137.400000
5728.000000,5137.400000
5730.000000,5137.400000
5732.000000,5137.400000
5734.000000,5137.400000
5736.000000,5137.400000
5738.000000,5137.400000
5740.000000,5137.400000
5742.000000,5137.400000
5744.000000,5137.400000
5746.000000,5137.400000
5748.000000,5137.400000
5750.000000,5137.400000
5752.000000,5137.400000
5754.000000,5137.400000
5756.000000,5137.400000
5758.000000,5137.400000
5760.000000,5137.400000
5762.000000,5137.400000
5764.000000,5137.400000
5766.000000,5137.400000
5768.000000,5137.400000
5770.000000,5137.400000
5772.000000,5137.400000
5774.000000,5137.400000
5776.000000,5137.400000
5778.000000,5137.400000
5780.000000,5137.400000
5782.000000,5137.400000
5784.000000,5137.400000
5786.000000,5137.400000
5788.000000,5137.400000
5790.000000,5137.400000
5792.000000,5137.400000
5794.000000,5137.400000
5796.000000,5137.400000
5798.000000,5137.400000
5800.000000,5137.400000
5802.000000,5137.400000
5804.000000,5137.400000
5806.000000,5137.400000
5808.000000,5137.400000
5810.000000,5137.400000
5812.000000,5137.400000
5814.000000,5137.400000
5816.000000,5137.400000
5818.000000,5137.400000
5820.000000,5137.400000
5822.000000,5137.400000
5824.000000,5137.400000
5826.000000,5137.400000
5828.000000,5137.400000
5830.000000,5137.400000
5832.000000,5137.400000
5834.000000,5137.400000
5836.000000,5137.400000
5838.000000,5137.400000
5840.000000,5137.400000
5842.000000,5137.400000
5844.000000,5137.400000
5846.000000,5137.400000
5848.000000,5137.400000
5850.000000,5137.400000
5852.000000,5137.400000
5854.000000,5137.400000
5856.000000,5137.400000
5858.000000,5137.400000
5860.000000,5137.400000
5862.000000,5137.400000
5864.000000,5137.400000
5866.000000,5137.400000
5868.000000,5137.400000
5870.000000,5137.400000
5872.000000,5137.400000
5874.000000,5137.400000
5876.000000,5137.400000
5878.000000,5137.400000
5880.000000,5137.400000
5882.000000,5137.400000
5884.000000,5137.400000
5886.000000,5137.400000
5888.000000,5137.400000
5890.000000,5137.400000
5892.000000,5137.400000
5894.000000,5137.400000
5896.000000,5137.400000
5898.000000,5137.400000
5900.000000,5137.400000
5902.000000,5137.400000
5904.000000,5137.400000
5906.000000,5137.400000
5908.000000,5137.400000
5910.000000,5137.400000
5912.000000,5137.400000
5914.000000,5137.400000
5916.000000,5137.400000
5918.000000,5137.400000
5920.000000,5137.400000
5922.000000,5137.400000
5924.000000,5137.400000
5926.000000,5137.400000
5928.000000,5137.400000
5930.000000,5137.400000
5932.000000,5137.400000
5934.000000,5137.400000
5936.000000,5137.400000
5938.000000,5137.400000
5940.000000,5137.400000
5942.000000,5137.400000
5944.000000,5137.400000
5946.000000,5137.400000
5948.000000,5137.400000
5950.000000,5137.400000
5952.000000,5137.400000
5954.000000,5137.400000
5956.000000,5137.400000
5958.000000,5137.400000
5960.000000,5137.400000
5962.000000,5137.400000
5964.000000,5137.400000
5966.000000,5137.400000
5968.000000,5137.400000
5970.000000,5137.400000
5972.000000,5137.400000
5974.000000,5137.400000
5976.000000,5137.400000
5978.000000,5137.400000
5980.000000,5137.400000
5982.000000,5137.400000
5984.000000,5137.400000
5986.000000,5137.400000
5988.000000,5137.400000
5990.000000,5137.400000
5992.000000,5137.400000
5994.000000,5137.400000
5996.000000,5137.400000
5998.000000,5137.400000
6000.000000,5137.400000
6002.000000,5137.400000
6004.000000,5137.400000
6006.000000,5137.400000
6008.000000,5137.399973
6010.000000,5137.399908
6012.000000,5137.399767
6014.000000,5137.399514
6016.000000,5137.399113
6018.000000,5137.398473
6020.000000,5137.397557
6022.000000,5137.396225
6024.000000,5137.394420
6026.000000,5137.392007
6028.000000,5137.388853
6030.000000,5137.384881
6032.000000,5137.379790
6034.000000,5137.373586
6036.000000,5137.365998
6038.000000,5137.356838
6040.000000,5137.346046
6042.000000,5137.333132
6044.000000,5137.318181
6046.000000,5137.300812
6048.000000,5137.280798
6050.000000,5137.258119
6052.000000,5137.232075
6054.000000,5137.202898
6056.000000,5137.170099
6058.000000,5137.133404
6060.000000,5137.092896
6062.000000,5137.047642
6064.000000,5136.998080
6066.000000,5136.943598
6068.000000,5136.883928
6070.000000,5136.819237
6072.000000,5136.748412
6074.000000,5136.672085
6076.000000,5136.589551
6078.000000,5136.500554
6080.000000,5136.405380
6082.000000,5136.302735
6084.000000,5136.193451
6086.000000,5136.076770
6088.000000,5135.952454
6090.000000,5135.820898
6092.000000,5135.680654
6094.000000,5135.532773
6096.000000,5135.376424
6098.000000,5135.211403
6100.000000,5135.038225
6102.000000,5134.855330
6104.000000,5134.663925
6106.000000,5134.463171
6108.000000,5134.252887
6110.000000,5134.033683
6112.000000,5133.803914
6114.000000,5133.564954
6116.000000,5133.315927
6118.000000,5133.056699
6120.000000,5132.787966
6122.000000,5132.508013
6124.000000,5132.218348
6126.000000,5131.918089
6128.000000,5131.607134
6130.000000,5131.286242
6132.000000,5130.953666
6134.000000,5130.611021
6136.000000,5130.257406
6138.000000,5129.892767
6140.000000,5129.517904
6142.000000,5129.131061
6144.000000,5128.733926
6146.000000,5128.325590
6148.000000,5127.906029
6150.000000,5127.476089
6152.000000,5127.034005
6154.000000,5126.581500
6156.000000,5126.117692
6158.000000,5125.642565
6160.000000,5125.156990
6162.000000,5124.659214
6164.000000,5124.150974
6166.000000,5123.631408
6168.000000,5123.100510
6170.000000,5122.559161
6172.000000,5122.005615
6174.000000,5121.441632
6176.000000,5120.866344
6178.000000,5120.279759
6180.000000,5119.682756
6182.000000,5119.073614
6184.000000,5118.454077
6186.000000,5117.823287
6188.000000,5117.181259
6190.000000,5116.528874
6192.000000,5115.864401
6194.000000,5115.189594
6196.000000,5114.503591
6198.000000,5113.806412
6200.000000,5113.098915
6202.000000,5112.379403
6204.000000,5111.649594
6206.000000,5110.908637
6208.000000,5110.156543
6210.000000,5109.394172
6212.000000,5108.619816
6214.000000,5107.835189
6216.000000,5107.039438
6218.000000,5106.232563
6220.000000,5105.415423
6222.000000,5104.586298
6224.000000,5103.746903
6226.000000,5102.896372
6228.000000,5102.034705
6230.000000,5101.162748
6232.000000,5100.278782
6234.000000,5099.384509
6236.000000,5098.479063
6238.000000,5097.562430
6240.000000,5096.635458
6242.000000,5095.696416
6244.000000,5094.747004
6246.000000,5093.786351
6248.000000,5092.814434
6250.000000,5091.832111
6252.000000,5090.837620
6254.000000,5089.832683
6256.000000,5088.816411
6258.000000,5087.788782
6260.000000,5086.750651
6262.000000,5085.700251
6264.000000,5084.639309
6266.000000,5083.566928
6268.000000,5082.483089
6270.000000,5081.388650
6272.000000,5080.281827
6274.000000,5079.164367
6276.000000,5078.035364
6278.000000,5076.894801
6280.000000,5075.743548
6282.000000,5074.579806
6284.000000,5073.405340
6286.000000,5072.219242
6288.000000,5071.021495
6290.000000,5069.812988
6292.000000,5068.591905
6294.000000,5067.360036
6296.000000,5066.116471
6298.000000,5064.861202
6300.000000,5063.595124
6302.000000,5062.316426
6304.000000,5061.026912
6306.000000,5059.725675
6308.000000,5058.412722
6310.000000,5057.088952
6312.000000,5055.752569
6314.000000,5054.405384
6316.000000,5053.046502
6318.000000,5051.675940
6320.000000,5050.294604
6322.000000,5048.900726
6324.000000,5047.496110
6326.000000,5046.079884
6328.000000,5044.652078
6330.000000,5043.213605
6332.000000,5041.762720
6334.000000,5040.301228
6336.000000,5038.828281
6338.000000,5037.343922
6340.000000,5035.849063
6342.000000,5034.342005
6344.000000,5032.824540
6346.000000,5031.295846
6348.000000,5029.755981
6350.000000,5028.205855
6352.000000,5026.643825
6354.000000,5025.071654
6356.000000,5023.488557
6358.000000,5021.894610
6360.000000,5020.290710
6362.000000,5018.675282
6364.000000,5017.050048
6366.000000,5015.414269
6368.000000,5013.768035
6370.000000,5012.112225
6372.000000,5010.445342
6374.000000,5008.769061
6376.000000,5007.082686
6378.000000,5005.386323
6380.000000,5003.680828
6382.000000,5001.964795
6384.000000,5000.239832
6386.000000,4998.505297
6388.000000,4996.761310
6390.000000,4995.008695
6392.000000,4993.246145
6394.000000,4991.475194
6396.000000,4989.695257
6398.000000,4987.906461
6400.000000,4986.109597
6402.000000,4984.303466
6404.000000,4982.489512
6406.000000,4980.667209
6408.000000,4978.836695
6410.000000,4976.998721
6412.000000,4975.152192
6414.000000,4973.298463
6416.000000,4971.437065
6418.000000,4969.568146
6420.000000,4967.692406
6422.000000,4965.808867
6424.000000,4963.918782
6426.000000,4962.021740
6428.000000,4960.117894
6430.000000,4958.207895
6432.000000,4956.290879
6434.000000,4954.367993
6436.000000,4952.438881
6438.000000,4950.503704
6440.000000,4948.563053
6442.000000,4946.616184
6444.000000,4944.664127
6446.000000,4942.706588
6448.000000,4940.743725
6450.000000,4938.776073
6452.000000,4936.803000
6454.000000,4934.825423
6456.000000,4932.843103
6458.000000,4930.856194
6460.000000,4928.865174
6462.000000,4926.869521
6464.000000,4924.870035
6466.000000,4922.866529
6468.000000,4920.859152
6470.000000,4918.848325
6472.000000,4916.833630
6474.000000,4914.815750
6476.000000,4912.794548
6478.000000,4910.770167
6480.000000,4908.742969
6482.000000,4906.712629
6484.000000,4904.679725
6486.000000,4902.644162
6488.000000,4900.606074
6490.000000,4898.565763
6492.000000,4896.522999
6494.000000,4894.478247
6496.000000,4892.431456
6498.000000,4890.382749
6500.000000,4888.332370
6502.000000,4886.280173
6504.000000,4884.226522
6506.000000,4882.171400
6508.000000,4880.114918
6510.000000,4878.057272
6512.000000,4875.998382
6514.000000,4873.938521
6516.000000,4871.877702
6518.000000,4869.816022
6520.000000,4867.753630
6522.000000,4865.690506
6524.000000,4863.626841
6526.000000,4861.562667
6528.000000,4859.498072
6530.000000,4857.433161
6532.000000,4855.367961
6534.000000,4853.302591
6536.000000,4851.237103
6538.000000,4849.171570
6540.000000,4847.106055
6542.000000,4845.040632
6544.000000,4842.975350
6546.000000,4840.910276
6548.000000,4838.845470
6550.000000,4836.780961
6552.000000,4834.716854
6554.000000,4832.653144
6556.000000,4830.589905
6558.000000,4828.527187
6560.000000,4826.464986
6562.000000,4824.403435
6564.000000,4822.342477
6566.000000,4820.282196
6568.000000,4818.222627
6570.000000,4816.163743
6572.000000,4814.105689
6574.000000,4812.048374
6576.000000,4809.991883
6578.000000,4807.936238
6580.000000,4805.881394
6582.000000,4803.827504
6584.000000,4801.774448
6586.000000,4799.722311
6588.000000,4797.671106
6590.000000,4795.620771
6592.000000,4793.571462
6594.000000,4791.523038
6596.000000,4789.475583
6598.000000,4787.429097
6600.000000,4785.383508
6602.000000,4783.338969
6604.000000,4781.295329
6606.000000,4779.252660
6608.000000,4777.210959
6610.000000,4775.170147
6612.000000,4773.130368
6614.000000,4771.091466
6616.000000,4769.053507
6618.000000,4767.016483
6620.000000,4764.980311
6622.000000,4762.945121
6624.000000,4760.910760
6626.000000,4758.877285
6628.000000,4756.844681
6630.000000,4754.812868
6632.000000,4752.781961
6634.000000,4750.751815
6636.000000,4748.722476
6638.000000,4746.693926
6640.000000,4744.666090
6642.000000,4742.639066
6644.000000,4740.612718
6646.000000,4738.587085
6648.000000,4736.562145
6650.000000,4734.537830
6652.000000,4732.514217
6654.000000,4730.491189
6656.000000,4728.468776
6658.000000,4726.446955
6660.000000,4724.425663
6662.000000,4722.404964
6664.000000,4720.384753
6666.000000,4718.365053
6668.000000,4716.345840
6670.000000,4714.327059
6672.000000,4712.308763
6674.000000,4710.290864
6676.000000,4708.273372
6678.000000,4706.256269
6680.000000,4704.239509
6682.000000,4702.223127
6684.000000,4700.207055
6686.000000,4698.191301
6688.000000,4696.175846
6690.000000,4694.160654
6692.000000,4692.145749
6694.000000,4690.131075
6696.000000,4688.116638
6698.000000,4686.102425
6700.000000,4684.088406
6702.000000,4682.074598
6704.000000,4680.060959
6706.000000,4678.047491
6708.000000,4676.034185
6710.000000,4674.021020
6712.000000,4672.008010
6714.000000,4669.995122
6716.000000,4667.982363
6718.000000,4665.969723
6720.000000,4663.957188
6722.000000,4661.944770
6724.000000,4659.932451
6726.000000,4657.920233
6728.000000,4655.908112
6730.000000,4653.896080
6732.000000,4651.884149
6734.000000,4649.872309
6736.000000,4647.860565
6738.000000,4645.848919
6740.000000,4643.837364
6742.000000,4641.825920
6744.000000,4639.814574
6746.000000,4637.803340
6748.000000,4635.792227
6750.000000,4633.781229
6752.000000,4631.770371
6754.000000,4629.759644
6756.000000,4627.749065
6758.000000,4625.738648
6760.000000,4623.728389
6762.000000,4621.718324
6764.000000,4619.708437
6766.000000,4617.698758
6768.000000,4615.689297
6770.000000,4613.680056
6772.000000,4611.671084
6774.000000,4609.662357
6776.000000,4607.653910
6778.000000,4605.645762
6780.000000,4603.637905
6782.000000,4601.630412
6784.000000,4599.623244
6786.000000,4597.616448
6788.000000,4595.610043
6790.000000,4593.604017
6792.000000,4591.598462
6794.000000,4589.593327
6796.000000,4587.588666
6798.000000,4585.584502
6800.000000,4583.580818
6802.000000,4581.577723
6804.000000,4579.575152
6806.000000,4577.573169
6808.000000,4575.571801
6810.000000,4573.571020
6812.000000,4571.570957
6814.000000,4569.571529
6816.000000,4567.572813
6818.000000,4565.574834
6820.000000,4563.577559
6822.000000,4561.581134
6824.000000,4559.585461
6826.000000,4557.590623
6828.000000,4555.596650
6830.000000,4553.603501
6832.000000,4551.611336
6834.000000,4549.620038
6836.000000,4547.629705
6838.000000,4545.640365
6840.000000,4543.651963
6842.000000,4541.664679
6844.000000,4539.678383
6846.000000,4537.693179
6848.000000,4535.709090
6850.000000,4533.726050
6852.000000,4531.744267
6854.000000,4529.763582
6856.000000,4527.784105
6858.000000,4525.805863
6860.000000,4523.828784
6862.000000,4521.853081
6864.000000,4519.878578
6866.000000,4517.905405
6868.000000,4515.933576
6870.000000,4513.963008
6872.000000,4511.993938
6874.000000,4510.026169
6876.000000,4508.059826
6878.000000,4506.094937
6880.000000,4504.131400
6882.000000,4502.169462
6884.000000,4500.208915
6886.000000,4498.249886
6888.000000,4496.292396
6890.000000,4494.336341
6892.000000,4492.381972
6894.000000,4490.429071
6896.000000,4488.477767
6898.000000,4486.528077
6900.000000,4484.579893
6902.000000,4482.633473
6904.000000,4480.688583
6906.000000,4478.745355
6908.000000,4476.803807
6910.000000,4474.863816
6912.000000,4472.925652
6914.000000,4470.989068
6916.000000,4469.054196
6918.000000,4467.121053
6920.000000,4465.189505
6922.000000,4463.259833
6924.000000,4461.331770
6926.000000,4459.405463
6928.000000,4457.480909
6930.000000,4455.557986
6932.000000,4453.636960
6934.000000,4451.717570
6936.000000,4449.799950
6938.000000,4447.884106
6940.000000,4445.969903
6942.000000,4444.057612
6944.000000,4442.146967
6946.000000,4440.238097
6948.000000,4438.331011
6950.000000,4436.425561
6952.000000,4434.522029
6954.000000,4432.620134
6956.000000,4430.720009
6958.000000,4428.821658
6960.000000,4426.924933
6962.000000,4425.030108
6964.000000,4423.136906
6966.000000,4421.245455
6968.000000,4419.355755
6970.000000,4417.467664
6972.000000,4415.581442
6974.000000,4413.696820
6976.000000,4411.813924
6978.000000,4409.932744
6980.000000,4408.053147
6982.000000,4406.175381
6984.000000,4404.299181
6986.000000,4402.424669
6988.000000,4400.551837
6990.000000,4398.680544
6992.000000,4396.811040
6994.000000,4394.943062
6996.000000,4393.076723
6998.000000,4391.212017
7000.000000,4389.348808
7002.000000,4387.487339
7004.000000,4385.627347
7006.000000,4383.768949
7008.000000,4381.912134
7010.000000,4380.056770
7012.000000,4378.203089
7014.000000,4376.350838
7016.000000,4374.500129
7018.000000,4372.650951
7020.000000,4370.803176
7022.000000,4368.957025
7024.000000,4367.112257
7026.000000,4365.268978
7028.000000,4363.427177
7030.000000,4361.586729
7032.000000,4359.747850
7034.000000,4357.910307
7036.000000,4356.074202
7038.000000,4354.239521
7040.000000,4352.406146
7042.000000,4350.574293
7044.000000,4348.743729
7046.000000,4346.914551
7048.000000,4345.086754
7050.000000,4343.260226
7052.000000,4341.435161
7054.000000,4339.611347
7056.000000,4337.788881
7058.000000,4335.967753
7060.000000,4334.147852
7062.000000,4332.329379
7064.000000,4330.512119
7066.000000,4328.696168
7068.000000,4326.881521
7070.000000,4325.068072
7072.000000,4323.256009
7074.000000,4321.445135
7076.000000,4319.635541
7078.000000,4317.827221
7080.000000,4316.020078
7082.000000,4314.214297
7084.000000,4312.409684
7086.000000,4310.606335
7088.000000,4308.804239
7090.000000,4307.003308
7092.000000,4305.203725
7094.000000,4303.405296
7096.000000,4301.608122
7098.000000,4299.812193
7100.000000,4298.017421
7102.000000,4296.223993
7104.000000,4294.431717
7106.000000,4292.640694
7108.000000,4290.850917
7110.000000,4289.062303
7112.000000,4287.275035
7114.000000,4285.488930
7116.000000,4283.704085
7118.000000,4281.920504
7120.000000,4280.138094
7122.000000,4278.357049
7124.000000,4276.577187
7126.000000,4274.798598
7128.000000,4273.021302
7130.000000,4271.245190
7132.000000,4269.470483
7134.000000,4267.696972
7136.000000,4265.924775
7138.000000,4264.153890
7140.000000,4262.384230
7142.000000,4260.615999
7144.000000,4258.849010
7146.000000,4257.083362
7148.000000,4255.319077
7150.000000,4253.556046
7152.000000,4251.794497
7154.000000,4250.034224
7156.000000,4248.275342
7158.000000,4246.517866
7160.000000,4244.761690
7162.000000,4243.007053
7164.000000,4241.253735
7166.000000,4239.501865
7168.000000,4237.751451
7170.000000,4236.002391
7172.000000,4234.254926
7174.000000,4232.508832
7176.000000,4230.764247
7178.000000,4229.021173
7180.000000,4227.279508
7182.000000,4225.539504
7184.000000,4223.800927
7186.000000,4222.063915
7188.000000,4220.328482
7190.000000,4218.594509
7192.000000,4216.862265
7194.000000,4215.131512
7196.000000,4213.402378
7198.000000,4211.674893
7200.000000,4209.948930
7202.000000,4208.224755
7204.000000,4206.502134
7206.000000,4204.781203
7208.000000,4203.061971
7210.000000,4201.344322
7212.000000,4199.628539
7214.000000,4197.914359
7216.000000,4196.201928
7218.000000,4194.491265
7220.000000,4192.782243
7222.000000,4191.075144
7224.000000,4189.369704
7226.000000,4187.666079
7228.000000,4185.964281
7230.000000,4184.264172
7232.000000,4182.566048
7234.000000,4180.869637
7236.000000,4179.175098
7238.000000,4177.482434
7240.000000,4175.791512
7242.000000,4174.102629
7244.000000,4172.415505
7246.000000,4170.730297
7248.000000,4169.047017
7250.000000,4167.365520
7252.000000,4165.686109
7254.000000,4164.008497
7256.000000,4162.332842
7258.000000,4160.659149
7260.000000,4158.987275
7262.000000,4157.317535
7264.000000,4155.649627
7266.000000,4153.983708
7268.000000,4152.319784
7270.000000,4150.657708
7272.000000,4148.997792
7274.000000,4147.339731
7276.000000,4145.683685
7278.000000,4144.029657
7280.000000,4142.377494
7282.000000,4140.727512
7284.000000,4139.079400
7286.000000,4137.433316
7288.000000,4135.789264
7290.000000,4134.147086
7292.000000,4132.507098
7294.000000,4130.868985
7296.000000,4129.232906
7298.000000,4127.598861
7300.000000,4125.966692
7302.000000,4124.336709
7304.000000,4122.708599
7306.000000,4121.082517
7308.000000,4119.458459
7310.000000,4117.836269
7312.000000,4116.216252
7314.000000,4114.598097
7316.000000,4112.981956
7318.000000,4111.367822
7320.000000,4109.755537
7322.000000,4108.145401
7324.000000,4106.537102
7326.000000,4104.930788
7328.000000,4103.326453
7330.000000,4101.723944
7332.000000,4100.123553
7334.000000,4098.524970
7336.000000,4096.928336
7338.000000,4095.333644
7340.000000,4093.740737
7342.000000,4092.149912
7344.000000,4090.560856
7346.000000,4088.973706
7348.000000,4087.388452
7350.000000,4085.804948
7352.000000,4084.223470
7354.000000,4082.643716
7356.000000,4081.065817
7358.000000,4079.489770
7360.000000,4077.915424
7362.000000,4076.343041
7364.000000,4074.772331
7366.000000,4073.203433
7368.000000,4071.636324
7370.000000,4070.070856
7372.000000,4068.507296
7374.000000,4066.945360
7376.000000,4065.385162
7378.000000,4063.826700
7380.000000,4062.269830
7382.000000,4060.714791
7384.000000,4059.161321
7386.000000,4057.609536
7388.000000,4056.059416
7390.000000,4054.510832
7392.000000,4052.964017
7394.000000,4051.418705
7396.000000,4049.875022
7398.000000,4048.332938
7400.000000,4046.792331
7402.000000,4045.253428
7404.000000,4043.715968
7406.000000,4042.180075
7408.000000,4040.645721
7410.000000,4039.112787
7412.000000,4037.581486
7414.000000,4036.051581
7416.000000,4034.523175
7418.000000,4032.996250
7420.000000,4031.470694
7422.000000,4029.946707
7424.000000,4028.424067
7426.000000,4026.902863
7428.000000,4025.383097
7430.000000,4023.864634
7432.000000,4022.347703
7434.000000,4020.832054
7436.000000,4019.317807
7438.000000,4017.804933
7440.000000,4016.293334
7442.000000,4014.783197
7444.000000,4013.274319
7446.000000,4011.766784
7448.000000,4010.260593
7450.000000,4008.755629
7452.000000,4007.252097
7454.000000,4005.749780
7456.000000,4004.248774
7458.000000,4002.749079
7460.000000,4001.250578
7462.000000,3999.753483
7464.000000,3998.257569
7466.000000,3996.762950
7468.000000,3995.269608
7470.000000,3993.777448
7472.000000,3992.286664
7474.000000,3990.797047
7476.000000,3989.308710
7478.000000,3987.821634
7480.000000,3986.335728
7482.000000,3984.851190
7484.000000,3983.367811
7486.000000,3981.885702
7488.000000,3980.404858
7490.000000,3978.925174
7492.000000,3977.446861
7494.000000,3975.969715
7496.000000,3974.493833
7498.000000,3973.019230
7500.000000,3971.545798
7502.000000,3970.073739
7504.000000,3968.602865
7506.000000,3967.133272
7508.000000,3965.664967
7510.000000,3964.197855
7512.000000,3962.732140
7514.000000,3961.267624
7516.000000,3959.804423
7518.000000,3958.342536
7520.000000,3956.881866
7522.000000,3955.422626
7524.000000,3953.964622
7526.000000,3952.507958
7528.000000,3951.052643
7530.000000,3949.598584
7532.000000,3948.145999
7534.000000,3946.694683
7536.000000,3945.244753
7538.000000,3943.796219
7540.000000,3942.348982
7542.000000,3940.903266
7544.000000,3939.458864
7546.000000,3938.015900
7548.000000,3936.574384
7550.000000,3935.134211
7552.000000,3933.695616
7554.000000,3932.258387
7556.000000,3930.822649
7558.000000,3929.388417
7560.000000,3927.955581
7562.000000,3926.524383
7564.000000,3925.094608
7566.000000,3923.666382
7568.000000,3922.239716
7570.000000,3920.814502
7572.000000,3919.390997
7574.000000,3917.968969
7576.000000,3916.548550
7578.000000,3915.129751
7580.000000,3913.712463
7582.000000,3912.296950
7584.000000,3910.882967
7586.000000,3909.470652
7588.000000,3908.060026
7590.000000,3906.650962
7592.000000,3905.243732
7594.000000,3903.838092
7596.000000,3902.434180
7598.000000,3901.032007
7600.000000,3899.631453
7602.000000,3898.232792
7604.000000,3896.835769
7606.000000,3895.440530
7608.000000,3894.047078
7610.000000,3892.655293
7612.000000,3891.265461
7614.000000,3889.877301
7616.000000,3888.490979
7618.000000,3887.106488
7620.000000,3885.723702
7622.000000,3884.342911
7624.000000,3882.963833
7626.000000,3881.586626
7628.000000,3880.211285
7630.000000,3878.837682
7632.000000,3877.466101
7634.000000,3876.096267
7636.000000,3874.728320
7638.000000,3873.362271
7640.000000,3871.997973
7642.000000,3870.635720
7644.000000,3869.275224
7646.000000,3867.916631
7648.000000,3866.559940
7650.000000,3865.205010
7652.000000,3863.852125
7654.000000,3862.501002
7656.000000,3861.151772
7658.000000,3859.804446
7660.000000,3858.458860
7662.000000,3857.115320
7664.000000,3855.773514
7666.000000,3854.433590
7668.000000,3853.095541
7670.000000,3851.759208
7672.000000,3850.424889
7674.000000,3849.092271
7676.000000,3847.761496
7678.000000,3846.432556
7680.000000,3845.105289
7682.000000,3843.779981
7684.000000,3842.456328
7686.000000,3841.134453
7688.000000,3839.814359
7690.000000,3838.495881
7692.000000,3837.179272
7694.000000,3835.864262
7696.000000,3834.550956
7698.000000,3833.239331
7700.000000,3831.929256
7702.000000,3830.620958
7704.000000,3829.314159
7706.000000,3828.008968
7708.000000,3826.705370
7710.000000,3825.403211
7712.000000,3824.102704
7714.000000,3822.803601
7716.000000,3821.505990
7718.000000,3820.209836
7720.000000,3818.915005
7722.000000,3817.621695
7724.000000,3816.329661
7726.000000,3815.038973
7728.000000,3813.749600
7730.000000,3812.461415
7732.000000,3811.174593
7734.000000,3809.888897
7736.000000,3808.604388
7738.000000,3807.321030
7740.000000,3806.038708
7742.000000,3804.757564
7744.000000,3803.477385
7746.000000,3802.198216
7748.000000,3800.920018
7750.000000,3799.642683
7752.000000,3798.366318
7754.000000,3797.090745
7756.000000,3795.815988
7758.000000,3794.542002
7760.000000,3793.268692
7762.000000,3791.996124
7764.000000,3790.724151
7766.000000,3789.452790
7768.000000,3788.181984
7770.000000,3786.911652
7772.000000,3785.641822
7774.000000,3784.372377
7776.000000,3783.103308
7778.000000,3781.834566
7780.000000,3780.566088
7782.000000,3779.297860
7784.000000,3778.029796
7786.000000,3776.761866
7788.000000,3775.494017
7790.000000,3774.226201
7792.000000,3772.958368
7794.000000,3771.690475
7796.000000,3770.422467
7798.000000,3769.154286
7800.000000,3767.885900
7802.000000,3766.617219
7804.000000,3765.348230
7806.000000,3764.078862
7808.000000,3762.809065
7810.000000,3761.538820
7812.000000,3760.267991
7814.000000,3758.996607
7816.000000,3757.724571
7818.000000,3756.451826
7820.000000,3755.178381
7822.000000,3753.904063
7824.000000,3752.628937
7826.000000,3751.352883
7828.000000,3750.075840
7830.000000,3748.797836
7832.000000,3747.518654
7834.000000,3746.238412
7836.000000,3744.956963
7838.000000,3743.674243
7840.000000,3742.390301
7842.000000,3741.104873
7844.000000,3739.818127
7846.000000,3738.529887
7848.000000,3737.240089
7850.000000,3735.948809
7852.000000,3734.655738
7854.000000,3733.361082
7856.000000,3732.064643
7858.000000,3730.766361
7860.000000,3729.466336
7862.000000,3728.164213
7864.000000,3726.860230
7866.000000,3725.554172
7868.000000,3724.246000
7870.000000,3722.935814
7872.000000,3721.623206
7874.000000,3720.308481
7876.000000,3718.991404
7878.000000,3717.671903
7880.000000,3716.350127
7882.000000,3715.025630
7884.000000,3713.698733
7886.000000,3712.369200
7888.000000,3711.036958
7890.000000,3709.702164
7892.000000,3708.364345
7894.000000,3707.023855
7896.000000,3705.680439
7898.000000,3704.334021
7900.000000,3702.984790
7902.000000,3701.632212
7904.000000,3700.276701
7906.000000,3698.917971
7908.000000,3697.555947
7910.000000,3696.190847
7912.000000,3694.822074
7914.000000,3693.450110
7916.000000,3692.074627
7918.000000,3690.695563
7920.000000,3689.313151
7922.000000,3687.926753
7924.000000,3686.536894
7926.000000,3685.143221
7928.000000,3683.745675
7930.000000,3682.344508
7932.000000,3680.939038
7934.000000,3679.529834
7936.000000,3678.116524
7938.000000,3676.699043
7940.000000,3675.277659
7942.000000,3673.851665
7944.000000,3672.421660
7946.000000,3670.987245
7948.000000,3669.548359
7950.000000,3668.105296
7952.000000,3666.657303
7954.000000,3665.205018
7956.000000,3663.748022
7958.000000,3662.286257
7960.000000,3660.820043
7962.000000,3659.348561
7964.000000,3657.872510
7966.000000,3656.391460
7968.000000,3654.905334
7970.000000,3653.414479
7972.000000,3651.918041
7974.000000,3650.416747
7976.000000,3648.910156
7978.000000,3647.398186
7980.000000,3645.881216
7982.000000,3644.358325
7984.000000,3642.830321
7986.000000,3641.296701
7988.000000,3639.757420
7990.000000,3638.212855
7992.000000,3636.662051
7994.000000,3635.105863
7996.000000,3633.543771
7998.000000,3631.975713
8000.000000,3630.402114
8002.000000,3628.821977
8004.000000,3627.236175
8006.000000,3625.644188
8008.000000,3624.045967
8010.000000,3622.441943
8012.000000,3620.831086
8014.000000,3619.214317
8016.000000,3617.591100
8018.000000,3615.961378
8020.000000,3614.325778
8022.000000,3612.680207
8024.000000,3611.033303
8026.000000,3609.377636
8028.000000,3607.713103
8030.000000,3606.047071
8032.000000,3604.369463
8034.000000,3602.686731
8036.000000,3600.999225
8038.000000,3599.300820
8040.000000,3597.599832
8042.000000,3595.889248
8044.000000,3594.170344
8046.000000,3592.449208
8048.000000,3590.716075
8050.000000,3588.979746
8052.000000,3587.234423
8054.000000,3585.479900
8056.000000,3583.723396
8058.000000,3581.954717
8060.000000,3580.182705
8062.000000,3578.400929
8064.000000,3576.611363
8066.000000,3574.817796
8068.000000,3573.012796
8070.000000,3571.204791
8072.000000,3569.384897
8074.000000,3567.560900
8076.000000,3565.728629
8078.000000,3563.887157
8080.000000,3562.042297
8082.000000,3560.185264
8084.000000,3558.324866
8086.000000,3556.452291
8088.000000,3554.577409
8090.000000,3552.691683
8092.000000,3550.799959
8094.000000,3548.899835
8096.000000,3546.992555
8098.000000,3545.077736
8100.000000,3543.155253
8102.000000,3541.225581
8104.000000,3539.286982
8106.000000,3537.343378
8108.000000,3535.388894
8110.000000,3533.431165
8112.000000,3531.461736
8114.000000,3529.487822
8116.000000,3527.504059
8118.000000,3525.514504
8120.000000,3523.515973
8122.000000,3521.511241
8124.000000,3519.497704
8126.000000,3517.478102
8128.000000,3515.449796
8130.000000,3513.415172
8132.000000,3511.372335
8134.000000,3509.322001
8136.000000,3507.265399
8138.000000,3505.199470
8140.000000,3503.129057
8142.000000,3501.047866
8144.000000,3498.962152
8146.000000,3496.867465
8148.000000,3494.765942
8150.000000,3492.658539
8152.000000,3490.541149
8154.000000,3488.419891
8156.000000,3486.288674
8158.000000,3484.152243
8160.000000,3482.008370
8162.000000,3479.855692
8164.000000,3477.699227
8166.000000,3475.532964
8168.000000,3473.361426
8170.000000,3471.183158
8172.000000,3468.996152
8174.000000,3466.804928
8176.000000,3464.605158
8178.000000,3462.398940
8180.000000,3460.187830
8182.000000,3457.967458
8184.000000,3455.742261
8186.000000,3453.510422
8188.000000,3451.270939
8190.000000,3449.026988
8192.000000,3446.775478
8194.000000,3444.516474
8196.000000,3442.253920
8198.000000,3439.984503
8200.000000,3437.707870
8202.000000,3435.425471
8204.000000,3433.138954
8206.000000,3430.844873
8208.000000,3428.544896
8210.000000,3426.240277
8212.000000,3423.928447
8214.000000,3421.610423
8216.000000,3419.288547
8218.000000,3416.961560
8220.000000,3414.628761
8222.000000,3412.289518
8224.000000,3409.945800
8226.000000,3407.596825
8228.000000,3405.242055
8230.000000,3402.882209
8232.000000,3400.518092
8234.000000,3398.149606
8236.000000,3395.775538
8238.000000,3393.395789
8240.000000,3391.011650
8242.000000,3388.624192
8244.000000,3386.232472
8246.000000,3383.835411
8248.000000,3381.433316
8250.000000,3379.027467
8252.000000,3376.618125
8254.000000,3374.204615
8256.000000,3371.786505
8258.000000,3369.364472
8260.000000,3366.939257
8262.000000,3364.509322
8264.000000,3362.075308
8266.000000,3359.638452
8268.000000,3357.199137
8270.000000,3354.755794
8272.000000,3352.308281
8274.000000,3349.858405
8276.000000,3347.405189
8278.000000,3344.948110
8280.000000,3342.489254
8282.000000,3340.027253
8284.000000,3337.561380
8286.000000,3335.094181
8288.000000,3332.624529
8290.000000,3330.151057
8292.000000,3327.676343
8294.000000,3325.199509
8296.000000,3322.719173
8298.000000,3320.238109
8300.000000,3317.754518
8302.000000,3315.268167
8304.000000,3312.781659
8306.000000,3310.291806
8308.000000,3307.801320
8310.000000,3305.309004
8312.000000,3302.814493
8314.000000,3300.320124
8316.000000,3297.822614
8318.000000,3295.326006
8320.000000,3292.826330
8322.000000,3290.327550
8324.000000,3287.826403
8326.000000,3285.325614
8328.000000,3282.823235
8330.000000,3280.321001
8332.000000,3277.817608
8334.000000,3275.314206
8336.000000,3272.810327
8338.000000,3270.306319
8340.000000,3267.802054
8342.000000,3265.298040
8344.000000,3262.793346
8346.000000,3260.290049
8348.000000,3257.785531
8350.000000,3255.283005
8352.000000,3252.779115
8354.000000,3250.277388
8356.000000,3247.775134
8358.000000,3245.273961
8360.000000,3242.774080
8362.000000,3240.273901
8364.000000,3237.776085
8366.000000,3235.278198
8368.000000,3232.781754
8370.000000,3230.287293
8372.000000,3227.792681
8374.000000,3225.300909
8376.000000,3222.810341
8378.000000,3220.320419
8380.000000,3217.833303
8382.000000,3215.347740
8384.000000,3212.863073
8386.000000,3210.381364
8388.000000,3207.901721
8390.000000,3205.423204
8392.000000,3202.947206
8394.000000,3200.474337
8396.000000,3198.003101
8398.000000,3195.533665
8400.000000,3193.067499
8402.000000,3190.604358
8404.000000,3188.143187
8406.000000,3185.684285
8408.000000,3183.228623
8410.000000,3180.776381
8412.000000,3178.326904
8414.000000,3175.879930
8416.000000,3173.435789
8418.000000,3170.995237
8420.000000,3168.558345
8422.000000,3166.124776
8424.000000,3163.694169
8426.000000,3161.266876
8428.000000,3158.843012
8430.000000,3156.422401
8432.000000,3154.006499
8434.000000,3151.594105
8436.000000,3149.185428
8438.000000,3146.780560
8440.000000,3144.379286
8442.000000,3141.982289
8444.000000,3139.589029
8446.000000,3137.199883
8448.000000,3134.814937
8450.000000,3132.433929
8452.000000,3130.057601
8454.000000,3127.685346
8456.000000,3125.317558
8458.000000,3122.954303
8460.000000,3120.595279
8462.000000,3118.241253
8464.000000,3115.891560
8466.000000,3113.546601
8468.000000,3111.206422
8470.000000,3108.870687
8472.000000,3106.540189
8474.000000,3104.214221
8476.000000,3101.893200
8478.000000,3099.577163
8480.000000,3097.265754
8482.000000,3094.959780
8484.000000,3092.658492
8486.000000,3090.362313
8488.000000,3088.071312
8490.000000,3085.785560
8492.000000,3083.505643
8494.000000,3081.230561
8496.000000,3078.960733
8498.000000,3076.696186
8500.000000,3074.436531
8502.000000,3072.182968
8504.000000,3069.934964
8506.000000,3067.692328
8508.000000,3065.455069
8510.000000,3063.222782
8512.000000,3060.996940
8514.000000,3058.776625
8516.000000,3056.561738
8518.000000,3054.352278
8520.000000,3052.148486
8522.000000,3049.951174
8524.000000,3047.758902
8526.000000,3045.572210
8528.000000,3043.392099
8530.000000,3041.217183
8532.000000,3039.048207
8534.000000,3036.885350
8536.000000,3034.728304
8538.000000,3032.576886
8540.000000,3030.431537
8542.000000,3028.292408
8544.000000,3026.158578
8546.000000,3024.031488
8548.000000,3021.909840
8550.000000,3019.794219
8552.000000,3017.685046
8554.000000,3015.581268
8556.000000,3013.484170
8558.000000,3011.392700
8560.000000,3009.307372
8562.000000,3007.228171
8564.000000,3005.155199
8566.000000,3003.087990
8568.000000,3001.027349
8570.000000,2998.972137
8572.000000,2996.923880
8574.000000,2994.881119
8576.000000,2992.844819
8578.000000,2990.814479
8580.000000,2988.790208
8582.000000,2986.772319
8584.000000,2984.760464
8586.000000,2982.754697
8588.000000,2980.755181
8590.000000,2978.761627
8592.000000,2976.774524
8594.000000,2974.793422
8596.000000,2972.818447
8598.000000,2970.849722
8600.000000,2968.886920
8602.000000,2966.930585
8604.000000,2964.980157
8606.000000,2963.036016
8608.000000,2961.097911
8610.000000,2959.165630
8612.000000,2957.240258
8614.000000,2955.320477
8616.000000,2953.406845
8618.000000,2951.499505
8620.000000,2949.597953
8622.000000,2947.702839
8624.000000,2945.813474
8626.000000,2943.930395
8628.000000,2942.053533
8630.000000,2940.182331
8632.000000,2938.317597
8634.000000,2936.458512
8636.000000,2934.605602
8638.000000,2932.758892
8640.000000,2930.917845
8642.000000,2929.083148
8644.000000,2927.254114
8646.000000,2925.431227
8648.000000,2923.614354
8650.000000,2921.802938
8652.000000,2919.998068
8654.000000,2918.198869
8656.000000,2916.405506
8658.000000,2914.618124
8660.000000,2912.836336
8662.000000,2911.060772
8664.000000,2909.290774
8666.000000,2907.526705
8668.000000,2905.768380
8670.000000,2904.015644
8672.000000,2902.269091
8674.000000,2900.527928
8676.000000,2898.792668
8678.000000,2897.063037
8680.000000,2895.338913
8682.000000,2893.620803
8684.000000,2891.908103
8686.000000,2890.201059
8688.000000,2888.499703
8690.000000,2886.803629
8692.000000,2885.113561
8694.000000,2883.428752
8696.000000,2881.749507
8698.000000,2880.075844
8700.000000,2878.407363
8702.000000,2876.744740
8704.000000,2875.087353
8706.000000,2873.435285
8708.000000,2871.788884
8710.000000,2870.147326
8712.000000,2868.511756
8714.000000,2866.881126
8716.000000,2865.255791
8718.000000,2863.635963
8720.000000,2862.020912
8722.000000,2860.411617
8724.000000,2858.807278
8726.000000,2857.208035
8728.000000,2855.614125
8730.000000,2854.025061
8732.000000,2852.441435
8734.000000,2850.862613
8736.000000,2849.289018
8738.000000,2847.720423
8740.000000,2846.156432
8742.000000,2844.598064
8744.000000,2843.044293
8746.000000,2841.495449
8748.000000,2839.951537
8750.000000,2838.412307
8752.000000,2836.878377
8754.000000,2835.348915
8756.000000,2833.824280
8758.000000,2832.304471
8760.000000,2830.789202
8762.000000,2829.279087
8764.000000,2827.773335
8766.000000,2826.272292
8768.000000,2824.775935
8770.000000,2823.283883
8772.000000,2821.796859
8774.000000,2820.314162
8776.000000,2818.836053
8778.000000,2817.362499
8780.000000,2815.893129
8782.000000,2814.428612
8784.000000,2812.968231
8786.000000,2811.512310
8788.000000,2810.060819
8790.000000,2808.613395
8792.000000,2807.170684
8794.000000,2805.731987
8796.000000,2804.297612
8798.000000,2802.867529
8800.000000,2801.441385
8802.000000,2800.019804
8804.000000,2798.602108
8806.000000,2797.188597
8808.000000,2795.779239
8810.000000,2794.373691
8812.000000,2792.972554
8814.000000,2791.575168
8816.000000,2790.181819
8818.000000,2788.792477
8820.000000,2787.406806
8822.000000,2786.025389
8824.000000,2784.647645
8826.000000,2783.273823
8828.000000,2781.903869
8830.000000,2780.537460
8832.000000,2779.175150
8834.000000,2777.816325
8836.000000,2776.461246
8838.000000,2775.109975
8840.000000,2773.762128
8842.000000,2772.418222
8844.000000,2771.077664
8846.000000,2769.740710
8848.000000,2768.407434
8850.000000,2767.077459
8852.000000,2765.751271
8854.000000,2764.428301
8856.000000,2763.108865
8858.000000,2761.792914
8860.000000,2760.480098
8862.000000,2759.170921
8864.000000,2757.864934
8866.000000,2756.562285
8868.000000,2755.262917
8870.000000,2753.966650
8872.000000,2752.673924
8874.000000,2751.384148
8876.000000,2750.097626
8878.000000,2748.814317
8880.000000,2747.533876
8882.000000,2746.256868
8884.000000,2744.982724
8886.000000,2743.711624
8888.000000,2742.443654
8890.000000,2741.178440
8892.000000,2739.916483
8894.000000,2738.657304
8896.000000,2737.401042
8898.000000,2736.147768
8900.000000,2734.897119
8902.000000,2733.649625
8904.000000,2732.404726
8906.000000,2731.162670
8908.000000,2729.923408
8910.000000,2728.686712
8912.000000,2727.452984
8914.000000,2726.221761
8916.000000,2724.993268
8918.000000,2723.767430
8920.000000,2722.544068
8922.000000,2721.323510
8924.000000,2720.105365
8926.000000,2718.889791
8928.000000,2717.676754
8930.000000,2716.466072
8932.000000,2715.258045
8934.000000,2714.052339
8936.000000,2712.849053
8938.000000,2711.648219
8940.000000,2710.449602
8942.000000,2709.253533
8944.000000,2708.059672
8946.000000,2706.868108
8948.000000,2705.678866
8950.000000,2704.491726
8952.000000,2703.306998
8954.000000,2702.124352
8956.000000,2700.943898
8958.000000,2699.765628
8960.000000,2698.589372
8962.000000,2697.415396
8964.000000,2696.243392
8966.000000,2695.073490
8968.000000,2693.905638
8970.000000,2692.739675
8972.000000,2691.575913
8974.000000,2690.413978
8976.000000,2689.254008
8978.000000,2688.095996
8980.000000,2686.939770
8982.000000,2685.785576
8984.000000,2684.633128
8986.000000,2683.482551
8988.000000,2682.333814
8990.000000,2681.186751
8992.000000,2680.041625
8994.000000,2678.898137
8996.000000,2677.756392
8998.000000,2676.616365
9000.000000,2675.477906
9002.000000,2674.341267
9004.000000,2673.206159
9006.000000,2672.072678
9008.000000,2670.940806
9010.000000,2669.810408
9012.000000,2668.681715
9014.000000,2667.554452
9016.000000,2666.428718
9018.000000,2665.304490
9020.000000,2664.181636
9022.000000,2663.060352
9024.000000,2661.940391
9026.000000,2660.821849
9028.000000,2659.704719
9030.000000,2658.588854
9032.000000,2657.474438
9034.000000,2656.361259
9036.000000,2655.249399
9038.000000,2654.138826
9040.000000,2653.029432
9042.000000,2651.921405
9044.000000,2650.814503
9046.000000,2649.708806
9048.000000,2648.604305
9050.000000,2647.500881
9052.000000,2646.398682
9054.000000,2645.297525
9056.000000,2644.197471
9058.000000,2643.098498
9060.000000,2642.000516
9062.000000,2640.903653
9064.000000,2639.807737
9066.000000,2638.712837
9068.000000,2637.618911
9070.000000,2636.525880
9072.000000,2635.433870
9074.000000,2634.342696
9076.000000,2633.252441
9078.000000,2632.163056
9080.000000,2631.074464
9082.000000,2629.986789
9084.000000,2628.899858
9086.000000,2627.813743
9088.000000,2626.728406
9090.000000,2625.643772
9092.000000,2624.559953
9094.000000,2623.476789
9096.000000,2622.394345
9098.000000,2621.312573
9100.000000,2620.231422
9102.000000,2619.150959
9104.000000,2618.071070
9106.000000,2616.991789
9108.000000,2615.913086
9110.000000,2614.834912
9112.000000,2613.757318
9114.000000,2612.680215
9116.000000,2611.603617
9118.000000,2610.527511
9120.000000,2609.451838
9122.000000,2608.376647
9124.000000,2607.301854
9126.000000,2606.227467
9128.000000,2605.153472
9130.000000,2604.079815
9132.000000,2603.006537
9134.000000,2601.933560
9136.000000,2600.860898
9138.000000,2599.788524
9140.000000,2598.716406
9142.000000,2597.644557
9144.000000,2596.572931
9146.000000,2595.501515
9148.000000,2594.430300
9150.000000,2593.359245
9152.000000,2592.288360
9154.000000,2591.217598
9156.000000,2590.146955
9158.000000,2589.076407
9160.000000,2588.005933
9162.000000,2586.935520
9164.000000,2585.865143
9166.000000,2584.794788
9168.000000,2583.724429
9170.000000,2582.654058
9172.000000,2581.583641
9174.000000,2580.513174
9176.000000,2579.442625
9178.000000,2578.371980
9180.000000,2577.301227
9182.000000,2576.230325
9184.000000,2575.159277
9186.000000,2574.088050
9188.000000,2573.016626
9190.000000,2571.945001
9192.000000,2570.873122
9194.000000,2569.801003
9196.000000,2568.728607
9198.000000,2567.655913
9200.000000,2566.582927
9202.000000,2565.509578
9204.000000,2564.435896
9206.000000,2563.361837
9208.000000,2562.287381
9210.000000,2561.212537
9212.000000,2560.137223
9214.000000,2559.061481
9216.000000,2557.985263
9218.000000,2556.908540
9220.000000,2555.831339
9222.000000,2554.753552
9224.000000,2553.675244
9226.000000,2552.596354
9228.000000,2551.516856
9230.000000,2550.436787
9232.000000,2549.356015
9234.000000,2548.274631
9236.000000,2547.192558
9238.000000,2546.109775
9240.000000,2545.026321
9242.000000,2543.942052
9244.000000,2542.857074
9246.000000,2541.771293
9248.000000,2540.684699
9250.000000,2539.597326
9252.000000,2538.509025
9254.000000,2537.419909
9256.000000,2536.329883
9258.000000,2535.238937
9260.000000,2534.147108
9262.000000,2533.054242
9264.000000,2531.960450
9266.000000,2530.865647
9268.000000,2529.769804
9270.000000,2528.672978
9272.000000,2527.574989
9274.000000,2526.475967
9276.000000,2525.375821
9278.000000,2524.274505
9280.000000,2523.172113
9282.000000,2522.068418
9284.000000,2520.963595
9286.000000,2519.857526
9288.000000,2518.750182
9290.000000,2517.641650
9292.000000,2516.531686
9294.000000,2515.420494
9296.000000,2514.307918
9298.000000,2513.193960
9300.000000,2512.078681
9302.000000,2510.961855
9304.000000,2509.843661
9306.000000,2508.723978
9308.000000,2507.602775
9310.000000,2506.480142
9312.000000,2505.355831
9314.000000,2504.230036
9316.000000,2503.102635
9318.000000,2501.973575
9320.000000,2500.842989
9322.000000,2499.710549
9324.000000,2498.576534
9326.000000,2497.440746
9328.000000,2496.303187
9330.000000,2495.163945
9332.000000,2494.022742
9334.000000,2492.879802
9336.000000,2491.734993
9338.000000,2490.588246
9340.000000,2489.439725
9342.000000,2488.289062
9344.000000,2487.136569
9346.000000,2485.982029
9348.000000,2484.825445
9350.000000,2483.666915
9352.000000,2482.506118
9354.000000,2481.343314
9356.000000,2480.178352
9358.000000,2479.011159
9360.000000,2477.841927
9362.000000,2476.670230
9364.000000,2475.496436
9366.000000,2474.320297
9368.000000,2473.141814
9370.000000,2471.961119
9372.000000,2470.777817
9374.000000,2469.592252
9376.000000,2468.404188
9378.000000,2467.213614
9380.000000,2466.020667
9382.000000,2464.824957
9384.000000,2463.626818
9386.000000,2462.426038
9388.000000,2461.222581
9390.000000,2460.016605
9392.000000,2458.807690
9394.000000,2457.596186
9396.000000,2456.381874
9398.000000,2455.164704
9400.000000,2453.944849
9402.000000,2452.721858
9404.000000,2451.496113
9406.000000,2450.267382
9408.000000,2449.035619
9410.000000,2447.801011
9412.000000,2446.563083
9414.000000,2445.322240
9416.000000,2444.078220
9418.000000,2442.830994
9420.000000,2441.580743
9422.000000,2440.326954
9424.000000,2439.070087
9426.000000,2437.809822
9428.000000,2436.546157
9430.000000,2435.279329
9432.000000,2434.008693
9434.000000,2432.734819
9436.000000,2431.457391
9438.000000,2430.176336
9440.000000,2428.891897
9442.000000,2427.603502
9444.000000,2426.311637
9446.000000,2425.015982
9448.000000,2423.716510
9450.000000,2422.413481
9452.000000,2421.106190
9454.000000,2419.795260
9456.000000,2418.480349
9458.000000,2417.161394
9460.000000,2415.838658
9462.000000,2414.511478
9464.000000,2413.180442
9466.000000,2411.845172
9468.000000,2410.505603
9470.000000,2409.162037
9472.000000,2407.813795
9474.000000,2406.461476
9476.000000,2405.104677
9478.000000,2403.743345
9480.000000,2402.377805
9482.000000,2401.007334
9484.000000,2399.632551
9486.000000,2398.253036
9488.000000,2396.868740
9490.000000,2395.480003
9492.000000,2394.086031
9494.000000,2392.687502
9496.000000,2391.284000
9498.000000,2389.875488
9500.000000,2388.462309
9502.000000,2387.043531
9504.000000,2385.619975
9506.000000,2384.191196
9508.000000,2382.757099
9510.000000,2381.318027
9512.000000,2379.873162
9514.000000,2378.423217
9516.000000,2376.967724
9518.000000,2375.506675
9520.000000,2374.040413
9522.000000,2372.567955
9524.000000,2371.090222
9526.000000,2369.606649
9528.000000,2368.117140
9530.000000,2366.622204
9532.000000,2365.120724
9534.000000,2363.613649
9536.000000,2362.100490
9538.000000,2360.581027
9540.000000,2359.055872
9542.000000,2357.523827
9544.000000,2355.985902
9546.000000,2354.441519
9548.000000,2352.890549
9550.000000,2351.333563
9552.000000,2349.769285
9554.000000,2348.198889
9556.000000,2346.621583
9558.000000,2345.037493
9560.000000,2343.446899
9562.000000,2341.848833
9564.000000,2340.244138
9566.000000,2338.632353
9568.000000,2337.013240
9570.000000,2335.387501
9572.000000,2333.753641
9574.000000,2332.113022
9576.000000,2330.464766
9578.000000,2328.808984
9580.000000,2327.146023
9582.000000,2325.474725
9584.000000,2323.796213
9586.000000,2322.109663
9588.000000,2320.415218
9590.000000,2318.713200
9592.000000,2317.002441
9594.000000,2315.284101
9596.000000,2313.557287
9598.000000,2311.822175
9600.000000,2310.079159
9602.000000,2308.326840
9604.000000,2306.566608
9606.000000,2304.797545
9608.000000,2303.019576
9610.000000,2301.233451
9612.000000,2299.437581
9614.000000,2297.633166
9616.000000,2295.819626
9618.000000,2293.996830
9620.000000,2292.165226
9622.000000,2290.323410
9624.000000,2288.472808
9626.000000,2286.612582
9628.000000,2284.742398
9630.000000,2282.863128
9632.000000,2280.973181
9634.000000,2279.073982
9636.000000,2277.164573
9638.000000,2275.244777
9640.000000,2273.315441
9642.000000,2271.374864
9644.000000,2269.424547
9646.000000,2267.463582
9648.000000,2265.491758
9650.000000,2263.509789
9652.000000,2261.515997
9654.000000,2259.511959
9656.000000,2257.496720
9658.000000,2255.470160
9660.000000,2253.433053
9662.000000,2251.383511
9664.000000,2249.323197
9666.000000,2247.251104
9668.000000,2245.167088
9670.000000,2243.071929
9672.000000,2240.963712
9674.000000,2238.844194
9676.000000,2236.712321
9678.000000,2234.567963
9680.000000,2232.411976
9682.000000,2230.242287
9684.000000,2228.060736
9686.000000,2225.866228
9688.000000,2223.658633
9690.000000,2221.438812
9692.000000,2219.204545
9694.000000,2216.957824
9696.000000,2214.697497
9698.000000,2212.423434
9700.000000,2210.136585
9702.000000,2207.834678
9704.000000,2205.519738
9706.000000,2203.190562
9708.000000,2200.847019
9710.000000,2198.490024
9712.000000,2196.117009
9714.000000,2193.730359
9716.000000,2191.328813
9718.000000,2188.912241
9720.000000,2186.481690
9722.000000,2184.034419
9724.000000,2181.572656
9726.000000,2179.095342
9728.000000,2176.602343
9730.000000,2174.094715
9732.000000,2171.569264
9734.000000,2169.028954
9736.000000,2166.472438
9738.000000,2163.899348
9740.000000,2161.310437
9742.000000,2158.703619
9744.000000,2156.081258
9746.000000,2153.441274
9748.000000,2150.784122
9750.000000,2148.111157
9752.000000,2145.418542
9754.000000,2142.709750
9756.000000,2139.983167
9758.000000,2137.237995
9760.000000,2134.476304
9762.000000,2131.694525
9764.000000,2128.895414
9766.000000,2126.077827
9768.000000,2123.240775
9770.000000,2120.386590
9772.000000,2117.511003
9774.000000,2114.617790
9776.000000,2111.704700
9778.000000,2108.771940
9780.000000,2105.820512
9782.000000,2102.847499
9784.000000,2099.855506
9786.000000,2096.843101
9788.000000,2093.809757
9790.000000,2090.757381
9792.000000,2087.681866
9794.000000,2084.587166
9796.000000,2081.470466
9798.000000,2078.332697
9800.000000,2075.174218
9802.000000,2071.992310
9804.000000,2068.789947
9806.000000,2065.564858
9808.000000,2062.317698
9810.000000,2059.049089
9812.000000,2055.755681
9814.000000,2052.441399
9816.000000,2049.103283
9818.000000,2045.741519
9820.000000,2042.358234
9822.000000,2038.949042
9824.000000,2035.517236
9826.000000,2032.061385
9828.000000,2028.581091
9830.000000,2025.077813
9832.000000,2021.547653
9834.000000,2017.994443
9836.000000,2014.415881
9838.000000,2010.811612
9840.000000,2007.183556
9842.000000,2003.527898
9844.000000,1999.848086
9846.000000,1996.141758
9848.000000,1992.408825
9850.000000,1988.651371
9852.000000,1984.864939
9854.000000,1981.053262
9856.000000,1977.214311
9858.000000,1973.348335
9860.000000,1969.456258
9862.000000,1965.533672
9864.000000,1961.585625
9866.000000,1957.609523
9868.000000,1953.603866
9870.000000,1949.572258
9872.000000,1945.509765
9874.000000,1941.419568
9876.000000,1937.300666
9878.000000,1933.152089
9880.000000,1928.975416
9882.000000,1924.767438
9884.000000,1920.530725
9886.000000,1916.264366
9888.000000,1911.967077
9890.000000,1907.641266
9892.000000,1903.282723
9894.000000,1898.894412
9896.000000,1894.476047
9898.000000,1890.024636
9900.000000,1885.545489
9902.000000,1881.030365
9904.000000,1876.486906
9906.000000,1871.910114
9908.000000,1867.301958
9910.000000,1862.662517
9912.000000,1857.988419
9914.000000,1853.283940
9916.000000,1848.545287
9918.000000,1843.774764
9920.000000,1838.971416
9922.000000,1834.133510
9924.000000,1829.263380
9926.000000,1824.358776
9928.000000,1819.421553
9930.000000,1814.450759
9932.000000,1809.443554
9934.000000,1804.405504
9936.000000,1799.330191
9938.000000,1794.221017
9940.000000,1789.080955
9942.000000,1783.900332
9944.000000,1778.687519
9946.000000,1773.440582
9948.000000,1768.157779
9950.000000,1762.839910
9952.000000,1757.484670
9954.000000,1752.097180
9956.000000,1746.673072
9958.000000,1741.210973
9960.000000,1735.716030
9962.000000,1730.182755
9964.000000,1724.616436
9966.000000,1719.012456
9968.000000,1713.370421
9970.000000,1707.695010
9972.000000,1701.980531
9974.000000,1696.232402
9976.000000,1690.447683
9978.000000,1684.626044
9980.000000,1678.768646
9982.000000,1672.870922
9984.000000,1666.939189
9986.000000,1660.970536
9988.000000,1654.964874
9990.000000,1648.925001
9992.000000,1642.845166
9994.000000,1636.731056
9996.000000,1630.579793
9998.000000,1624.391355
10000.000000,1618.168605
10002.000000,1611.905845
10004.000000,1605.608839
10006.000000,1599.274773
10008.000000,1592.903721
10010.000000,1586.498593
10012.000000,1580.053823
10014.000000,1573.575183
10016.000000,1567.059978
10018.000000,1560.508376
10020.000000,1553.923331
10022.000000,1547.299496
10024.000000,1540.642627
10026.000000,1533.950198
10028.000000,1527.222491
10030.000000,1520.461854
10032.000000,1513.660146
10034.000000,1506.826347
10036.000000,1499.958110
10038.000000,1493.055839
10040.000000,1486.122504
10042.000000,1479.153434
10044.000000,1472.151635
10046.000000,1465.112951
10048.000000,1458.042044
10050.000000,1450.941871
10052.000000,1443.808209
10054.000000,1436.643149
10056.000000,1429.441986
10058.000000,1422.211047
10060.000000,1414.953236
10062.000000,1407.662011
10064.000000,1400.337637
10066.000000,1392.984948
10068.000000,1385.605674
10070.000000,1378.195745
10072.000000,1370.752226
10074.000000,1363.286032
10076.000000,1355.792059
10078.000000,1348.265068
10080.000000,1340.716573
10082.000000,1333.140816
10084.000000,1325.535028
10086.000000,1317.908135
10088.000000,1310.255976
10090.000000,1302.575474
10092.000000,1294.876685
10094.000000,1287.149151
10096.000000,1279.400579
10098.000000,1271.633258
10100.000000,1263.837980
10102.000000,1256.028457
10104.000000,1248.191969
10106.000000,1240.340341
10108.000000,1232.467718
10110.000000,1224.576082
10112.000000,1216.669068
10114.000000,1208.740750
10116.000000,1200.801014
10118.000000,1192.839891
10120.000000,1184.871701
10122.000000,1176.878785
10124.000000,1168.882281
10126.000000,1160.863005
10128.000000,1152.840135
10130.000000,1144.798440
10132.000000,1136.751787
10134.000000,1128.691737
10136.000000,1120.623265
10138.000000,1112.547998
10140.000000,1104.461114
10142.000000,1096.372988
10144.000000,1088.273755
10146.000000,1080.172802
10148.000000,1072.066979
10150.000000,1063.953681
10152.000000,1055.843243
10154.000000,1047.726443
10156.000000,1039.610575
10158.000000,1031.494858
10160.000000,1023.375904
10162.000000,1015.264306
10164.000000,1007.151284
10166.000000,999.039888
10168.000000,990.937617
10170.000000,982.837362
10172.000000,974.738759
10174.000000,966.650732
10176.000000,958.571562
10178.000000,950.495702
10180.000000,942.428069
10182.000000,934.375949
10184.000000,926.331629
10186.000000,918.297963
10188.000000,910.279063
10190.000000,902.274417
10192.000000,894.280573
10194.000000,886.299218
10196.000000,878.336522
10198.000000,870.393514
10200.000000,862.466206
10202.000000,854.553229
10204.000000,846.658311
10206.000000,838.786038
10208.000000,830.937531
10210.000000,823.109616
10212.000000,815.299501
10214.000000,807.509732
10216.000000,799.747795
10218.000000,792.012540
10220.000000,784.299107
10222.000000,776.611406
10224.000000,768.950915
10226.000000,761.319358
10228.000000,753.713893
10230.000000,746.132899
10232.000000,738.590132
10234.000000,731.072819
10236.000000,723.584427
10238.000000,716.131098
10240.000000,708.711944
10242.000000,701.316816
10244.000000,693.957992
10246.000000,686.637141
10248.000000,679.346336
10250.000000,672.088626
10252.000000,664.873912
10254.000000,657.688840
10256.000000,650.543181
10258.000000,643.435816
10260.000000,636.359798
10262.000000,629.331580
10264.000000,622.335580
10266.000000,615.379138
10268.000000,608.466260
10270.000000,601.585546
10272.000000,594.755293
10274.000000,587.959176
10276.000000,581.205051
10278.000000,574.496262
10280.000000,567.821709
10282.000000,561.200003
10284.000000,554.613262
10286.000000,548.073433
10288.000000,541.576933
10290.000000,535.119457
10292.000000,528.714832
10294.000000,522.345366
10296.000000,516.028960
10298.000000,509.749123
10300.000000,503.521204
10302.000000,497.332531
10304.000000,491.195434
10306.000000,485.097273
10308.000000,479.052687
10310.000000,473.044899
10312.000000,467.095018
10314.000000,461.181513
10316.000000,455.323631
10318.000000,449.503670
10320.000000,443.735090
10322.000000,438.012517
10324.000000,432.337637
10326.000000,426.709069
10328.000000,421.128428
10330.000000,415.594201
10332.000000,410.107493
10334.000000,404.672009
10336.000000,399.275780
10338.000000,393.935198
10340.000000,388.633822
10342.000000,383.387445
10344.000000,378.186352
10346.000000,373.028720
10348.000000,367.925155
10350.000000,362.860167
10352.000000,357.851118
10354.000000,352.886038
10356.000000,347.964914
10358.000000,343.097253
10360.000000,338.268496
10362.000000,333.493404
10364.000000,328.765642
10366.000000,324.077499
10368.000000,319.442475
10370.000000,314.850197
10372.000000,310.305344
10374.000000,305.808429
10376.000000,301.355730
10378.000000,296.948215
10380.000000,292.587937
10382.000000,288.274010
10384.000000,284.001958
10386.000000,279.780080
10388.000000,275.600599
10390.000000,271.462085
10392.000000,267.376518
10394.000000,263.330722
10396.000000,259.327477
10398.000000,255.372384
10400.000000,251.459277
10402.000000,247.589121
10404.000000,243.762477
10406.000000,239.982626
10408.000000,236.241536
10410.000000,232.541278
10412.000000,228.890317
10414.000000,225.278928
10416.000000,221.706396
10418.000000,218.178621
10420.000000,214.691845
10422.000000,211.248091
10424.000000,207.841357
10426.000000,204.478031
10428.000000,201.157553
10430.000000,197.872056
10432.000000,194.629841
10434.000000,191.426406
10436.000000,188.264649
10438.000000,185.140485
10440.000000,182.051716
10442.000000,179.006744
10444.000000,175.998968
10446.000000,173.029369
10448.000000,170.095978
10450.000000,167.198660
10452.000000,164.343307
10454.000000,161.523385
10456.000000,158.738770
10458.000000,155.990540
10460.000000,153.277062
10462.000000,150.603740
10464.000000,147.964229
10466.000000,145.358470
10468.000000,142.788057
10470.000000,140.250860
10472.000000,137.752037
10474.000000,135.285704
10476.000000,132.852379
10478.000000,130.452264
10480.000000,128.083857
10482.000000,125.752067
10484.000000,123.451345
10486.000000,121.183762
10488.000000,118.946816
10490.000000,116.739777
10492.000000,114.567632
10494.000000,112.425082
10496.000000,110.314295
10498.000000,108.234744
10500.000000,106.182362
10502.000000,104.162566
10504.000000,102.170924
10506.000000,100.209486
10508.000000,98.277922
10510.000000,96.373663
10512.000000,94.500567
10514.000000,92.652902
10516.000000,90.833678
10518.000000,89.042811
10520.000000,87.277856
10522.000000,85.542794
10524.000000,83.833064
10526.000000,82.150501
10528.000000,80.494051
10530.000000,78.861448
10532.000000,77.257159
10534.000000,75.676855
10536.000000,74.122265
10538.000000,72.593082
10540.000000,71.087105
10542.000000,69.607879
10544.000000,68.151217
10546.000000,66.718040
10548.000000,65.308705
10550.000000,63.921284
10552.000000,62.559119
10554.000000,61.218333
10556.000000,59.900456
10558.000000,58.605198
10560.000000,57.330585
10562.000000,56.079757
10564.000000,54.848995
10566.000000,53.639247
10568.000000,52.450680
10570.000000,51.281545
10572.000000,50.134784
10574.000000,49.006952
10576.000000,47.899388
10578.000000,46.811819
10580.000000,45.742493
10582.000000,44.694163
10584.000000,43.663592
10586.000000,42.652028
10588.000000,41.659177
10590.000000,40.683147
10592.000000,39.726685
10594.000000,38.786858
10596.000000,37.864828
10598.000000,36.960345
10600.000000,36.071854
10602.000000,35.201759
10604.000000,34.347210
10606.000000,33.509284
10608.000000,32.687743
10610.000000,31.881129
10612.000000,31.091677
10614.000000,30.316722
10616.000000,29.557265
10618.000000,28.813072
10620.000000,28.082756
10622.000000,27.368220
10624.000000,26.667178
10626.000000,25.980556
10628.000000,25.308131
10630.000000,24.648630
10632.000000,24.003974
10634.000000,23.371846
10636.000000,22.753100
10638.000000,22.147523
10640.000000,21.553927
10642.000000,20.974091
10644.000000,20.405856
10646.000000,19.850010
10648.000000,19.306347
10650.000000,18.773768
10652.000000,18.253905
10654.000000,17.744762
10656.000000,17.247060
10658.000000,16.760602
10660.000000,16.284367
10662.000000,15.819857
10664.000000,15.365224
10666.000000,14.921127
10668.000000,14.487320
10670.000000,14.062910
10672.000000,13.649282
10674.000000,13.244731
10676.000000,12.849857
10678.000000,12.464484
10680.000000,12.087739
10682.000000,11.720877
10684.000000,11.362332
10686.000000,11.012647
10688.000000,10.671655
10690.000000,10.338554
10692.000000,10.014485
10694.000000,9.698011
10696.000000,9.389623
10698.000000,9.089165
10700.000000,8.795900
10702.000000,8.510861
10704.000000,8.232735
10706.000000,7.961965
10708.000000,7.698403
10710.000000,7.441375
10712.000000,7.191813
10714.000000,6.948521
10716.000000,6.711898
10718.000000,6.481801
10720.000000,6.257618
10722.000000,6.040187
10724.000000,5.828422
10726.000000,5.622677
10728.000000,5.422820
10730.000000,5.228293
10732.000000,5.039850
10734.000000,4.856504
10736.000000,4.678571
10738.000000,4.505930
10740.000000,4.338072
10742.000000,4.175670
10744.000000,4.017834
10746.000000,3.864846
10748.000000,3.716591
10750.000000,3.572609
10752.000000,3.433497
10754.000000,3.298461
10756.000000,3.167742
10758.000000,3.041233
10760.000000,2.918527
10762.000000,2.800148
10764.000000,2.685382
10766.000000,2.574445
10768.000000,2.467236
10770.000000,2.363392
10772.000000,2.263368
10774.000000,2.166534
10776.000000,2.073076
10778.000000,1.982900
10780.000000,1.895683
10782.000000,1.811822
10784.000000,1.730759
10786.000000,1.652654
10788.000000,1.577422
10790.000000,1.504773
10792.000000,1.435054
10794.000000,1.367774
10796.000000,1.303069
10798.000000,1.240860
10800.000000,1.180896
10802.000000,1.123471
10804.000000,1.068157
10806.000000,1.015067
10808.000000,0.964133
10810.000000,0.915131
10812.000000,0.868313
10814.000000,0.823309
10816.000000,0.780211
10818.000000,0.738957
10820.000000,0.699355
10822.000000,0.661616
10824.000000,0.625420
10826.000000,0.590844
10828.000000,0.557832
10830.000000,0.526219
10832.000000,0.496179
10834.000000,0.467440
10836.000000,0.440065
10838.000000,0.414003
10840.000000,0.389113
10842.000000,0.365537
10844.000000,0.343047
10846.000000,0.321691
10848.000000,0.301426
10850.000000,0.282131
10852.000000,0.263923
10854.000000,0.246608
10856.000000,0.230227
10858.000000,0.214737
10860.000000,0.200041
10862.000000,0.186232
10864.000000,0.173148
10866.000000,0.160819
10868.000000,0.149213
10870.000000,0.138244
10872.000000,0.127987
10874.000000,0.118310
10876.000000,0.109236
10878.000000,0.100735
10880.000000,0.092738
10882.000000,0.085302
10884.000000,0.078321
10886.000000,0.071811
10888.000000,0.065748
10890.000000,0.060076
10892.000000,0.054837
10894.000000,0.049946
10896.000000,0.045418
10898.000000,0.041227
10900.000000,0.037333
10902.000000,0.033765
10904.000000,0.030457
10906.000000,0.027418
10908.000000,0.024631
10910.000000,0.022060
10912.000000,0.019729
10914.000000,0.017586
10916.000000,0.015636
10918.000000,0.013866
10920.000000,0.012250
10922.000000,0.010801
10924.000000,0.009485
10926.000000,0.008303
10928.000000,0.007243
10930.000000,0.006286
10932.000000,0.005444
10934.000000,0.004688
10936.000000,0.004020
10938.000000,0.003431
10940.000000,0.002911
10942.000000,0.002459
10944.000000,0.002063
10946.000000,0.001720
10948.000000,0.001425
10950.000000,0.001170
10952.000000,0.000956
10954.000000,0.000773
10956.000000,0.000618
10958.000000,0.000491
10960.000000,0.000383
10962.000000,0.000297
10964.000000,0.000226
10966.000000,0.000170
10968.000000,0.000126
10970.000000,0.000091
10972.000000,0.000064
10974.000000,0.000044
10976.000000,0.000030
10978.000000,0.000020
10980.000000,0.000013
10982.000000,0.000007
10984.000000,0.000004
10986.000000,0.000002
10988.000000,0.000001
10990.000000,0.000000
10992.000000,0.000000
10994.000000,0.000000
10996.000000,0.000000
10998.000000,0.000000
11000.000000,0.000000
