# SERX1 V2: rescaled to the measured 90-degree point of EO1: peak 5200.058 V -> 5128.3 V (x 0.986201), 2026-09-02
# same data as target_SERX1_V90.csv (2026-09-01, tools/make_v90_targets.py); this file is that rescale under the V2 name
# V90 at the monitor 5128.3 V = 9.168 V commanded (measured command->HV gain 0.5594); EO zero at -20.7 V, NOT applied -- the record still starts/ends at 0 V; rise/fall hysteresis 0.21 %
# source target_SERX1.csv, 5501 pts at 2.0000 us, header of the source follows
#   from forward.csv + 1000 us hold + reverse.csv, 1.25 us -> 2 us linear
#   split ramp target A (EO1): ramps first, then holds at the handoff level
#   total stroke 10400 V across both EOMs, handed off at 5200.058 V (sample 902, t = 1804 us); this channel peaks at 5200.058 V
#   5501 pts at 2 us = 11.0020 ms period; first/last sample 0.000000/0.000000 V
#   A + B reproduces the integrated stroke sample for sample
time_us,voltage_V
0.000000,0.000000
2.000000,0.000000
4.000000,0.000000
6.000000,0.000000
8.000000,0.000000
10.000000,0.000000
12.000000,0.000002
14.000000,0.000004
16.000000,0.000007
18.000000,0.000014
20.000000,0.000025
22.000000,0.000039
24.000000,0.000060
26.000000,0.000089
28.000000,0.000129
30.000000,0.000182
32.000000,0.000251
34.000000,0.000340
36.000000,0.000453
38.000000,0.000594
40.000000,0.000765
42.000000,0.000979
44.000000,0.001235
46.000000,0.001541
48.000000,0.001908
50.000000,0.002336
52.000000,0.002845
54.000000,0.003434
56.000000,0.004119
58.000000,0.004910
60.000000,0.005810
62.000000,0.006851
64.000000,0.008026
66.000000,0.009360
68.000000,0.010867
70.000000,0.012551
72.000000,0.014459
74.000000,0.016576
76.000000,0.018937
78.000000,0.021564
80.000000,0.024456
82.000000,0.027683
84.000000,0.031217
86.000000,0.035109
88.000000,0.039386
90.000000,0.044042
92.000000,0.049173
94.000000,0.054739
96.000000,0.060806
98.000000,0.067408
100.000000,0.074532
102.000000,0.082306
104.000000,0.090673
106.000000,0.099716
108.000000,0.109478
110.000000,0.119938
112.000000,0.131261
114.000000,0.143366
116.000000,0.156362
118.000000,0.170300
120.000000,0.185144
122.000000,0.201110
124.000000,0.218082
126.000000,0.236199
128.000000,0.255519
130.000000,0.275996
132.000000,0.297895
134.000000,0.321066
136.000000,0.345678
138.000000,0.371800
140.000000,0.399371
142.000000,0.428709
144.000000,0.459632
146.000000,0.492337
148.000000,0.526904
150.000000,0.563256
152.000000,0.601777
154.000000,0.642236
156.000000,0.684871
158.000000,0.729771
160.000000,0.776838
162.000000,0.826530
164.000000,0.878561
166.000000,0.933215
168.000000,0.990589
170.000000,1.050562
172.000000,1.113676
174.000000,1.179582
176.000000,1.248611
178.000000,1.320874
180.000000,1.396217
182.000000,1.475280
184.000000,1.557641
186.000000,1.643683
188.000000,1.733532
190.000000,1.827000
192.000000,1.924828
194.000000,2.026516
196.000000,2.132506
198.000000,2.242938
200.000000,2.357582
202.000000,2.477296
204.000000,2.601494
206.000000,2.730673
208.000000,2.864992
210.000000,3.004182
212.000000,3.149219
214.000000,3.299417
216.000000,3.455349
218.000000,3.617184
220.000000,3.784607
222.000000,3.958731
224.000000,4.138761
226.000000,4.325346
228.000000,4.518667
230.000000,4.718357
232.000000,4.925677
234.000000,5.139712
236.000000,5.361191
238.000000,5.590312
240.000000,5.826650
242.000000,6.071626
244.000000,6.324191
246.000000,6.585162
248.000000,6.854756
250.000000,7.132482
252.000000,7.419931
254.000000,7.715915
256.000000,8.021346
258.000000,8.336453
260.000000,8.660679
262.000000,8.995796
264.000000,9.340464
266.000000,9.695694
268.000000,10.061732
270.000000,10.437950
272.000000,10.826308
274.000000,11.225309
276.000000,11.636066
278.000000,12.058841
280.000000,12.492927
282.000000,12.940497
284.000000,13.399869
286.000000,13.872273
288.000000,14.357988
290.000000,14.856222
292.000000,15.369363
294.000000,15.895547
296.000000,16.436122
298.000000,16.991381
300.000000,17.560443
302.000000,18.145929
304.000000,18.745774
306.000000,19.361450
308.000000,19.993270
310.000000,20.640253
312.000000,21.305267
314.000000,21.986035
316.000000,22.684158
318.000000,23.399971
320.000000,24.132387
322.000000,24.884534
324.000000,25.653906
326.000000,26.442246
328.000000,27.249906
330.000000,28.075688
332.000000,28.922995
334.000000,29.789062
336.000000,30.675674
338.000000,31.583317
340.000000,32.510682
342.000000,33.461454
344.000000,34.432636
346.000000,35.426268
348.000000,36.442738
350.000000,37.480608
352.000000,38.543870
354.000000,39.629256
356.000000,40.738967
358.000000,41.873410
360.000000,43.031018
362.000000,44.216092
364.000000,45.425089
366.000000,46.660375
368.000000,47.922377
370.000000,49.209390
372.000000,50.526041
374.000000,51.868494
376.000000,53.239291
378.000000,54.638876
380.000000,56.065400
382.000000,57.523429
384.000000,59.009161
386.000000,60.525370
388.000000,62.072516
390.000000,63.648606
392.000000,65.258957
394.000000,66.899112
396.000000,68.571975
398.000000,70.278029
400.000000,72.015115
402.000000,73.788930
404.000000,75.594674
406.000000,77.435445
408.000000,79.311749
410.000000,81.221263
412.000000,83.169843
414.000000,85.152006
416.000000,87.171528
418.000000,89.228997
420.000000,91.321918
422.000000,93.456760
424.000000,95.628020
426.000000,97.839201
428.000000,100.090843
430.000000,102.380278
432.000000,104.714380
434.000000,107.087275
436.000000,109.502460
438.000000,111.959596
440.000000,114.456793
442.000000,117.001474
444.000000,119.587374
446.000000,122.218430
448.000000,124.895220
450.000000,127.614696
452.000000,130.384591
454.000000,133.198238
456.000000,136.059483
458.000000,138.967615
460.000000,141.920793
462.000000,144.927380
464.000000,147.980293
466.000000,151.083931
468.000000,154.238906
470.000000,157.441765
472.000000,160.701151
474.000000,164.008144
476.000000,167.367275
478.000000,170.780639
480.000000,174.244577
482.000000,177.768194
484.000000,181.343544
486.000000,184.975507
488.000000,188.664252
490.000000,192.403766
492.000000,196.205494
494.000000,200.061736
496.000000,203.977620
498.000000,207.953805
500.000000,211.986195
502.000000,216.083644
504.000000,220.235333
506.000000,224.449382
508.000000,228.726844
510.000000,233.063392
512.000000,237.469601
514.000000,241.935520
516.000000,246.462599
518.000000,251.055844
520.000000,255.711110
522.000000,260.439481
524.000000,265.231154
526.000000,270.089130
528.000000,275.013005
530.000000,280.001742
532.000000,285.067090
534.000000,290.198754
536.000000,295.400984
538.000000,300.670594
540.000000,306.007708
542.000000,311.424991
544.000000,316.911655
546.000000,322.470957
548.000000,328.100749
550.000000,333.801276
552.000000,339.585583
554.000000,345.441908
556.000000,351.370521
558.000000,357.375349
560.000000,363.454438
562.000000,369.620966
564.000000,375.858157
566.000000,382.170401
568.000000,388.565848
570.000000,395.038720
572.000000,401.598003
574.000000,408.227121
576.000000,414.941786
578.000000,421.743107
580.000000,428.618339
582.000000,435.579461
584.000000,442.622434
586.000000,449.754764
588.000000,456.964666
590.000000,464.253574
592.000000,471.640898
594.000000,479.109742
596.000000,486.655971
598.000000,494.295615
600.000000,502.022133
602.000000,509.834394
604.000000,517.730484
606.000000,525.722701
608.000000,533.799871
610.000000,541.956440
612.000000,550.218713
614.000000,558.562777
616.000000,566.991484
618.000000,575.520357
620.000000,584.132831
622.000000,592.837845
624.000000,601.637163
626.000000,610.526687
628.000000,619.504487
630.000000,628.577992
632.000000,637.746176
634.000000,646.999702
636.000000,656.359272
638.000000,665.797945
640.000000,675.331106
642.000000,684.971404
644.000000,694.689373
646.000000,704.514079
648.000000,714.426540
650.000000,724.426780
652.000000,734.538700
654.000000,744.727637
656.000000,755.024514
658.000000,765.408157
660.000000,775.882211
662.000000,786.466063
664.000000,797.128188
666.000000,807.901411
668.000000,818.753001
670.000000,829.706860
672.000000,840.755582
674.000000,851.896970
676.000000,863.134043
678.000000,874.463572
680.000000,885.888318
682.000000,897.404913
684.000000,909.024088
686.000000,920.718969
688.000000,932.524897
690.000000,944.403450
692.000000,956.397608
694.000000,968.465232
696.000000,980.639814
698.000000,992.892132
700.000000,1005.247414
702.000000,1017.681052
704.000000,1030.218336
706.000000,1042.828634
708.000000,1055.544859
710.000000,1068.331278
712.000000,1081.223207
714.000000,1094.193049
716.000000,1107.249393
718.000000,1120.399393
720.000000,1133.619202
722.000000,1146.944512
724.000000,1160.338175
726.000000,1173.822347
728.000000,1187.390354
730.000000,1201.026511
732.000000,1214.763410
734.000000,1228.564521
736.000000,1242.452607
738.000000,1256.419666
740.000000,1270.451049
742.000000,1284.577859
744.000000,1298.767253
746.000000,1313.033095
748.000000,1327.377628
750.000000,1341.781334
752.000000,1356.270882
754.000000,1370.826502
756.000000,1385.442107
758.000000,1400.133520
760.000000,1414.897413
762.000000,1429.709272
764.000000,1444.589361
766.000000,1459.539450
768.000000,1474.547277
770.000000,1489.605924
772.000000,1504.740883
774.000000,1519.924701
776.000000,1535.160612
778.000000,1550.454284
780.000000,1565.802282
782.000000,1581.201649
784.000000,1596.644583
786.000000,1612.140787
788.000000,1627.692554
790.000000,1643.284943
792.000000,1658.912867
794.000000,1674.581901
796.000000,1690.298386
798.000000,1706.060078
800.000000,1721.857821
802.000000,1737.684177
804.000000,1753.541877
806.000000,1769.438885
808.000000,1785.373143
810.000000,1801.332332
812.000000,1817.313090
814.000000,1833.322302
816.000000,1849.360996
818.000000,1865.420959
820.000000,1881.496492
822.000000,1897.603000
824.000000,1913.725929
826.000000,1929.855469
828.000000,1946.002690
830.000000,1962.171025
832.000000,1978.342660
834.000000,1994.518317
836.000000,2010.712191
838.000000,2026.909316
840.000000,2043.103595
842.000000,2059.312559
844.000000,2075.515061
846.000000,2091.717864
848.000000,2107.922530
850.000000,2124.114493
852.000000,2140.312167
854.000000,2156.494915
856.000000,2172.667942
858.000000,2188.837537
860.000000,2204.984956
862.000000,2221.129894
864.000000,2237.251640
866.000000,2253.359821
868.000000,2269.451187
870.000000,2285.515809
872.000000,2301.570530
874.000000,2317.587669
876.000000,2333.597633
878.000000,2349.562135
880.000000,2365.519475
882.000000,2381.427448
884.000000,2397.321314
886.000000,2413.172484
888.000000,2429.000855
890.000000,2444.786697
892.000000,2460.541834
894.000000,2476.259015
896.000000,2491.934282
898.000000,2507.579323
900.000000,2523.170527
902.000000,2538.733295
904.000000,2554.240246
906.000000,2569.709766
908.000000,2585.137286
910.000000,2600.507419
912.000000,2615.841044
914.000000,2631.118082
916.000000,2646.344681
918.000000,2661.529144
920.000000,2676.653649
922.000000,2691.723732
924.000000,2706.750879
926.000000,2721.712112
928.000000,2736.617882
930.000000,2751.478385
932.000000,2766.271828
934.000000,2781.004068
936.000000,2795.683235
938.000000,2810.305874
940.000000,2824.862330
942.000000,2839.352080
944.000000,2853.788179
946.000000,2868.164834
948.000000,2882.469412
950.000000,2896.711306
952.000000,2910.886340
954.000000,2925.002947
956.000000,2939.055223
958.000000,2953.033860
960.000000,2966.947159
962.000000,2980.789110
964.000000,2994.569046
966.000000,3008.281037
968.000000,3021.924273
970.000000,3035.503441
972.000000,3049.000614
974.000000,3062.432045
976.000000,3075.793046
978.000000,3089.083054
980.000000,3102.307109
982.000000,3115.453724
984.000000,3128.533573
986.000000,3141.540757
988.000000,3154.474942
990.000000,3167.341508
992.000000,3180.128929
994.000000,3192.848321
996.000000,3205.493872
998.000000,3218.065437
1000.000000,3230.568628
1002.000000,3242.991948
1004.000000,3255.346762
1006.000000,3267.627361
1008.000000,3279.833782
1010.000000,3291.971780
1012.000000,3304.029994
1014.000000,3316.019906
1016.000000,3327.935936
1018.000000,3339.778257
1020.000000,3351.552680
1022.000000,3363.246594
1024.000000,3374.869119
1026.000000,3386.417936
1028.000000,3397.893704
1030.000000,3409.302289
1032.000000,3420.632879
1034.000000,3431.896837
1036.000000,3443.084817
1038.000000,3454.197612
1040.000000,3465.244438
1042.000000,3476.214735
1044.000000,3487.119461
1046.000000,3497.948341
1048.000000,3508.704114
1050.000000,3519.395504
1052.000000,3530.012283
1054.000000,3540.559057
1056.000000,3551.034228
1058.000000,3561.441270
1060.000000,3571.784047
1062.000000,3582.045849
1064.000000,3592.245984
1066.000000,3602.378515
1068.000000,3612.436657
1070.000000,3622.433216
1072.000000,3632.357083
1074.000000,3642.213929
1076.000000,3652.005652
1078.000000,3661.728552
1080.000000,3671.387117
1082.000000,3680.976689
1084.000000,3690.500727
1086.000000,3699.961143
1088.000000,3709.353327
1090.000000,3718.684862
1092.000000,3727.947204
1094.000000,3737.147089
1096.000000,3746.284357
1098.000000,3755.355080
1100.000000,3764.369231
1102.000000,3773.311558
1104.000000,3782.198511
1106.000000,3791.019490
1108.000000,3799.780467
1110.000000,3808.482016
1112.000000,3817.118216
1114.000000,3825.697477
1116.000000,3834.214985
1118.000000,3842.673307
1120.000000,3851.074263
1122.000000,3859.412719
1124.000000,3867.695085
1126.000000,3875.918205
1128.000000,3884.084017
1130.000000,3892.194520
1132.000000,3900.243365
1134.000000,3908.240399
1136.000000,3916.178428
1138.000000,3924.060450
1140.000000,3931.891636
1142.000000,3939.661916
1144.000000,3947.380086
1146.000000,3955.044302
1148.000000,3962.654068
1150.000000,3970.213434
1152.000000,3977.714947
1154.000000,3985.167507
1156.000000,3992.566949
1158.000000,3999.913455
1160.000000,4007.211741
1162.000000,4014.454917
1164.000000,4021.650608
1166.000000,4028.794975
1168.000000,4035.888727
1170.000000,4042.936464
1172.000000,4049.930529
1174.000000,4056.878711
1176.000000,4063.778094
1178.000000,4070.629471
1180.000000,4077.435703
1182.000000,4084.190210
1184.000000,4090.901755
1186.000000,4097.566086
1188.000000,4104.182835
1190.000000,4110.757911
1192.000000,4117.283478
1194.000000,4123.766222
1196.000000,4130.204902
1198.000000,4136.598212
1200.000000,4142.950684
1202.000000,4149.256385
1204.000000,4155.520735
1206.000000,4161.743025
1208.000000,4167.921394
1210.000000,4174.061460
1212.000000,4180.155330
1214.000000,4186.211203
1216.000000,4192.225275
1218.000000,4198.198594
1220.000000,4204.134023
1222.000000,4210.026359
1224.000000,4215.881424
1226.000000,4221.697217
1228.000000,4227.473329
1230.000000,4233.214253
1232.000000,4238.912447
1234.000000,4244.576439
1236.000000,4250.201568
1238.000000,4255.789812
1240.000000,4261.343451
1242.000000,4266.856989
1244.000000,4272.337548
1246.000000,4277.780992
1248.000000,4283.188920
1250.000000,4288.564552
1252.000000,4293.900953
1254.000000,4299.205784
1256.000000,4304.476341
1258.000000,4309.711715
1260.000000,4314.916058
1262.000000,4320.084652
1264.000000,4325.221659
1266.000000,4330.325576
1268.000000,4335.397142
1270.000000,4340.439040
1272.000000,4345.445354
1274.000000,4350.422466
1276.000000,4355.368262
1278.000000,4360.283012
1280.000000,4365.168831
1282.000000,4370.021268
1284.000000,4374.845799
1286.000000,4379.640328
1288.000000,4384.405121
1290.000000,4389.142690
1292.000000,4393.848278
1294.000000,4398.527010
1296.000000,4403.177058
1298.000000,4407.798685
1300.000000,4412.394294
1302.000000,4416.959839
1304.000000,4421.499861
1306.000000,4426.012456
1308.000000,4430.497888
1310.000000,4434.958458
1312.000000,4439.390186
1314.000000,4443.797506
1316.000000,4448.178699
1318.000000,4452.534023
1320.000000,4456.865668
1322.000000,4461.169955
1324.000000,4465.451027
1326.000000,4469.707174
1328.000000,4473.938654
1330.000000,4478.147572
1332.000000,4482.330421
1334.000000,4486.491023
1336.000000,4490.627822
1338.000000,4494.741104
1340.000000,4498.832882
1342.000000,4502.899835
1344.000000,4506.945732
1346.000000,4510.969026
1348.000000,4514.969955
1350.000000,4518.950434
1352.000000,4522.907304
1354.000000,4526.843922
1356.000000,4530.758865
1358.000000,4534.652545
1360.000000,4538.526782
1362.000000,4542.378576
1364.000000,4546.211322
1366.000000,4550.023336
1368.000000,4553.814962
1370.000000,4557.588118
1372.000000,4561.339959
1374.000000,4565.073660
1376.000000,4568.787482
1378.000000,4572.482088
1380.000000,4576.159153
1382.000000,4579.815832
1384.000000,4583.454926
1386.000000,4587.075540
1388.000000,4590.677937
1390.000000,4594.263276
1392.000000,4597.829159
1394.000000,4601.378759
1396.000000,4604.910579
1398.000000,4608.424766
1400.000000,4611.923158
1402.000000,4615.402978
1404.000000,4618.867015
1406.000000,4622.314489
1408.000000,4625.745042
1410.000000,4629.160461
1412.000000,4632.558430
1414.000000,4635.941279
1416.000000,4639.308368
1418.000000,4642.659407
1420.000000,4645.996045
1422.000000,4649.316040
1424.000000,4652.621699
1426.000000,4655.912336
1428.000000,4659.187726
1430.000000,4662.449622
1432.000000,4665.695305
1434.000000,4668.927760
1436.000000,4672.145582
1438.000000,4675.349251
1440.000000,4678.539687
1442.000000,4681.715203
1444.000000,4684.877737
1446.000000,4688.026726
1448.000000,4691.161920
1450.000000,4694.284901
1452.000000,4697.393322
1454.000000,4700.489733
1456.000000,4703.572992
1458.000000,4706.643361
1460.000000,4709.701989
1462.000000,4712.746862
1464.000000,4715.780372
1466.000000,4718.801296
1468.000000,4721.810072
1470.000000,4724.807678
1472.000000,4727.792222
1474.000000,4730.765930
1476.000000,4733.727788
1478.000000,4736.677984
1480.000000,4739.617653
1482.000000,4742.544950
1484.000000,4745.461838
1486.000000,4748.367636
1488.000000,4751.262358
1490.000000,4754.146937
1492.000000,4757.019949
1494.000000,4759.883033
1496.000000,4762.735497
1498.000000,4765.577533
1500.000000,4768.410032
1502.000000,4771.231352
1504.000000,4774.043355
1506.000000,4776.845357
1508.000000,4779.637428
1510.000000,4782.420403
1512.000000,4785.192926
1514.000000,4787.956585
1516.000000,4790.710696
1518.000000,4793.455359
1520.000000,4796.191418
1522.000000,4798.917629
1524.000000,4801.635441
1526.000000,4804.344201
1528.000000,4807.044018
1530.000000,4809.735696
1532.000000,4812.418038
1534.000000,4815.092400
1536.000000,4817.758182
1538.000000,4820.415507
1540.000000,4823.065137
1542.000000,4825.705892
1544.000000,4828.339102
1546.000000,4830.964236
1548.000000,4833.581424
1550.000000,4836.191345
1552.000000,4838.792757
1554.000000,4841.387067
1556.000000,4843.973761
1558.000000,4846.552885
1560.000000,4849.125081
1562.000000,4851.689380
1564.000000,4854.246924
1566.000000,4856.797227
1568.000000,4859.340434
1570.000000,4861.877175
1572.000000,4864.406314
1574.000000,4866.929140
1576.000000,4869.445177
1578.000000,4871.954432
1580.000000,4874.457540
1582.000000,4876.953583
1584.000000,4879.443590
1586.000000,4881.927194
1588.000000,4884.404457
1590.000000,4886.875899
1592.000000,4889.340715
1594.000000,4891.799850
1596.000000,4894.252933
1598.000000,4896.700053
1600.000000,4899.141675
1602.000000,4901.577037
1604.000000,4904.007039
1606.000000,4906.431332
1608.000000,4908.850020
1610.000000,4911.263541
1612.000000,4913.671193
1614.000000,4916.073820
1616.000000,4918.471098
1618.000000,4920.863105
1620.000000,4923.250262
1622.000000,4925.631904
1624.000000,4928.008806
1626.000000,4930.380699
1628.000000,4932.747603
1630.000000,4935.109989
1632.000000,4937.467169
1634.000000,4939.819935
1636.000000,4942.168018
1638.000000,4944.511424
1640.000000,4946.850641
1642.000000,4949.184938
1644.000000,4951.515162
1646.000000,4953.840932
1648.000000,4956.162394
1650.000000,4958.479851
1652.000000,4960.792781
1654.000000,4963.101827
1656.000000,4965.406789
1658.000000,4967.707669
1660.000000,4970.004893
1662.000000,4972.297838
1664.000000,4974.587246
1666.000000,4976.872781
1668.000000,4979.154588
1670.000000,4981.432926
1672.000000,4983.707349
1674.000000,4985.978410
1676.000000,4988.245938
1678.000000,4990.509925
1680.000000,4992.770768
1682.000000,4995.027909
1684.000000,4997.282005
1686.000000,4999.532790
1688.000000,5001.780365
1690.000000,5004.024980
1692.000000,5006.266242
1694.000000,5008.504651
1696.000000,5010.740028
1698.000000,5012.972429
1700.000000,5015.202099
1702.000000,5017.428680
1704.000000,5019.652625
1706.000000,5021.873810
1708.000000,5024.092234
1710.000000,5026.308204
1712.000000,5028.521318
1714.000000,5030.732059
1716.000000,5032.940254
1718.000000,5035.145961
1720.000000,5037.349415
1722.000000,5039.550272
1724.000000,5041.748976
1726.000000,5043.945345
1728.000000,5046.139471
1730.000000,5048.331536
1732.000000,5050.521277
1734.000000,5052.709058
1736.000000,5054.894759
1738.000000,5057.078445
1740.000000,5059.260282
1742.000000,5061.440047
1744.000000,5063.618050
1746.000000,5065.794215
1748.000000,5067.968565
1750.000000,5070.141287
1752.000000,5072.312158
1754.000000,5074.481472
1756.000000,5076.649163
1758.000000,5078.815253
1760.000000,5080.979925
1762.000000,5083.142971
1764.000000,5085.304677
1766.000000,5087.464966
1768.000000,5089.623877
1770.000000,5091.781567
1772.000000,5093.937856
1774.000000,5096.093004
1776.000000,5098.246938
1778.000000,5100.399710
1780.000000,5102.551440
1782.000000,5104.702004
1784.000000,5106.851610
1786.000000,5109.000211
1788.000000,5111.147858
1790.000000,5113.294655
1792.000000,5115.440511
1794.000000,5117.585594
1796.000000,5119.729881
1798.000000,5121.873416
1800.000000,5124.016289
1802.000000,5126.158438
1804.000000,5128.300000
1806.000000,5128.300000
1808.000000,5128.300000
1810.000000,5128.300000
1812.000000,5128.300000
1814.000000,5128.300000
1816.000000,5128.300000
1818.000000,5128.300000
1820.000000,5128.300000
1822.000000,5128.300000
1824.000000,5128.300000
1826.000000,5128.300000
1828.000000,5128.300000
1830.000000,5128.300000
1832.000000,5128.300000
1834.000000,5128.300000
1836.000000,5128.300000
1838.000000,5128.300000
1840.000000,5128.300000
1842.000000,5128.300000
1844.000000,5128.300000
1846.000000,5128.300000
1848.000000,5128.300000
1850.000000,5128.300000
1852.000000,5128.300000
1854.000000,5128.300000
1856.000000,5128.300000
1858.000000,5128.300000
1860.000000,5128.300000
1862.000000,5128.300000
1864.000000,5128.300000
1866.000000,5128.300000
1868.000000,5128.300000
1870.000000,5128.300000
1872.000000,5128.300000
1874.000000,5128.300000
1876.000000,5128.300000
1878.000000,5128.300000
1880.000000,5128.300000
1882.000000,5128.300000
1884.000000,5128.300000
1886.000000,5128.300000
1888.000000,5128.300000
1890.000000,5128.300000
1892.000000,5128.300000
1894.000000,5128.300000
1896.000000,5128.300000
1898.000000,5128.300000
1900.000000,5128.300000
1902.000000,5128.300000
1904.000000,5128.300000
1906.000000,5128.300000
1908.000000,5128.300000
1910.000000,5128.300000
1912.000000,5128.300000
1914.000000,5128.300000
1916.000000,5128.300000
1918.000000,5128.300000
1920.000000,5128.300000
1922.000000,5128.300000
1924.000000,5128.300000
1926.000000,5128.300000
1928.000000,5128.300000
1930.000000,5128.300000
1932.000000,5128.300000
1934.000000,5128.300000
1936.000000,5128.300000
1938.000000,5128.300000
1940.000000,5128.300000
1942.000000,5128.300000
1944.000000,5128.300000
1946.000000,5128.300000
1948.000000,5128.300000
1950.000000,5128.300000
1952.000000,5128.300000
1954.000000,5128.300000
1956.000000,5128.300000
1958.000000,5128.300000
1960.000000,5128.300000
1962.000000,5128.300000
1964.000000,5128.300000
1966.000000,5128.300000
1968.000000,5128.300000
1970.000000,5128.300000
1972.000000,5128.300000
1974.000000,5128.300000
1976.000000,5128.300000
1978.000000,5128.300000
1980.000000,5128.300000
1982.000000,5128.300000
1984.000000,5128.300000
1986.000000,5128.300000
1988.000000,5128.300000
1990.000000,5128.300000
1992.000000,5128.300000
1994.000000,5128.300000
1996.000000,5128.300000
1998.000000,5128.300000
2000.000000,5128.300000
2002.000000,5128.300000
2004.000000,5128.300000
2006.000000,5128.300000
2008.000000,5128.300000
2010.000000,5128.300000
2012.000000,5128.300000
2014.000000,5128.300000
2016.000000,5128.300000
2018.000000,5128.300000
2020.000000,5128.300000
2022.000000,5128.300000
2024.000000,5128.300000
2026.000000,5128.300000
2028.000000,5128.300000
2030.000000,5128.300000
2032.000000,5128.300000
2034.000000,5128.300000
2036.000000,5128.300000
2038.000000,5128.300000
2040.000000,5128.300000
2042.000000,5128.300000
2044.000000,5128.300000
2046.000000,5128.300000
2048.000000,5128.300000
2050.000000,5128.300000
2052.000000,5128.300000
2054.000000,5128.300000
2056.000000,5128.300000
2058.000000,5128.300000
2060.000000,5128.300000
2062.000000,5128.300000
2064.000000,5128.300000
2066.000000,5128.300000
2068.000000,5128.300000
2070.000000,5128.300000
2072.000000,5128.300000
2074.000000,5128.300000
2076.000000,5128.300000
2078.000000,5128.300000
2080.000000,5128.300000
2082.000000,5128.300000
2084.000000,5128.300000
2086.000000,5128.300000
2088.000000,5128.300000
2090.000000,5128.300000
2092.000000,5128.300000
2094.000000,5128.300000
2096.000000,5128.300000
2098.000000,5128.300000
2100.000000,5128.300000
2102.000000,5128.300000
2104.000000,5128.300000
2106.000000,5128.300000
2108.000000,5128.300000
2110.000000,5128.300000
2112.000000,5128.300000
2114.000000,5128.300000
2116.000000,5128.300000
2118.000000,5128.300000
2120.000000,5128.300000
2122.000000,5128.300000
2124.000000,5128.300000
2126.000000,5128.300000
2128.000000,5128.300000
2130.000000,5128.300000
2132.000000,5128.300000
2134.000000,5128.300000
2136.000000,5128.300000
2138.000000,5128.300000
2140.000000,5128.300000
2142.000000,5128.300000
2144.000000,5128.300000
2146.000000,5128.300000
2148.000000,5128.300000
2150.000000,5128.300000
2152.000000,5128.300000
2154.000000,5128.300000
2156.000000,5128.300000
2158.000000,5128.300000
2160.000000,5128.300000
2162.000000,5128.300000
2164.000000,5128.300000
2166.000000,5128.300000
2168.000000,5128.300000
2170.000000,5128.300000
2172.000000,5128.300000
2174.000000,5128.300000
2176.000000,5128.300000
2178.000000,5128.300000
2180.000000,5128.300000
2182.000000,5128.300000
2184.000000,5128.300000
2186.000000,5128.300000
2188.000000,5128.300000
2190.000000,5128.300000
2192.000000,5128.300000
2194.000000,5128.300000
2196.000000,5128.300000
2198.000000,5128.300000
2200.000000,5128.300000
2202.000000,5128.300000
2204.000000,5128.300000
2206.000000,5128.300000
2208.000000,5128.300000
2210.000000,5128.300000
2212.000000,5128.300000
2214.000000,5128.300000
2216.000000,5128.300000
2218.000000,5128.300000
2220.000000,5128.300000
2222.000000,5128.300000
2224.000000,5128.300000
2226.000000,5128.300000
2228.000000,5128.300000
2230.000000,5128.300000
2232.000000,5128.300000
2234.000000,5128.300000
2236.000000,5128.300000
2238.000000,5128.300000
2240.000000,5128.300000
2242.000000,5128.300000
2244.000000,5128.300000
2246.000000,5128.300000
2248.000000,5128.300000
2250.000000,5128.300000
2252.000000,5128.300000
2254.000000,5128.300000
2256.000000,5128.300000
2258.000000,5128.300000
2260.000000,5128.300000
2262.000000,5128.300000
2264.000000,5128.300000
2266.000000,5128.300000
2268.000000,5128.300000
2270.000000,5128.300000
2272.000000,5128.300000
2274.000000,5128.300000
2276.000000,5128.300000
2278.000000,5128.300000
2280.000000,5128.300000
2282.000000,5128.300000
2284.000000,5128.300000
2286.000000,5128.300000
2288.000000,5128.300000
2290.000000,5128.300000
2292.000000,5128.300000
2294.000000,5128.300000
2296.000000,5128.300000
2298.000000,5128.300000
2300.000000,5128.300000
2302.000000,5128.300000
2304.000000,5128.300000
2306.000000,5128.300000
2308.000000,5128.300000
2310.000000,5128.300000
2312.000000,5128.300000
2314.000000,5128.300000
2316.000000,5128.300000
2318.000000,5128.300000
2320.000000,5128.300000
2322.000000,5128.300000
2324.000000,5128.300000
2326.000000,5128.300000
2328.000000,5128.300000
2330.000000,5128.300000
2332.000000,5128.300000
2334.000000,5128.300000
2336.000000,5128.300000
2338.000000,5128.300000
2340.000000,5128.300000
2342.000000,5128.300000
2344.000000,5128.300000
2346.000000,5128.300000
2348.000000,5128.300000
2350.000000,5128.300000
2352.000000,5128.300000
2354.000000,5128.300000
2356.000000,5128.300000
2358.000000,5128.300000
2360.000000,5128.300000
2362.000000,5128.300000
2364.000000,5128.300000
2366.000000,5128.300000
2368.000000,5128.300000
2370.000000,5128.300000
2372.000000,5128.300000
2374.000000,5128.300000
2376.000000,5128.300000
2378.000000,5128.300000
2380.000000,5128.300000
2382.000000,5128.300000
2384.000000,5128.300000
2386.000000,5128.300000
2388.000000,5128.300000
2390.000000,5128.300000
2392.000000,5128.300000
2394.000000,5128.300000
2396.000000,5128.300000
2398.000000,5128.300000
2400.000000,5128.300000
2402.000000,5128.300000
2404.000000,5128.300000
2406.000000,5128.300000
2408.000000,5128.300000
2410.000000,5128.300000
2412.000000,5128.300000
2414.000000,5128.300000
2416.000000,5128.300000
2418.000000,5128.300000
2420.000000,5128.300000
2422.000000,5128.300000
2424.000000,5128.300000
2426.000000,5128.300000
2428.000000,5128.300000
2430.000000,5128.300000
2432.000000,5128.300000
2434.000000,5128.300000
2436.000000,5128.300000
2438.000000,5128.300000
2440.000000,5128.300000
2442.000000,5128.300000
2444.000000,5128.300000
2446.000000,5128.300000
2448.000000,5128.300000
2450.000000,5128.300000
2452.000000,5128.300000
2454.000000,5128.300000
2456.000000,5128.300000
2458.000000,5128.300000
2460.000000,5128.300000
2462.000000,5128.300000
2464.000000,5128.300000
2466.000000,5128.300000
2468.000000,5128.300000
2470.000000,5128.300000
2472.000000,5128.300000
2474.000000,5128.300000
2476.000000,5128.300000
2478.000000,5128.300000
2480.000000,5128.300000
2482.000000,5128.300000
2484.000000,5128.300000
2486.000000,5128.300000
2488.000000,5128.300000
2490.000000,5128.300000
2492.000000,5128.300000
2494.000000,5128.300000
2496.000000,5128.300000
2498.000000,5128.300000
2500.000000,5128.300000
2502.000000,5128.300000
2504.000000,5128.300000
2506.000000,5128.300000
2508.000000,5128.300000
2510.000000,5128.300000
2512.000000,5128.300000
2514.000000,5128.300000
2516.000000,5128.300000
2518.000000,5128.300000
2520.000000,5128.300000
2522.000000,5128.300000
2524.000000,5128.300000
2526.000000,5128.300000
2528.000000,5128.300000
2530.000000,5128.300000
2532.000000,5128.300000
2534.000000,5128.300000
2536.000000,5128.300000
2538.000000,5128.300000
2540.000000,5128.300000
2542.000000,5128.300000
2544.000000,5128.300000
2546.000000,5128.300000
2548.000000,5128.300000
2550.000000,5128.300000
2552.000000,5128.300000
2554.000000,5128.300000
2556.000000,5128.300000
2558.000000,5128.300000
2560.000000,5128.300000
2562.000000,5128.300000
2564.000000,5128.300000
2566.000000,5128.300000
2568.000000,5128.300000
2570.000000,5128.300000
2572.000000,5128.300000
2574.000000,5128.300000
2576.000000,5128.300000
2578.000000,5128.300000
2580.000000,5128.300000
2582.000000,5128.300000
2584.000000,5128.300000
2586.000000,5128.300000
2588.000000,5128.300000
2590.000000,5128.300000
2592.000000,5128.300000
2594.000000,5128.300000
2596.000000,5128.300000
2598.000000,5128.300000
2600.000000,5128.300000
2602.000000,5128.300000
2604.000000,5128.300000
2606.000000,5128.300000
2608.000000,5128.300000
2610.000000,5128.300000
2612.000000,5128.300000
2614.000000,5128.300000
2616.000000,5128.300000
2618.000000,5128.300000
2620.000000,5128.300000
2622.000000,5128.300000
2624.000000,5128.300000
2626.000000,5128.300000
2628.000000,5128.300000
2630.000000,5128.300000
2632.000000,5128.300000
2634.000000,5128.300000
2636.000000,5128.300000
2638.000000,5128.300000
2640.000000,5128.300000
2642.000000,5128.300000
2644.000000,5128.300000
2646.000000,5128.300000
2648.000000,5128.300000
2650.000000,5128.300000
2652.000000,5128.300000
2654.000000,5128.300000
2656.000000,5128.300000
2658.000000,5128.300000
2660.000000,5128.300000
2662.000000,5128.300000
2664.000000,5128.300000
2666.000000,5128.300000
2668.000000,5128.300000
2670.000000,5128.300000
2672.000000,5128.300000
2674.000000,5128.300000
2676.000000,5128.300000
2678.000000,5128.300000
2680.000000,5128.300000
2682.000000,5128.300000
2684.000000,5128.300000
2686.000000,5128.300000
2688.000000,5128.300000
2690.000000,5128.300000
2692.000000,5128.300000
2694.000000,5128.300000
2696.000000,5128.300000
2698.000000,5128.300000
2700.000000,5128.300000
2702.000000,5128.300000
2704.000000,5128.300000
2706.000000,5128.300000
2708.000000,5128.300000
2710.000000,5128.300000
2712.000000,5128.300000
2714.000000,5128.300000
2716.000000,5128.300000
2718.000000,5128.300000
2720.000000,5128.300000
2722.000000,5128.300000
2724.000000,5128.300000
2726.000000,5128.300000
2728.000000,5128.300000
2730.000000,5128.300000
2732.000000,5128.300000
2734.000000,5128.300000
2736.000000,5128.300000
2738.000000,5128.300000
2740.000000,5128.300000
2742.000000,5128.300000
2744.000000,5128.300000
2746.000000,5128.300000
2748.000000,5128.300000
2750.000000,5128.300000
2752.000000,5128.300000
2754.000000,5128.300000
2756.000000,5128.300000
2758.000000,5128.300000
2760.000000,5128.300000
2762.000000,5128.300000
2764.000000,5128.300000
2766.000000,5128.300000
2768.000000,5128.300000
2770.000000,5128.300000
2772.000000,5128.300000
2774.000000,5128.300000
2776.000000,5128.300000
2778.000000,5128.300000
2780.000000,5128.300000
2782.000000,5128.300000
2784.000000,5128.300000
2786.000000,5128.300000
2788.000000,5128.300000
2790.000000,5128.300000
2792.000000,5128.300000
2794.000000,5128.300000
2796.000000,5128.300000
2798.000000,5128.300000
2800.000000,5128.300000
2802.000000,5128.300000
2804.000000,5128.300000
2806.000000,5128.300000
2808.000000,5128.300000
2810.000000,5128.300000
2812.000000,5128.300000
2814.000000,5128.300000
2816.000000,5128.300000
2818.000000,5128.300000
2820.000000,5128.300000
2822.000000,5128.300000
2824.000000,5128.300000
2826.000000,5128.300000
2828.000000,5128.300000
2830.000000,5128.300000
2832.000000,5128.300000
2834.000000,5128.300000
2836.000000,5128.300000
2838.000000,5128.300000
2840.000000,5128.300000
2842.000000,5128.300000
2844.000000,5128.300000
2846.000000,5128.300000
2848.000000,5128.300000
2850.000000,5128.300000
2852.000000,5128.300000
2854.000000,5128.300000
2856.000000,5128.300000
2858.000000,5128.300000
2860.000000,5128.300000
2862.000000,5128.300000
2864.000000,5128.300000
2866.000000,5128.300000
2868.000000,5128.300000
2870.000000,5128.300000
2872.000000,5128.300000
2874.000000,5128.300000
2876.000000,5128.300000
2878.000000,5128.300000
2880.000000,5128.300000
2882.000000,5128.300000
2884.000000,5128.300000
2886.000000,5128.300000
2888.000000,5128.300000
2890.000000,5128.300000
2892.000000,5128.300000
2894.000000,5128.300000
2896.000000,5128.300000
2898.000000,5128.300000
2900.000000,5128.300000
2902.000000,5128.300000
2904.000000,5128.300000
2906.000000,5128.300000
2908.000000,5128.300000
2910.000000,5128.300000
2912.000000,5128.300000
2914.000000,5128.300000
2916.000000,5128.300000
2918.000000,5128.300000
2920.000000,5128.300000
2922.000000,5128.300000
2924.000000,5128.300000
2926.000000,5128.300000
2928.000000,5128.300000
2930.000000,5128.300000
2932.000000,5128.300000
2934.000000,5128.300000
2936.000000,5128.300000
2938.000000,5128.300000
2940.000000,5128.300000
2942.000000,5128.300000
2944.000000,5128.300000
2946.000000,5128.300000
2948.000000,5128.300000
2950.000000,5128.300000
2952.000000,5128.300000
2954.000000,5128.300000
2956.000000,5128.300000
2958.000000,5128.300000
2960.000000,5128.300000
2962.000000,5128.300000
2964.000000,5128.300000
2966.000000,5128.300000
2968.000000,5128.300000
2970.000000,5128.300000
2972.000000,5128.300000
2974.000000,5128.300000
2976.000000,5128.300000
2978.000000,5128.300000
2980.000000,5128.300000
2982.000000,5128.300000
2984.000000,5128.300000
2986.000000,5128.300000
2988.000000,5128.300000
2990.000000,5128.300000
2992.000000,5128.300000
2994.000000,5128.300000
2996.000000,5128.300000
2998.000000,5128.300000
3000.000000,5128.300000
3002.000000,5128.300000
3004.000000,5128.300000
3006.000000,5128.300000
3008.000000,5128.300000
3010.000000,5128.300000
3012.000000,5128.300000
3014.000000,5128.300000
3016.000000,5128.300000
3018.000000,5128.300000
3020.000000,5128.300000
3022.000000,5128.300000
3024.000000,5128.300000
3026.000000,5128.300000
3028.000000,5128.300000
3030.000000,5128.300000
3032.000000,5128.300000
3034.000000,5128.300000
3036.000000,5128.300000
3038.000000,5128.300000
3040.000000,5128.300000
3042.000000,5128.300000
3044.000000,5128.300000
3046.000000,5128.300000
3048.000000,5128.300000
3050.000000,5128.300000
3052.000000,5128.300000
3054.000000,5128.300000
3056.000000,5128.300000
3058.000000,5128.300000
3060.000000,5128.300000
3062.000000,5128.300000
3064.000000,5128.300000
3066.000000,5128.300000
3068.000000,5128.300000
3070.000000,5128.300000
3072.000000,5128.300000
3074.000000,5128.300000
3076.000000,5128.300000
3078.000000,5128.300000
3080.000000,5128.300000
3082.000000,5128.300000
3084.000000,5128.300000
3086.000000,5128.300000
3088.000000,5128.300000
3090.000000,5128.300000
3092.000000,5128.300000
3094.000000,5128.300000
3096.000000,5128.300000
3098.000000,5128.300000
3100.000000,5128.300000
3102.000000,5128.300000
3104.000000,5128.300000
3106.000000,5128.300000
3108.000000,5128.300000
3110.000000,5128.300000
3112.000000,5128.300000
3114.000000,5128.300000
3116.000000,5128.300000
3118.000000,5128.300000
3120.000000,5128.300000
3122.000000,5128.300000
3124.000000,5128.300000
3126.000000,5128.300000
3128.000000,5128.300000
3130.000000,5128.300000
3132.000000,5128.300000
3134.000000,5128.300000
3136.000000,5128.300000
3138.000000,5128.300000
3140.000000,5128.300000
3142.000000,5128.300000
3144.000000,5128.300000
3146.000000,5128.300000
3148.000000,5128.300000
3150.000000,5128.300000
3152.000000,5128.300000
3154.000000,5128.300000
3156.000000,5128.300000
3158.000000,5128.300000
3160.000000,5128.300000
3162.000000,5128.300000
3164.000000,5128.300000
3166.000000,5128.300000
3168.000000,5128.300000
3170.000000,5128.300000
3172.000000,5128.300000
3174.000000,5128.300000
3176.000000,5128.300000
3178.000000,5128.300000
3180.000000,5128.300000
3182.000000,5128.300000
3184.000000,5128.300000
3186.000000,5128.300000
3188.000000,5128.300000
3190.000000,5128.300000
3192.000000,5128.300000
3194.000000,5128.300000
3196.000000,5128.300000
3198.000000,5128.300000
3200.000000,5128.300000
3202.000000,5128.300000
3204.000000,5128.300000
3206.000000,5128.300000
3208.000000,5128.300000
3210.000000,5128.300000
3212.000000,5128.300000
3214.000000,5128.300000
3216.000000,5128.300000
3218.000000,5128.300000
3220.000000,5128.300000
3222.000000,5128.300000
3224.000000,5128.300000
3226.000000,5128.300000
3228.000000,5128.300000
3230.000000,5128.300000
3232.000000,5128.300000
3234.000000,5128.300000
3236.000000,5128.300000
3238.000000,5128.300000
3240.000000,5128.300000
3242.000000,5128.300000
3244.000000,5128.300000
3246.000000,5128.300000
3248.000000,5128.300000
3250.000000,5128.300000
3252.000000,5128.300000
3254.000000,5128.300000
3256.000000,5128.300000
3258.000000,5128.300000
3260.000000,5128.300000
3262.000000,5128.300000
3264.000000,5128.300000
3266.000000,5128.300000
3268.000000,5128.300000
3270.000000,5128.300000
3272.000000,5128.300000
3274.000000,5128.300000
3276.000000,5128.300000
3278.000000,5128.300000
3280.000000,5128.300000
3282.000000,5128.300000
3284.000000,5128.300000
3286.000000,5128.300000
3288.000000,5128.300000
3290.000000,5128.300000
3292.000000,5128.300000
3294.000000,5128.300000
3296.000000,5128.300000
3298.000000,5128.300000
3300.000000,5128.300000
3302.000000,5128.300000
3304.000000,5128.300000
3306.000000,5128.300000
3308.000000,5128.300000
3310.000000,5128.300000
3312.000000,5128.300000
3314.000000,5128.300000
3316.000000,5128.300000
3318.000000,5128.300000
3320.000000,5128.300000
3322.000000,5128.300000
3324.000000,5128.300000
3326.000000,5128.300000
3328.000000,5128.300000
3330.000000,5128.300000
3332.000000,5128.300000
3334.000000,5128.300000
3336.000000,5128.300000
3338.000000,5128.300000
3340.000000,5128.300000
3342.000000,5128.300000
3344.000000,5128.300000
3346.000000,5128.300000
3348.000000,5128.300000
3350.000000,5128.300000
3352.000000,5128.300000
3354.000000,5128.300000
3356.000000,5128.300000
3358.000000,5128.300000
3360.000000,5128.300000
3362.000000,5128.300000
3364.000000,5128.300000
3366.000000,5128.300000
3368.000000,5128.300000
3370.000000,5128.300000
3372.000000,5128.300000
3374.000000,5128.300000
3376.000000,5128.300000
3378.000000,5128.300000
3380.000000,5128.300000
3382.000000,5128.300000
3384.000000,5128.300000
3386.000000,5128.300000
3388.000000,5128.300000
3390.000000,5128.300000
3392.000000,5128.300000
3394.000000,5128.300000
3396.000000,5128.300000
3398.000000,5128.300000
3400.000000,5128.300000
3402.000000,5128.300000
3404.000000,5128.300000
3406.000000,5128.300000
3408.000000,5128.300000
3410.000000,5128.300000
3412.000000,5128.300000
3414.000000,5128.300000
3416.000000,5128.300000
3418.000000,5128.300000
3420.000000,5128.300000
3422.000000,5128.300000
3424.000000,5128.300000
3426.000000,5128.300000
3428.000000,5128.300000
3430.000000,5128.300000
3432.000000,5128.300000
3434.000000,5128.300000
3436.000000,5128.300000
3438.000000,5128.300000
3440.000000,5128.300000
3442.000000,5128.300000
3444.000000,5128.300000
3446.000000,5128.300000
3448.000000,5128.300000
3450.000000,5128.300000
3452.000000,5128.300000
3454.000000,5128.300000
3456.000000,5128.300000
3458.000000,5128.300000
3460.000000,5128.300000
3462.000000,5128.300000
3464.000000,5128.300000
3466.000000,5128.300000
3468.000000,5128.300000
3470.000000,5128.300000
3472.000000,5128.300000
3474.000000,5128.300000
3476.000000,5128.300000
3478.000000,5128.300000
3480.000000,5128.300000
3482.000000,5128.300000
3484.000000,5128.300000
3486.000000,5128.300000
3488.000000,5128.300000
3490.000000,5128.300000
3492.000000,5128.300000
3494.000000,5128.300000
3496.000000,5128.300000
3498.000000,5128.300000
3500.000000,5128.300000
3502.000000,5128.300000
3504.000000,5128.300000
3506.000000,5128.300000
3508.000000,5128.300000
3510.000000,5128.300000
3512.000000,5128.300000
3514.000000,5128.300000
3516.000000,5128.300000
3518.000000,5128.300000
3520.000000,5128.300000
3522.000000,5128.300000
3524.000000,5128.300000
3526.000000,5128.300000
3528.000000,5128.300000
3530.000000,5128.300000
3532.000000,5128.300000
3534.000000,5128.300000
3536.000000,5128.300000
3538.000000,5128.300000
3540.000000,5128.300000
3542.000000,5128.300000
3544.000000,5128.300000
3546.000000,5128.300000
3548.000000,5128.300000
3550.000000,5128.300000
3552.000000,5128.300000
3554.000000,5128.300000
3556.000000,5128.300000
3558.000000,5128.300000
3560.000000,5128.300000
3562.000000,5128.300000
3564.000000,5128.300000
3566.000000,5128.300000
3568.000000,5128.300000
3570.000000,5128.300000
3572.000000,5128.300000
3574.000000,5128.300000
3576.000000,5128.300000
3578.000000,5128.300000
3580.000000,5128.300000
3582.000000,5128.300000
3584.000000,5128.300000
3586.000000,5128.300000
3588.000000,5128.300000
3590.000000,5128.300000
3592.000000,5128.300000
3594.000000,5128.300000
3596.000000,5128.300000
3598.000000,5128.300000
3600.000000,5128.300000
3602.000000,5128.300000
3604.000000,5128.300000
3606.000000,5128.300000
3608.000000,5128.300000
3610.000000,5128.300000
3612.000000,5128.300000
3614.000000,5128.300000
3616.000000,5128.300000
3618.000000,5128.300000
3620.000000,5128.300000
3622.000000,5128.300000
3624.000000,5128.300000
3626.000000,5128.300000
3628.000000,5128.300000
3630.000000,5128.300000
3632.000000,5128.300000
3634.000000,5128.300000
3636.000000,5128.300000
3638.000000,5128.300000
3640.000000,5128.300000
3642.000000,5128.300000
3644.000000,5128.300000
3646.000000,5128.300000
3648.000000,5128.300000
3650.000000,5128.300000
3652.000000,5128.300000
3654.000000,5128.300000
3656.000000,5128.300000
3658.000000,5128.300000
3660.000000,5128.300000
3662.000000,5128.300000
3664.000000,5128.300000
3666.000000,5128.300000
3668.000000,5128.300000
3670.000000,5128.300000
3672.000000,5128.300000
3674.000000,5128.300000
3676.000000,5128.300000
3678.000000,5128.300000
3680.000000,5128.300000
3682.000000,5128.300000
3684.000000,5128.300000
3686.000000,5128.300000
3688.000000,5128.300000
3690.000000,5128.300000
3692.000000,5128.300000
3694.000000,5128.300000
3696.000000,5128.300000
3698.000000,5128.300000
3700.000000,5128.300000
3702.000000,5128.300000
3704.000000,5128.300000
3706.000000,5128.300000
3708.000000,5128.300000
3710.000000,5128.300000
3712.000000,5128.300000
3714.000000,5128.300000
3716.000000,5128.300000
3718.000000,5128.300000
3720.000000,5128.300000
3722.000000,5128.300000
3724.000000,5128.300000
3726.000000,5128.300000
3728.000000,5128.300000
3730.000000,5128.300000
3732.000000,5128.300000
3734.000000,5128.300000
3736.000000,5128.300000
3738.000000,5128.300000
3740.000000,5128.300000
3742.000000,5128.300000
3744.000000,5128.300000
3746.000000,5128.300000
3748.000000,5128.300000
3750.000000,5128.300000
3752.000000,5128.300000
3754.000000,5128.300000
3756.000000,5128.300000
3758.000000,5128.300000
3760.000000,5128.300000
3762.000000,5128.300000
3764.000000,5128.300000
3766.000000,5128.300000
3768.000000,5128.300000
3770.000000,5128.300000
3772.000000,5128.300000
3774.000000,5128.300000
3776.000000,5128.300000
3778.000000,5128.300000
3780.000000,5128.300000
3782.000000,5128.300000
3784.000000,5128.300000
3786.000000,5128.300000
3788.000000,5128.300000
3790.000000,5128.300000
3792.000000,5128.300000
3794.000000,5128.300000
3796.000000,5128.300000
3798.000000,5128.300000
3800.000000,5128.300000
3802.000000,5128.300000
3804.000000,5128.300000
3806.000000,5128.300000
3808.000000,5128.300000
3810.000000,5128.300000
3812.000000,5128.300000
3814.000000,5128.300000
3816.000000,5128.300000
3818.000000,5128.300000
3820.000000,5128.300000
3822.000000,5128.300000
3824.000000,5128.300000
3826.000000,5128.300000
3828.000000,5128.300000
3830.000000,5128.300000
3832.000000,5128.300000
3834.000000,5128.300000
3836.000000,5128.300000
3838.000000,5128.300000
3840.000000,5128.300000
3842.000000,5128.300000
3844.000000,5128.300000
3846.000000,5128.300000
3848.000000,5128.300000
3850.000000,5128.300000
3852.000000,5128.300000
3854.000000,5128.300000
3856.000000,5128.300000
3858.000000,5128.300000
3860.000000,5128.300000
3862.000000,5128.300000
3864.000000,5128.300000
3866.000000,5128.300000
3868.000000,5128.300000
3870.000000,5128.300000
3872.000000,5128.300000
3874.000000,5128.300000
3876.000000,5128.300000
3878.000000,5128.300000
3880.000000,5128.300000
3882.000000,5128.300000
3884.000000,5128.300000
3886.000000,5128.300000
3888.000000,5128.300000
3890.000000,5128.300000
3892.000000,5128.300000
3894.000000,5128.300000
3896.000000,5128.300000
3898.000000,5128.300000
3900.000000,5128.300000
3902.000000,5128.300000
3904.000000,5128.300000
3906.000000,5128.300000
3908.000000,5128.300000
3910.000000,5128.300000
3912.000000,5128.300000
3914.000000,5128.300000
3916.000000,5128.300000
3918.000000,5128.300000
3920.000000,5128.300000
3922.000000,5128.300000
3924.000000,5128.300000
3926.000000,5128.300000
3928.000000,5128.300000
3930.000000,5128.300000
3932.000000,5128.300000
3934.000000,5128.300000
3936.000000,5128.300000
3938.000000,5128.300000
3940.000000,5128.300000
3942.000000,5128.300000
3944.000000,5128.300000
3946.000000,5128.300000
3948.000000,5128.300000
3950.000000,5128.300000
3952.000000,5128.300000
3954.000000,5128.300000
3956.000000,5128.300000
3958.000000,5128.300000
3960.000000,5128.300000
3962.000000,5128.300000
3964.000000,5128.300000
3966.000000,5128.300000
3968.000000,5128.300000
3970.000000,5128.300000
3972.000000,5128.300000
3974.000000,5128.300000
3976.000000,5128.300000
3978.000000,5128.300000
3980.000000,5128.300000
3982.000000,5128.300000
3984.000000,5128.300000
3986.000000,5128.300000
3988.000000,5128.300000
3990.000000,5128.300000
3992.000000,5128.300000
3994.000000,5128.300000
3996.000000,5128.300000
3998.000000,5128.300000
4000.000000,5128.300000
4002.000000,5128.300000
4004.000000,5128.300000
4006.000000,5128.300000
4008.000000,5128.300000
4010.000000,5128.300000
4012.000000,5128.300000
4014.000000,5128.300000
4016.000000,5128.300000
4018.000000,5128.300000
4020.000000,5128.300000
4022.000000,5128.300000
4024.000000,5128.300000
4026.000000,5128.300000
4028.000000,5128.300000
4030.000000,5128.300000
4032.000000,5128.300000
4034.000000,5128.300000
4036.000000,5128.300000
4038.000000,5128.300000
4040.000000,5128.300000
4042.000000,5128.300000
4044.000000,5128.300000
4046.000000,5128.300000
4048.000000,5128.300000
4050.000000,5128.300000
4052.000000,5128.300000
4054.000000,5128.300000
4056.000000,5128.300000
4058.000000,5128.300000
4060.000000,5128.300000
4062.000000,5128.300000
4064.000000,5128.300000
4066.000000,5128.300000
4068.000000,5128.300000
4070.000000,5128.300000
4072.000000,5128.300000
4074.000000,5128.300000
4076.000000,5128.300000
4078.000000,5128.300000
4080.000000,5128.300000
4082.000000,5128.300000
4084.000000,5128.300000
4086.000000,5128.300000
4088.000000,5128.300000
4090.000000,5128.300000
4092.000000,5128.300000
4094.000000,5128.300000
4096.000000,5128.300000
4098.000000,5128.300000
4100.000000,5128.300000
4102.000000,5128.300000
4104.000000,5128.300000
4106.000000,5128.300000
4108.000000,5128.300000
4110.000000,5128.300000
4112.000000,5128.300000
4114.000000,5128.300000
4116.000000,5128.300000
4118.000000,5128.300000
4120.000000,5128.300000
4122.000000,5128.300000
4124.000000,5128.300000
4126.000000,5128.300000
4128.000000,5128.300000
4130.000000,5128.300000
4132.000000,5128.300000
4134.000000,5128.300000
4136.000000,5128.300000
4138.000000,5128.300000
4140.000000,5128.300000
4142.000000,5128.300000
4144.000000,5128.300000
4146.000000,5128.300000
4148.000000,5128.300000
4150.000000,5128.300000
4152.000000,5128.300000
4154.000000,5128.300000
4156.000000,5128.300000
4158.000000,5128.300000
4160.000000,5128.300000
4162.000000,5128.300000
4164.000000,5128.300000
4166.000000,5128.300000
4168.000000,5128.300000
4170.000000,5128.300000
4172.000000,5128.300000
4174.000000,5128.300000
4176.000000,5128.300000
4178.000000,5128.300000
4180.000000,5128.300000
4182.000000,5128.300000
4184.000000,5128.300000
4186.000000,5128.300000
4188.000000,5128.300000
4190.000000,5128.300000
4192.000000,5128.300000
4194.000000,5128.300000
4196.000000,5128.300000
4198.000000,5128.300000
4200.000000,5128.300000
4202.000000,5128.300000
4204.000000,5128.300000
4206.000000,5128.300000
4208.000000,5128.300000
4210.000000,5128.300000
4212.000000,5128.300000
4214.000000,5128.300000
4216.000000,5128.300000
4218.000000,5128.300000
4220.000000,5128.300000
4222.000000,5128.300000
4224.000000,5128.300000
4226.000000,5128.300000
4228.000000,5128.300000
4230.000000,5128.300000
4232.000000,5128.300000
4234.000000,5128.300000
4236.000000,5128.300000
4238.000000,5128.300000
4240.000000,5128.300000
4242.000000,5128.300000
4244.000000,5128.300000
4246.000000,5128.300000
4248.000000,5128.300000
4250.000000,5128.300000
4252.000000,5128.300000
4254.000000,5128.300000
4256.000000,5128.300000
4258.000000,5128.300000
4260.000000,5128.300000
4262.000000,5128.300000
4264.000000,5128.300000
4266.000000,5128.300000
4268.000000,5128.300000
4270.000000,5128.300000
4272.000000,5128.300000
4274.000000,5128.300000
4276.000000,5128.300000
4278.000000,5128.300000
4280.000000,5128.300000
4282.000000,5128.300000
4284.000000,5128.300000
4286.000000,5128.300000
4288.000000,5128.300000
4290.000000,5128.300000
4292.000000,5128.300000
4294.000000,5128.300000
4296.000000,5128.300000
4298.000000,5128.300000
4300.000000,5128.300000
4302.000000,5128.300000
4304.000000,5128.300000
4306.000000,5128.300000
4308.000000,5128.300000
4310.000000,5128.300000
4312.000000,5128.300000
4314.000000,5128.300000
4316.000000,5128.300000
4318.000000,5128.300000
4320.000000,5128.300000
4322.000000,5128.300000
4324.000000,5128.300000
4326.000000,5128.300000
4328.000000,5128.300000
4330.000000,5128.300000
4332.000000,5128.300000
4334.000000,5128.300000
4336.000000,5128.300000
4338.000000,5128.300000
4340.000000,5128.300000
4342.000000,5128.300000
4344.000000,5128.300000
4346.000000,5128.300000
4348.000000,5128.300000
4350.000000,5128.300000
4352.000000,5128.300000
4354.000000,5128.300000
4356.000000,5128.300000
4358.000000,5128.300000
4360.000000,5128.300000
4362.000000,5128.300000
4364.000000,5128.300000
4366.000000,5128.300000
4368.000000,5128.300000
4370.000000,5128.300000
4372.000000,5128.300000
4374.000000,5128.300000
4376.000000,5128.300000
4378.000000,5128.300000
4380.000000,5128.300000
4382.000000,5128.300000
4384.000000,5128.300000
4386.000000,5128.300000
4388.000000,5128.300000
4390.000000,5128.300000
4392.000000,5128.300000
4394.000000,5128.300000
4396.000000,5128.300000
4398.000000,5128.300000
4400.000000,5128.300000
4402.000000,5128.300000
4404.000000,5128.300000
4406.000000,5128.300000
4408.000000,5128.300000
4410.000000,5128.300000
4412.000000,5128.300000
4414.000000,5128.300000
4416.000000,5128.300000
4418.000000,5128.300000
4420.000000,5128.300000
4422.000000,5128.300000
4424.000000,5128.300000
4426.000000,5128.300000
4428.000000,5128.300000
4430.000000,5128.300000
4432.000000,5128.300000
4434.000000,5128.300000
4436.000000,5128.300000
4438.000000,5128.300000
4440.000000,5128.300000
4442.000000,5128.300000
4444.000000,5128.300000
4446.000000,5128.300000
4448.000000,5128.300000
4450.000000,5128.300000
4452.000000,5128.300000
4454.000000,5128.300000
4456.000000,5128.300000
4458.000000,5128.300000
4460.000000,5128.300000
4462.000000,5128.300000
4464.000000,5128.300000
4466.000000,5128.300000
4468.000000,5128.300000
4470.000000,5128.300000
4472.000000,5128.300000
4474.000000,5128.300000
4476.000000,5128.300000
4478.000000,5128.300000
4480.000000,5128.300000
4482.000000,5128.300000
4484.000000,5128.300000
4486.000000,5128.300000
4488.000000,5128.300000
4490.000000,5128.300000
4492.000000,5128.300000
4494.000000,5128.300000
4496.000000,5128.300000
4498.000000,5128.300000
4500.000000,5128.300000
4502.000000,5128.300000
4504.000000,5128.300000
4506.000000,5128.300000
4508.000000,5128.300000
4510.000000,5128.300000
4512.000000,5128.300000
4514.000000,5128.300000
4516.000000,5128.300000
4518.000000,5128.300000
4520.000000,5128.300000
4522.000000,5128.300000
4524.000000,5128.300000
4526.000000,5128.300000
4528.000000,5128.300000
4530.000000,5128.300000
4532.000000,5128.300000
4534.000000,5128.300000
4536.000000,5128.300000
4538.000000,5128.300000
4540.000000,5128.300000
4542.000000,5128.300000
4544.000000,5128.300000
4546.000000,5128.300000
4548.000000,5128.300000
4550.000000,5128.300000
4552.000000,5128.300000
4554.000000,5128.300000
4556.000000,5128.300000
4558.000000,5128.300000
4560.000000,5128.300000
4562.000000,5128.300000
4564.000000,5128.300000
4566.000000,5128.300000
4568.000000,5128.300000
4570.000000,5128.300000
4572.000000,5128.300000
4574.000000,5128.300000
4576.000000,5128.300000
4578.000000,5128.300000
4580.000000,5128.300000
4582.000000,5128.300000
4584.000000,5128.300000
4586.000000,5128.300000
4588.000000,5128.300000
4590.000000,5128.300000
4592.000000,5128.300000
4594.000000,5128.300000
4596.000000,5128.300000
4598.000000,5128.300000
4600.000000,5128.300000
4602.000000,5128.300000
4604.000000,5128.300000
4606.000000,5128.300000
4608.000000,5128.300000
4610.000000,5128.300000
4612.000000,5128.300000
4614.000000,5128.300000
4616.000000,5128.300000
4618.000000,5128.300000
4620.000000,5128.300000
4622.000000,5128.300000
4624.000000,5128.300000
4626.000000,5128.300000
4628.000000,5128.300000
4630.000000,5128.300000
4632.000000,5128.300000
4634.000000,5128.300000
4636.000000,5128.300000
4638.000000,5128.300000
4640.000000,5128.300000
4642.000000,5128.300000
4644.000000,5128.300000
4646.000000,5128.300000
4648.000000,5128.300000
4650.000000,5128.300000
4652.000000,5128.300000
4654.000000,5128.300000
4656.000000,5128.300000
4658.000000,5128.300000
4660.000000,5128.300000
4662.000000,5128.300000
4664.000000,5128.300000
4666.000000,5128.300000
4668.000000,5128.300000
4670.000000,5128.300000
4672.000000,5128.300000
4674.000000,5128.300000
4676.000000,5128.300000
4678.000000,5128.300000
4680.000000,5128.300000
4682.000000,5128.300000
4684.000000,5128.300000
4686.000000,5128.300000
4688.000000,5128.300000
4690.000000,5128.300000
4692.000000,5128.300000
4694.000000,5128.300000
4696.000000,5128.300000
4698.000000,5128.300000
4700.000000,5128.300000
4702.000000,5128.300000
4704.000000,5128.300000
4706.000000,5128.300000
4708.000000,5128.300000
4710.000000,5128.300000
4712.000000,5128.300000
4714.000000,5128.300000
4716.000000,5128.300000
4718.000000,5128.300000
4720.000000,5128.300000
4722.000000,5128.300000
4724.000000,5128.300000
4726.000000,5128.300000
4728.000000,5128.300000
4730.000000,5128.300000
4732.000000,5128.300000
4734.000000,5128.300000
4736.000000,5128.300000
4738.000000,5128.300000
4740.000000,5128.300000
4742.000000,5128.300000
4744.000000,5128.300000
4746.000000,5128.300000
4748.000000,5128.300000
4750.000000,5128.300000
4752.000000,5128.300000
4754.000000,5128.300000
4756.000000,5128.300000
4758.000000,5128.300000
4760.000000,5128.300000
4762.000000,5128.300000
4764.000000,5128.300000
4766.000000,5128.300000
4768.000000,5128.300000
4770.000000,5128.300000
4772.000000,5128.300000
4774.000000,5128.300000
4776.000000,5128.300000
4778.000000,5128.300000
4780.000000,5128.300000
4782.000000,5128.300000
4784.000000,5128.300000
4786.000000,5128.300000
4788.000000,5128.300000
4790.000000,5128.300000
4792.000000,5128.300000
4794.000000,5128.300000
4796.000000,5128.300000
4798.000000,5128.300000
4800.000000,5128.300000
4802.000000,5128.300000
4804.000000,5128.300000
4806.000000,5128.300000
4808.000000,5128.300000
4810.000000,5128.300000
4812.000000,5128.300000
4814.000000,5128.300000
4816.000000,5128.300000
4818.000000,5128.300000
4820.000000,5128.300000
4822.000000,5128.300000
4824.000000,5128.300000
4826.000000,5128.300000
4828.000000,5128.300000
4830.000000,5128.300000
4832.000000,5128.300000
4834.000000,5128.300000
4836.000000,5128.300000
4838.000000,5128.300000
4840.000000,5128.300000
4842.000000,5128.300000
4844.000000,5128.300000
4846.000000,5128.300000
4848.000000,5128.300000
4850.000000,5128.300000
4852.000000,5128.300000
4854.000000,5128.300000
4856.000000,5128.300000
4858.000000,5128.300000
4860.000000,5128.300000
4862.000000,5128.300000
4864.000000,5128.300000
4866.000000,5128.300000
4868.000000,5128.300000
4870.000000,5128.300000
4872.000000,5128.300000
4874.000000,5128.300000
4876.000000,5128.300000
4878.000000,5128.300000
4880.000000,5128.300000
4882.000000,5128.300000
4884.000000,5128.300000
4886.000000,5128.300000
4888.000000,5128.300000
4890.000000,5128.300000
4892.000000,5128.300000
4894.000000,5128.300000
4896.000000,5128.300000
4898.000000,5128.300000
4900.000000,5128.300000
4902.000000,5128.300000
4904.000000,5128.300000
4906.000000,5128.300000
4908.000000,5128.300000
4910.000000,5128.300000
4912.000000,5128.300000
4914.000000,5128.300000
4916.000000,5128.300000
4918.000000,5128.300000
4920.000000,5128.300000
4922.000000,5128.300000
4924.000000,5128.300000
4926.000000,5128.300000
4928.000000,5128.300000
4930.000000,5128.300000
4932.000000,5128.300000
4934.000000,5128.300000
4936.000000,5128.300000
4938.000000,5128.300000
4940.000000,5128.300000
4942.000000,5128.300000
4944.000000,5128.300000
4946.000000,5128.300000
4948.000000,5128.300000
4950.000000,5128.300000
4952.000000,5128.300000
4954.000000,5128.300000
4956.000000,5128.300000
4958.000000,5128.300000
4960.000000,5128.300000
4962.000000,5128.300000
4964.000000,5128.300000
4966.000000,5128.300000
4968.000000,5128.300000
4970.000000,5128.300000
4972.000000,5128.300000
4974.000000,5128.300000
4976.000000,5128.300000
4978.000000,5128.300000
4980.000000,5128.300000
4982.000000,5128.300000
4984.000000,5128.300000
4986.000000,5128.300000
4988.000000,5128.300000
4990.000000,5128.300000
4992.000000,5128.300000
4994.000000,5128.300000
4996.000000,5128.300000
4998.000000,5128.300000
5000.000000,5128.300000
5002.000000,5128.300000
5004.000000,5128.300000
5006.000000,5128.300000
5008.000000,5128.300000
5010.000000,5128.300000
5012.000000,5128.300000
5014.000000,5128.300000
5016.000000,5128.300000
5018.000000,5128.300000
5020.000000,5128.300000
5022.000000,5128.300000
5024.000000,5128.300000
5026.000000,5128.300000
5028.000000,5128.300000
5030.000000,5128.300000
5032.000000,5128.300000
5034.000000,5128.300000
5036.000000,5128.300000
5038.000000,5128.300000
5040.000000,5128.300000
5042.000000,5128.300000
5044.000000,5128.300000
5046.000000,5128.300000
5048.000000,5128.300000
5050.000000,5128.300000
5052.000000,5128.300000
5054.000000,5128.300000
5056.000000,5128.300000
5058.000000,5128.300000
5060.000000,5128.300000
5062.000000,5128.300000
5064.000000,5128.300000
5066.000000,5128.300000
5068.000000,5128.300000
5070.000000,5128.300000
5072.000000,5128.300000
5074.000000,5128.300000
5076.000000,5128.300000
5078.000000,5128.300000
5080.000000,5128.300000
5082.000000,5128.300000
5084.000000,5128.300000
5086.000000,5128.300000
5088.000000,5128.300000
5090.000000,5128.300000
5092.000000,5128.300000
5094.000000,5128.300000
5096.000000,5128.300000
5098.000000,5128.300000
5100.000000,5128.300000
5102.000000,5128.300000
5104.000000,5128.300000
5106.000000,5128.300000
5108.000000,5128.300000
5110.000000,5128.300000
5112.000000,5128.300000
5114.000000,5128.300000
5116.000000,5128.300000
5118.000000,5128.300000
5120.000000,5128.300000
5122.000000,5128.300000
5124.000000,5128.300000
5126.000000,5128.300000
5128.000000,5128.300000
5130.000000,5128.300000
5132.000000,5128.300000
5134.000000,5128.300000
5136.000000,5128.300000
5138.000000,5128.300000
5140.000000,5128.300000
5142.000000,5128.300000
5144.000000,5128.300000
5146.000000,5128.300000
5148.000000,5128.300000
5150.000000,5128.300000
5152.000000,5128.300000
5154.000000,5128.300000
5156.000000,5128.300000
5158.000000,5128.300000
5160.000000,5128.300000
5162.000000,5128.300000
5164.000000,5128.300000
5166.000000,5128.300000
5168.000000,5128.300000
5170.000000,5128.300000
5172.000000,5128.300000
5174.000000,5128.300000
5176.000000,5128.300000
5178.000000,5128.300000
5180.000000,5128.300000
5182.000000,5128.300000
5184.000000,5128.300000
5186.000000,5128.300000
5188.000000,5128.300000
5190.000000,5128.300000
5192.000000,5128.300000
5194.000000,5128.300000
5196.000000,5128.300000
5198.000000,5128.300000
5200.000000,5128.300000
5202.000000,5128.300000
5204.000000,5128.300000
5206.000000,5128.300000
5208.000000,5128.300000
5210.000000,5128.300000
5212.000000,5128.300000
5214.000000,5128.300000
5216.000000,5128.300000
5218.000000,5128.300000
5220.000000,5128.300000
5222.000000,5128.300000
5224.000000,5128.300000
5226.000000,5128.300000
5228.000000,5128.300000
5230.000000,5128.300000
5232.000000,5128.300000
5234.000000,5128.300000
5236.000000,5128.300000
5238.000000,5128.300000
5240.000000,5128.300000
5242.000000,5128.300000
5244.000000,5128.300000
5246.000000,5128.300000
5248.000000,5128.300000
5250.000000,5128.300000
5252.000000,5128.300000
5254.000000,5128.300000
5256.000000,5128.300000
5258.000000,5128.300000
5260.000000,5128.300000
5262.000000,5128.300000
5264.000000,5128.300000
5266.000000,5128.300000
5268.000000,5128.300000
5270.000000,5128.300000
5272.000000,5128.300000
5274.000000,5128.300000
5276.000000,5128.300000
5278.000000,5128.300000
5280.000000,5128.300000
5282.000000,5128.300000
5284.000000,5128.300000
5286.000000,5128.300000
5288.000000,5128.300000
5290.000000,5128.300000
5292.000000,5128.300000
5294.000000,5128.300000
5296.000000,5128.300000
5298.000000,5128.300000
5300.000000,5128.300000
5302.000000,5128.300000
5304.000000,5128.300000
5306.000000,5128.300000
5308.000000,5128.300000
5310.000000,5128.300000
5312.000000,5128.300000
5314.000000,5128.300000
5316.000000,5128.300000
5318.000000,5128.300000
5320.000000,5128.300000
5322.000000,5128.300000
5324.000000,5128.300000
5326.000000,5128.300000
5328.000000,5128.300000
5330.000000,5128.300000
5332.000000,5128.300000
5334.000000,5128.300000
5336.000000,5128.300000
5338.000000,5128.300000
5340.000000,5128.300000
5342.000000,5128.300000
5344.000000,5128.300000
5346.000000,5128.300000
5348.000000,5128.300000
5350.000000,5128.300000
5352.000000,5128.300000
5354.000000,5128.300000
5356.000000,5128.300000
5358.000000,5128.300000
5360.000000,5128.300000
5362.000000,5128.300000
5364.000000,5128.300000
5366.000000,5128.300000
5368.000000,5128.300000
5370.000000,5128.300000
5372.000000,5128.300000
5374.000000,5128.300000
5376.000000,5128.300000
5378.000000,5128.300000
5380.000000,5128.300000
5382.000000,5128.300000
5384.000000,5128.300000
5386.000000,5128.300000
5388.000000,5128.300000
5390.000000,5128.300000
5392.000000,5128.300000
5394.000000,5128.300000
5396.000000,5128.300000
5398.000000,5128.300000
5400.000000,5128.300000
5402.000000,5128.300000
5404.000000,5128.300000
5406.000000,5128.300000
5408.000000,5128.300000
5410.000000,5128.300000
5412.000000,5128.300000
5414.000000,5128.300000
5416.000000,5128.300000
5418.000000,5128.300000
5420.000000,5128.300000
5422.000000,5128.300000
5424.000000,5128.300000
5426.000000,5128.300000
5428.000000,5128.300000
5430.000000,5128.300000
5432.000000,5128.300000
5434.000000,5128.300000
5436.000000,5128.300000
5438.000000,5128.300000
5440.000000,5128.300000
5442.000000,5128.300000
5444.000000,5128.300000
5446.000000,5128.300000
5448.000000,5128.300000
5450.000000,5128.300000
5452.000000,5128.300000
5454.000000,5128.300000
5456.000000,5128.300000
5458.000000,5128.300000
5460.000000,5128.300000
5462.000000,5128.300000
5464.000000,5128.300000
5466.000000,5128.300000
5468.000000,5128.300000
5470.000000,5128.300000
5472.000000,5128.300000
5474.000000,5128.300000
5476.000000,5128.300000
5478.000000,5128.300000
5480.000000,5128.300000
5482.000000,5128.300000
5484.000000,5128.300000
5486.000000,5128.300000
5488.000000,5128.300000
5490.000000,5128.300000
5492.000000,5128.300000
5494.000000,5128.300000
5496.000000,5128.300000
5498.000000,5128.300000
5500.000000,5128.300000
5502.000000,5128.300000
5504.000000,5128.300000
5506.000000,5128.300000
5508.000000,5128.300000
5510.000000,5128.300000
5512.000000,5128.300000
5514.000000,5128.300000
5516.000000,5128.300000
5518.000000,5128.300000
5520.000000,5128.300000
5522.000000,5128.300000
5524.000000,5128.300000
5526.000000,5128.300000
5528.000000,5128.300000
5530.000000,5128.300000
5532.000000,5128.300000
5534.000000,5128.300000
5536.000000,5128.300000
5538.000000,5128.300000
5540.000000,5128.300000
5542.000000,5128.300000
5544.000000,5128.300000
5546.000000,5128.300000
5548.000000,5128.300000
5550.000000,5128.300000
5552.000000,5128.300000
5554.000000,5128.300000
5556.000000,5128.300000
5558.000000,5128.300000
5560.000000,5128.300000
5562.000000,5128.300000
5564.000000,5128.300000
5566.000000,5128.300000
5568.000000,5128.300000
5570.000000,5128.300000
5572.000000,5128.300000
5574.000000,5128.300000
5576.000000,5128.300000
5578.000000,5128.300000
5580.000000,5128.300000
5582.000000,5128.300000
5584.000000,5128.300000
5586.000000,5128.300000
5588.000000,5128.300000
5590.000000,5128.300000
5592.000000,5128.300000
5594.000000,5128.300000
5596.000000,5128.300000
5598.000000,5128.300000
5600.000000,5128.300000
5602.000000,5128.300000
5604.000000,5128.300000
5606.000000,5128.300000
5608.000000,5128.300000
5610.000000,5128.300000
5612.000000,5128.300000
5614.000000,5128.300000
5616.000000,5128.300000
5618.000000,5128.300000
5620.000000,5128.300000
5622.000000,5128.300000
5624.000000,5128.300000
5626.000000,5128.300000
5628.000000,5128.300000
5630.000000,5128.300000
5632.000000,5128.300000
5634.000000,5128.300000
5636.000000,5128.300000
5638.000000,5128.300000
5640.000000,5128.300000
5642.000000,5128.300000
5644.000000,5128.300000
5646.000000,5128.300000
5648.000000,5128.300000
5650.000000,5128.300000
5652.000000,5128.300000
5654.000000,5128.300000
5656.000000,5128.300000
5658.000000,5128.300000
5660.000000,5128.300000
5662.000000,5128.300000
5664.000000,5128.300000
5666.000000,5128.300000
5668.000000,5128.300000
5670.000000,5128.300000
5672.000000,5128.300000
5674.000000,5128.300000
5676.000000,5128.300000
5678.000000,5128.300000
5680.000000,5128.300000
5682.000000,5128.300000
5684.000000,5128.300000
5686.000000,5128.300000
5688.000000,5128.300000
5690.000000,5128.300000
5692.000000,5128.300000
5694.000000,5128.300000
5696.000000,5128.300000
5698.000000,5128.300000
5700.000000,5128.300000
5702.000000,5128.300000
5704.000000,5128.300000
5706.000000,5128.300000
5708.000000,5128.300000
5710.000000,5128.300000
5712.000000,5128.300000
5714.000000,5128.300000
5716.000000,5128.300000
5718.000000,5128.300000
5720.000000,5128.300000
5722.000000,5128.300000
5724.000000,5128.300000
5726.000000,5128.300000
5728.000000,5128.300000
5730.000000,5128.300000
5732.000000,5128.300000
5734.000000,5128.300000
5736.000000,5128.300000
5738.000000,5128.300000
5740.000000,5128.300000
5742.000000,5128.300000
5744.000000,5128.300000
5746.000000,5128.300000
5748.000000,5128.300000
5750.000000,5128.300000
5752.000000,5128.300000
5754.000000,5128.300000
5756.000000,5128.300000
5758.000000,5128.300000
5760.000000,5128.300000
5762.000000,5128.300000
5764.000000,5128.300000
5766.000000,5128.300000
5768.000000,5128.300000
5770.000000,5128.300000
5772.000000,5128.300000
5774.000000,5128.300000
5776.000000,5128.300000
5778.000000,5128.300000
5780.000000,5128.300000
5782.000000,5128.300000
5784.000000,5128.300000
5786.000000,5128.300000
5788.000000,5128.300000
5790.000000,5128.300000
5792.000000,5128.300000
5794.000000,5128.300000
5796.000000,5128.300000
5798.000000,5128.300000
5800.000000,5128.300000
5802.000000,5128.300000
5804.000000,5128.300000
5806.000000,5128.300000
5808.000000,5128.300000
5810.000000,5128.300000
5812.000000,5128.300000
5814.000000,5128.300000
5816.000000,5128.300000
5818.000000,5128.300000
5820.000000,5128.300000
5822.000000,5128.300000
5824.000000,5128.300000
5826.000000,5128.300000
5828.000000,5128.300000
5830.000000,5128.300000
5832.000000,5128.300000
5834.000000,5128.300000
5836.000000,5128.300000
5838.000000,5128.300000
5840.000000,5128.300000
5842.000000,5128.300000
5844.000000,5128.300000
5846.000000,5128.300000
5848.000000,5128.300000
5850.000000,5128.300000
5852.000000,5128.300000
5854.000000,5128.300000
5856.000000,5128.300000
5858.000000,5128.300000
5860.000000,5128.300000
5862.000000,5128.300000
5864.000000,5128.300000
5866.000000,5128.300000
5868.000000,5128.300000
5870.000000,5128.300000
5872.000000,5128.300000
5874.000000,5128.300000
5876.000000,5128.300000
5878.000000,5128.300000
5880.000000,5128.300000
5882.000000,5128.300000
5884.000000,5128.300000
5886.000000,5128.300000
5888.000000,5128.300000
5890.000000,5128.300000
5892.000000,5128.300000
5894.000000,5128.300000
5896.000000,5128.300000
5898.000000,5128.300000
5900.000000,5128.300000
5902.000000,5128.300000
5904.000000,5128.300000
5906.000000,5128.300000
5908.000000,5128.300000
5910.000000,5128.300000
5912.000000,5128.300000
5914.000000,5128.300000
5916.000000,5128.300000
5918.000000,5128.300000
5920.000000,5128.300000
5922.000000,5128.300000
5924.000000,5128.300000
5926.000000,5128.300000
5928.000000,5128.300000
5930.000000,5128.300000
5932.000000,5128.300000
5934.000000,5128.300000
5936.000000,5128.300000
5938.000000,5128.300000
5940.000000,5128.300000
5942.000000,5128.300000
5944.000000,5128.300000
5946.000000,5128.300000
5948.000000,5128.300000
5950.000000,5128.300000
5952.000000,5128.300000
5954.000000,5128.300000
5956.000000,5128.300000
5958.000000,5128.300000
5960.000000,5128.300000
5962.000000,5128.300000
5964.000000,5128.300000
5966.000000,5128.300000
5968.000000,5128.300000
5970.000000,5128.300000
5972.000000,5128.300000
5974.000000,5128.300000
5976.000000,5128.300000
5978.000000,5128.300000
5980.000000,5128.300000
5982.000000,5128.300000
5984.000000,5128.300000
5986.000000,5128.300000
5988.000000,5128.300000
5990.000000,5128.300000
5992.000000,5128.300000
5994.000000,5128.300000
5996.000000,5128.300000
5998.000000,5128.300000
6000.000000,5128.300000
6002.000000,5128.300000
6004.000000,5128.300000
6006.000000,5128.300000
6008.000000,5128.300000
6010.000000,5128.300000
6012.000000,5128.300000
6014.000000,5128.300000
6016.000000,5128.300000
6018.000000,5128.300000
6020.000000,5128.300000
6022.000000,5128.300000
6024.000000,5128.300000
6026.000000,5128.300000
6028.000000,5128.300000
6030.000000,5128.300000
6032.000000,5128.300000
6034.000000,5128.300000
6036.000000,5128.300000
6038.000000,5128.300000
6040.000000,5128.300000
6042.000000,5128.300000
6044.000000,5128.300000
6046.000000,5128.300000
6048.000000,5128.300000
6050.000000,5128.300000
6052.000000,5128.300000
6054.000000,5128.300000
6056.000000,5128.300000
6058.000000,5128.300000
6060.000000,5128.300000
6062.000000,5128.300000
6064.000000,5128.300000
6066.000000,5128.300000
6068.000000,5128.300000
6070.000000,5128.300000
6072.000000,5128.300000
6074.000000,5128.300000
6076.000000,5128.300000
6078.000000,5128.300000
6080.000000,5128.300000
6082.000000,5128.300000
6084.000000,5128.300000
6086.000000,5128.300000
6088.000000,5128.300000
6090.000000,5128.300000
6092.000000,5128.300000
6094.000000,5128.300000
6096.000000,5128.300000
6098.000000,5128.300000
6100.000000,5128.300000
6102.000000,5128.300000
6104.000000,5128.300000
6106.000000,5128.300000
6108.000000,5128.300000
6110.000000,5128.300000
6112.000000,5128.300000
6114.000000,5128.300000
6116.000000,5128.300000
6118.000000,5128.300000
6120.000000,5128.300000
6122.000000,5128.300000
6124.000000,5128.300000
6126.000000,5128.300000
6128.000000,5128.300000
6130.000000,5128.300000
6132.000000,5128.300000
6134.000000,5128.300000
6136.000000,5128.300000
6138.000000,5128.300000
6140.000000,5128.300000
6142.000000,5128.300000
6144.000000,5128.300000
6146.000000,5128.300000
6148.000000,5128.300000
6150.000000,5128.300000
6152.000000,5128.300000
6154.000000,5128.300000
6156.000000,5128.300000
6158.000000,5128.300000
6160.000000,5128.300000
6162.000000,5128.300000
6164.000000,5128.300000
6166.000000,5128.300000
6168.000000,5128.300000
6170.000000,5128.300000
6172.000000,5128.300000
6174.000000,5128.300000
6176.000000,5128.300000
6178.000000,5128.300000
6180.000000,5128.300000
6182.000000,5128.300000
6184.000000,5128.300000
6186.000000,5128.300000
6188.000000,5128.300000
6190.000000,5128.300000
6192.000000,5128.300000
6194.000000,5128.300000
6196.000000,5128.300000
6198.000000,5128.300000
6200.000000,5128.300000
6202.000000,5128.300000
6204.000000,5128.300000
6206.000000,5128.300000
6208.000000,5128.300000
6210.000000,5128.300000
6212.000000,5128.300000
6214.000000,5128.300000
6216.000000,5128.300000
6218.000000,5128.300000
6220.000000,5128.300000
6222.000000,5128.300000
6224.000000,5128.300000
6226.000000,5128.300000
6228.000000,5128.300000
6230.000000,5128.300000
6232.000000,5128.300000
6234.000000,5128.300000
6236.000000,5128.300000
6238.000000,5128.300000
6240.000000,5128.300000
6242.000000,5128.300000
6244.000000,5128.300000
6246.000000,5128.300000
6248.000000,5128.300000
6250.000000,5128.300000
6252.000000,5128.300000
6254.000000,5128.300000
6256.000000,5128.300000
6258.000000,5128.300000
6260.000000,5128.300000
6262.000000,5128.300000
6264.000000,5128.300000
6266.000000,5128.300000
6268.000000,5128.300000
6270.000000,5128.300000
6272.000000,5128.300000
6274.000000,5128.300000
6276.000000,5128.300000
6278.000000,5128.300000
6280.000000,5128.300000
6282.000000,5128.300000
6284.000000,5128.300000
6286.000000,5128.300000
6288.000000,5128.300000
6290.000000,5128.300000
6292.000000,5128.300000
6294.000000,5128.300000
6296.000000,5128.300000
6298.000000,5128.300000
6300.000000,5128.300000
6302.000000,5128.300000
6304.000000,5128.300000
6306.000000,5128.300000
6308.000000,5128.300000
6310.000000,5128.300000
6312.000000,5128.300000
6314.000000,5128.300000
6316.000000,5128.300000
6318.000000,5128.300000
6320.000000,5128.300000
6322.000000,5128.300000
6324.000000,5128.300000
6326.000000,5128.300000
6328.000000,5128.300000
6330.000000,5128.300000
6332.000000,5128.300000
6334.000000,5128.300000
6336.000000,5128.300000
6338.000000,5128.300000
6340.000000,5128.300000
6342.000000,5128.300000
6344.000000,5128.300000
6346.000000,5128.300000
6348.000000,5128.300000
6350.000000,5128.300000
6352.000000,5128.300000
6354.000000,5128.300000
6356.000000,5128.300000
6358.000000,5128.300000
6360.000000,5128.300000
6362.000000,5128.300000
6364.000000,5128.300000
6366.000000,5128.300000
6368.000000,5128.300000
6370.000000,5128.300000
6372.000000,5128.300000
6374.000000,5128.300000
6376.000000,5128.300000
6378.000000,5128.300000
6380.000000,5128.300000
6382.000000,5128.300000
6384.000000,5128.300000
6386.000000,5128.300000
6388.000000,5128.300000
6390.000000,5128.300000
6392.000000,5128.300000
6394.000000,5128.300000
6396.000000,5128.300000
6398.000000,5128.300000
6400.000000,5128.300000
6402.000000,5128.300000
6404.000000,5128.300000
6406.000000,5128.300000
6408.000000,5128.300000
6410.000000,5128.300000
6412.000000,5128.300000
6414.000000,5128.300000
6416.000000,5128.300000
6418.000000,5128.300000
6420.000000,5128.300000
6422.000000,5128.300000
6424.000000,5128.300000
6426.000000,5128.300000
6428.000000,5128.300000
6430.000000,5128.300000
6432.000000,5128.300000
6434.000000,5128.300000
6436.000000,5128.300000
6438.000000,5128.300000
6440.000000,5128.300000
6442.000000,5128.300000
6444.000000,5128.300000
6446.000000,5128.300000
6448.000000,5128.300000
6450.000000,5128.300000
6452.000000,5128.300000
6454.000000,5128.300000
6456.000000,5128.300000
6458.000000,5128.300000
6460.000000,5128.300000
6462.000000,5128.300000
6464.000000,5128.300000
6466.000000,5128.300000
6468.000000,5128.300000
6470.000000,5128.300000
6472.000000,5128.300000
6474.000000,5128.300000
6476.000000,5128.300000
6478.000000,5128.300000
6480.000000,5128.300000
6482.000000,5128.300000
6484.000000,5128.300000
6486.000000,5128.300000
6488.000000,5128.300000
6490.000000,5128.300000
6492.000000,5128.300000
6494.000000,5128.300000
6496.000000,5128.300000
6498.000000,5128.300000
6500.000000,5128.300000
6502.000000,5128.300000
6504.000000,5128.300000
6506.000000,5128.300000
6508.000000,5128.300000
6510.000000,5128.300000
6512.000000,5128.300000
6514.000000,5128.300000
6516.000000,5128.300000
6518.000000,5128.300000
6520.000000,5128.300000
6522.000000,5128.300000
6524.000000,5128.300000
6526.000000,5128.300000
6528.000000,5128.300000
6530.000000,5128.300000
6532.000000,5128.300000
6534.000000,5128.300000
6536.000000,5128.300000
6538.000000,5128.300000
6540.000000,5128.300000
6542.000000,5128.300000
6544.000000,5128.300000
6546.000000,5128.300000
6548.000000,5128.300000
6550.000000,5128.300000
6552.000000,5128.300000
6554.000000,5128.300000
6556.000000,5128.300000
6558.000000,5128.300000
6560.000000,5128.300000
6562.000000,5128.300000
6564.000000,5128.300000
6566.000000,5128.300000
6568.000000,5128.300000
6570.000000,5128.300000
6572.000000,5128.300000
6574.000000,5128.300000
6576.000000,5128.300000
6578.000000,5128.300000
6580.000000,5128.300000
6582.000000,5128.300000
6584.000000,5128.300000
6586.000000,5128.300000
6588.000000,5128.300000
6590.000000,5128.300000
6592.000000,5128.300000
6594.000000,5128.300000
6596.000000,5128.300000
6598.000000,5128.300000
6600.000000,5128.300000
6602.000000,5128.300000
6604.000000,5128.300000
6606.000000,5128.300000
6608.000000,5128.300000
6610.000000,5128.300000
6612.000000,5128.300000
6614.000000,5128.300000
6616.000000,5128.300000
6618.000000,5128.300000
6620.000000,5128.300000
6622.000000,5128.300000
6624.000000,5128.300000
6626.000000,5128.300000
6628.000000,5128.300000
6630.000000,5128.300000
6632.000000,5128.300000
6634.000000,5128.300000
6636.000000,5128.300000
6638.000000,5128.300000
6640.000000,5128.300000
6642.000000,5128.300000
6644.000000,5128.300000
6646.000000,5128.300000
6648.000000,5128.300000
6650.000000,5128.300000
6652.000000,5128.300000
6654.000000,5128.300000
6656.000000,5128.300000
6658.000000,5128.300000
6660.000000,5128.300000
6662.000000,5128.300000
6664.000000,5128.300000
6666.000000,5128.300000
6668.000000,5128.300000
6670.000000,5128.300000
6672.000000,5128.300000
6674.000000,5128.300000
6676.000000,5128.300000
6678.000000,5128.300000
6680.000000,5128.300000
6682.000000,5128.300000
6684.000000,5128.300000
6686.000000,5128.300000
6688.000000,5128.300000
6690.000000,5128.300000
6692.000000,5128.300000
6694.000000,5128.300000
6696.000000,5128.300000
6698.000000,5128.300000
6700.000000,5128.300000
6702.000000,5128.300000
6704.000000,5128.300000
6706.000000,5128.300000
6708.000000,5128.300000
6710.000000,5128.300000
6712.000000,5128.300000
6714.000000,5128.300000
6716.000000,5128.300000
6718.000000,5128.300000
6720.000000,5128.300000
6722.000000,5128.300000
6724.000000,5128.300000
6726.000000,5128.300000
6728.000000,5128.300000
6730.000000,5128.300000
6732.000000,5128.300000
6734.000000,5128.300000
6736.000000,5128.300000
6738.000000,5128.300000
6740.000000,5128.300000
6742.000000,5128.300000
6744.000000,5128.300000
6746.000000,5128.300000
6748.000000,5128.300000
6750.000000,5128.300000
6752.000000,5128.300000
6754.000000,5128.300000
6756.000000,5128.300000
6758.000000,5128.300000
6760.000000,5128.300000
6762.000000,5128.300000
6764.000000,5128.300000
6766.000000,5128.300000
6768.000000,5128.300000
6770.000000,5128.300000
6772.000000,5128.300000
6774.000000,5128.300000
6776.000000,5128.300000
6778.000000,5128.300000
6780.000000,5128.300000
6782.000000,5128.300000
6784.000000,5128.300000
6786.000000,5128.300000
6788.000000,5128.300000
6790.000000,5128.300000
6792.000000,5128.300000
6794.000000,5128.300000
6796.000000,5128.300000
6798.000000,5128.300000
6800.000000,5128.300000
6802.000000,5128.300000
6804.000000,5128.300000
6806.000000,5128.300000
6808.000000,5128.300000
6810.000000,5128.300000
6812.000000,5128.300000
6814.000000,5128.300000
6816.000000,5128.300000
6818.000000,5128.300000
6820.000000,5128.300000
6822.000000,5128.300000
6824.000000,5128.300000
6826.000000,5128.300000
6828.000000,5128.300000
6830.000000,5128.300000
6832.000000,5128.300000
6834.000000,5128.300000
6836.000000,5128.300000
6838.000000,5128.300000
6840.000000,5128.300000
6842.000000,5128.300000
6844.000000,5128.300000
6846.000000,5128.300000
6848.000000,5128.300000
6850.000000,5128.300000
6852.000000,5128.300000
6854.000000,5128.300000
6856.000000,5128.300000
6858.000000,5128.300000
6860.000000,5128.300000
6862.000000,5128.300000
6864.000000,5128.300000
6866.000000,5128.300000
6868.000000,5128.300000
6870.000000,5128.300000
6872.000000,5128.300000
6874.000000,5128.300000
6876.000000,5128.300000
6878.000000,5128.300000
6880.000000,5128.300000
6882.000000,5128.300000
6884.000000,5128.300000
6886.000000,5128.300000
6888.000000,5128.300000
6890.000000,5128.300000
6892.000000,5128.300000
6894.000000,5128.300000
6896.000000,5128.300000
6898.000000,5128.300000
6900.000000,5128.300000
6902.000000,5128.300000
6904.000000,5128.300000
6906.000000,5128.300000
6908.000000,5128.300000
6910.000000,5128.300000
6912.000000,5128.300000
6914.000000,5128.300000
6916.000000,5128.300000
6918.000000,5128.300000
6920.000000,5128.300000
6922.000000,5128.300000
6924.000000,5128.300000
6926.000000,5128.300000
6928.000000,5128.300000
6930.000000,5128.300000
6932.000000,5128.300000
6934.000000,5128.300000
6936.000000,5128.300000
6938.000000,5128.300000
6940.000000,5128.300000
6942.000000,5128.300000
6944.000000,5128.300000
6946.000000,5128.300000
6948.000000,5128.300000
6950.000000,5128.300000
6952.000000,5128.300000
6954.000000,5128.300000
6956.000000,5128.300000
6958.000000,5128.300000
6960.000000,5128.300000
6962.000000,5128.300000
6964.000000,5128.300000
6966.000000,5128.300000
6968.000000,5128.300000
6970.000000,5128.300000
6972.000000,5128.300000
6974.000000,5128.300000
6976.000000,5128.300000
6978.000000,5128.300000
6980.000000,5128.300000
6982.000000,5128.300000
6984.000000,5128.300000
6986.000000,5128.300000
6988.000000,5128.300000
6990.000000,5128.300000
6992.000000,5128.300000
6994.000000,5128.300000
6996.000000,5128.300000
6998.000000,5128.300000
7000.000000,5128.300000
7002.000000,5128.300000
7004.000000,5128.300000
7006.000000,5128.300000
7008.000000,5128.300000
7010.000000,5128.300000
7012.000000,5128.300000
7014.000000,5128.300000
7016.000000,5128.300000
7018.000000,5128.300000
7020.000000,5128.300000
7022.000000,5128.300000
7024.000000,5128.300000
7026.000000,5128.300000
7028.000000,5128.300000
7030.000000,5128.300000
7032.000000,5128.300000
7034.000000,5128.300000
7036.000000,5128.300000
7038.000000,5128.300000
7040.000000,5128.300000
7042.000000,5128.300000
7044.000000,5128.300000
7046.000000,5128.300000
7048.000000,5128.300000
7050.000000,5128.300000
7052.000000,5128.300000
7054.000000,5128.300000
7056.000000,5128.300000
7058.000000,5128.300000
7060.000000,5128.300000
7062.000000,5128.300000
7064.000000,5128.300000
7066.000000,5128.300000
7068.000000,5128.300000
7070.000000,5128.300000
7072.000000,5128.300000
7074.000000,5128.300000
7076.000000,5128.300000
7078.000000,5128.300000
7080.000000,5128.300000
7082.000000,5128.300000
7084.000000,5128.300000
7086.000000,5128.300000
7088.000000,5128.300000
7090.000000,5128.300000
7092.000000,5128.300000
7094.000000,5128.300000
7096.000000,5128.300000
7098.000000,5128.300000
7100.000000,5128.300000
7102.000000,5128.300000
7104.000000,5128.300000
7106.000000,5128.300000
7108.000000,5128.300000
7110.000000,5128.300000
7112.000000,5128.300000
7114.000000,5128.300000
7116.000000,5128.300000
7118.000000,5128.300000
7120.000000,5128.300000
7122.000000,5128.300000
7124.000000,5128.300000
7126.000000,5128.300000
7128.000000,5128.300000
7130.000000,5128.300000
7132.000000,5128.300000
7134.000000,5128.300000
7136.000000,5128.300000
7138.000000,5128.300000
7140.000000,5128.300000
7142.000000,5128.300000
7144.000000,5128.300000
7146.000000,5128.300000
7148.000000,5128.300000
7150.000000,5128.300000
7152.000000,5128.300000
7154.000000,5128.300000
7156.000000,5128.300000
7158.000000,5128.300000
7160.000000,5128.300000
7162.000000,5128.300000
7164.000000,5128.300000
7166.000000,5128.300000
7168.000000,5128.300000
7170.000000,5128.300000
7172.000000,5128.300000
7174.000000,5128.300000
7176.000000,5128.300000
7178.000000,5128.300000
7180.000000,5128.300000
7182.000000,5128.300000
7184.000000,5128.300000
7186.000000,5128.300000
7188.000000,5128.300000
7190.000000,5128.300000
7192.000000,5128.300000
7194.000000,5128.300000
7196.000000,5128.300000
7198.000000,5128.300000
7200.000000,5128.300000
7202.000000,5128.300000
7204.000000,5128.300000
7206.000000,5128.300000
7208.000000,5128.300000
7210.000000,5128.300000
7212.000000,5128.300000
7214.000000,5128.300000
7216.000000,5128.300000
7218.000000,5128.300000
7220.000000,5128.300000
7222.000000,5128.300000
7224.000000,5128.300000
7226.000000,5128.300000
7228.000000,5128.300000
7230.000000,5128.300000
7232.000000,5128.300000
7234.000000,5128.300000
7236.000000,5128.300000
7238.000000,5128.300000
7240.000000,5128.300000
7242.000000,5128.300000
7244.000000,5128.300000
7246.000000,5128.300000
7248.000000,5128.300000
7250.000000,5128.300000
7252.000000,5128.300000
7254.000000,5128.300000
7256.000000,5128.300000
7258.000000,5128.300000
7260.000000,5128.300000
7262.000000,5128.300000
7264.000000,5128.300000
7266.000000,5128.300000
7268.000000,5128.300000
7270.000000,5128.300000
7272.000000,5128.300000
7274.000000,5128.300000
7276.000000,5128.300000
7278.000000,5128.300000
7280.000000,5128.300000
7282.000000,5128.300000
7284.000000,5128.300000
7286.000000,5128.300000
7288.000000,5128.300000
7290.000000,5128.300000
7292.000000,5128.300000
7294.000000,5128.300000
7296.000000,5128.300000
7298.000000,5128.300000
7300.000000,5128.300000
7302.000000,5128.300000
7304.000000,5128.300000
7306.000000,5128.300000
7308.000000,5128.300000
7310.000000,5128.300000
7312.000000,5128.300000
7314.000000,5128.300000
7316.000000,5128.300000
7318.000000,5128.300000
7320.000000,5128.300000
7322.000000,5128.300000
7324.000000,5128.300000
7326.000000,5128.300000
7328.000000,5128.300000
7330.000000,5128.300000
7332.000000,5128.300000
7334.000000,5128.300000
7336.000000,5128.300000
7338.000000,5128.300000
7340.000000,5128.300000
7342.000000,5128.300000
7344.000000,5128.300000
7346.000000,5128.300000
7348.000000,5128.300000
7350.000000,5128.300000
7352.000000,5128.300000
7354.000000,5128.300000
7356.000000,5128.300000
7358.000000,5128.300000
7360.000000,5128.300000
7362.000000,5128.300000
7364.000000,5128.300000
7366.000000,5128.300000
7368.000000,5128.300000
7370.000000,5128.300000
7372.000000,5128.300000
7374.000000,5128.300000
7376.000000,5128.300000
7378.000000,5128.300000
7380.000000,5128.300000
7382.000000,5128.300000
7384.000000,5128.300000
7386.000000,5128.300000
7388.000000,5128.300000
7390.000000,5128.300000
7392.000000,5128.300000
7394.000000,5128.300000
7396.000000,5128.300000
7398.000000,5128.300000
7400.000000,5128.300000
7402.000000,5128.300000
7404.000000,5128.300000
7406.000000,5128.300000
7408.000000,5128.300000
7410.000000,5128.300000
7412.000000,5128.300000
7414.000000,5128.300000
7416.000000,5128.300000
7418.000000,5128.300000
7420.000000,5128.300000
7422.000000,5128.300000
7424.000000,5128.300000
7426.000000,5128.300000
7428.000000,5128.300000
7430.000000,5128.300000
7432.000000,5128.300000
7434.000000,5128.300000
7436.000000,5128.300000
7438.000000,5128.300000
7440.000000,5128.300000
7442.000000,5128.300000
7444.000000,5128.300000
7446.000000,5128.300000
7448.000000,5128.300000
7450.000000,5128.300000
7452.000000,5128.300000
7454.000000,5128.300000
7456.000000,5128.300000
7458.000000,5128.300000
7460.000000,5128.300000
7462.000000,5128.300000
7464.000000,5128.300000
7466.000000,5128.300000
7468.000000,5128.300000
7470.000000,5128.300000
7472.000000,5128.300000
7474.000000,5128.300000
7476.000000,5128.300000
7478.000000,5128.300000
7480.000000,5128.300000
7482.000000,5128.300000
7484.000000,5128.300000
7486.000000,5128.300000
7488.000000,5128.300000
7490.000000,5128.300000
7492.000000,5128.300000
7494.000000,5128.300000
7496.000000,5128.300000
7498.000000,5128.300000
7500.000000,5128.300000
7502.000000,5128.300000
7504.000000,5128.300000
7506.000000,5128.300000
7508.000000,5128.300000
7510.000000,5128.300000
7512.000000,5128.300000
7514.000000,5128.300000
7516.000000,5128.300000
7518.000000,5128.300000
7520.000000,5128.300000
7522.000000,5128.300000
7524.000000,5128.300000
7526.000000,5128.300000
7528.000000,5128.300000
7530.000000,5128.300000
7532.000000,5128.300000
7534.000000,5128.300000
7536.000000,5128.300000
7538.000000,5128.300000
7540.000000,5128.300000
7542.000000,5128.300000
7544.000000,5128.300000
7546.000000,5128.300000
7548.000000,5128.300000
7550.000000,5128.300000
7552.000000,5128.300000
7554.000000,5128.300000
7556.000000,5128.300000
7558.000000,5128.300000
7560.000000,5128.300000
7562.000000,5128.300000
7564.000000,5128.300000
7566.000000,5128.300000
7568.000000,5128.300000
7570.000000,5128.300000
7572.000000,5128.300000
7574.000000,5128.300000
7576.000000,5128.300000
7578.000000,5128.300000
7580.000000,5128.300000
7582.000000,5128.300000
7584.000000,5128.300000
7586.000000,5128.300000
7588.000000,5128.300000
7590.000000,5128.300000
7592.000000,5128.300000
7594.000000,5128.300000
7596.000000,5128.300000
7598.000000,5128.300000
7600.000000,5128.300000
7602.000000,5128.300000
7604.000000,5128.300000
7606.000000,5128.300000
7608.000000,5128.300000
7610.000000,5128.300000
7612.000000,5128.300000
7614.000000,5128.300000
7616.000000,5128.300000
7618.000000,5128.300000
7620.000000,5128.300000
7622.000000,5128.300000
7624.000000,5128.300000
7626.000000,5128.300000
7628.000000,5128.300000
7630.000000,5128.300000
7632.000000,5128.300000
7634.000000,5128.300000
7636.000000,5128.300000
7638.000000,5128.300000
7640.000000,5128.300000
7642.000000,5128.300000
7644.000000,5128.300000
7646.000000,5128.300000
7648.000000,5128.300000
7650.000000,5128.300000
7652.000000,5128.300000
7654.000000,5128.300000
7656.000000,5128.300000
7658.000000,5128.300000
7660.000000,5128.300000
7662.000000,5128.300000
7664.000000,5128.300000
7666.000000,5128.300000
7668.000000,5128.300000
7670.000000,5128.300000
7672.000000,5128.300000
7674.000000,5128.300000
7676.000000,5128.300000
7678.000000,5128.300000
7680.000000,5128.300000
7682.000000,5128.300000
7684.000000,5128.300000
7686.000000,5128.300000
7688.000000,5128.300000
7690.000000,5128.300000
7692.000000,5128.300000
7694.000000,5128.300000
7696.000000,5128.300000
7698.000000,5128.300000
7700.000000,5128.300000
7702.000000,5128.300000
7704.000000,5128.300000
7706.000000,5128.300000
7708.000000,5128.300000
7710.000000,5128.300000
7712.000000,5128.300000
7714.000000,5128.300000
7716.000000,5128.300000
7718.000000,5128.300000
7720.000000,5128.300000
7722.000000,5128.300000
7724.000000,5128.300000
7726.000000,5128.300000
7728.000000,5128.300000
7730.000000,5128.300000
7732.000000,5128.300000
7734.000000,5128.300000
7736.000000,5128.300000
7738.000000,5128.300000
7740.000000,5128.300000
7742.000000,5128.300000
7744.000000,5128.300000
7746.000000,5128.300000
7748.000000,5128.300000
7750.000000,5128.300000
7752.000000,5128.300000
7754.000000,5128.300000
7756.000000,5128.300000
7758.000000,5128.300000
7760.000000,5128.300000
7762.000000,5128.300000
7764.000000,5128.300000
7766.000000,5128.300000
7768.000000,5128.300000
7770.000000,5128.300000
7772.000000,5128.300000
7774.000000,5128.300000
7776.000000,5128.300000
7778.000000,5128.300000
7780.000000,5128.300000
7782.000000,5128.300000
7784.000000,5128.300000
7786.000000,5128.300000
7788.000000,5128.300000
7790.000000,5128.300000
7792.000000,5128.300000
7794.000000,5128.300000
7796.000000,5128.300000
7798.000000,5128.300000
7800.000000,5128.300000
7802.000000,5128.300000
7804.000000,5128.300000
7806.000000,5128.300000
7808.000000,5128.300000
7810.000000,5128.300000
7812.000000,5128.300000
7814.000000,5128.300000
7816.000000,5128.300000
7818.000000,5128.300000
7820.000000,5128.300000
7822.000000,5128.300000
7824.000000,5128.300000
7826.000000,5128.300000
7828.000000,5128.300000
7830.000000,5128.300000
7832.000000,5128.300000
7834.000000,5128.300000
7836.000000,5128.300000
7838.000000,5128.300000
7840.000000,5128.300000
7842.000000,5128.300000
7844.000000,5128.300000
7846.000000,5128.300000
7848.000000,5128.300000
7850.000000,5128.300000
7852.000000,5128.300000
7854.000000,5128.300000
7856.000000,5128.300000
7858.000000,5128.300000
7860.000000,5128.300000
7862.000000,5128.300000
7864.000000,5128.300000
7866.000000,5128.300000
7868.000000,5128.300000
7870.000000,5128.300000
7872.000000,5128.300000
7874.000000,5128.300000
7876.000000,5128.300000
7878.000000,5128.300000
7880.000000,5128.300000
7882.000000,5128.300000
7884.000000,5128.300000
7886.000000,5128.300000
7888.000000,5128.300000
7890.000000,5128.300000
7892.000000,5128.300000
7894.000000,5128.300000
7896.000000,5128.300000
7898.000000,5128.300000
7900.000000,5128.300000
7902.000000,5128.300000
7904.000000,5128.300000
7906.000000,5128.300000
7908.000000,5128.300000
7910.000000,5128.300000
7912.000000,5128.300000
7914.000000,5128.300000
7916.000000,5128.300000
7918.000000,5128.300000
7920.000000,5128.300000
7922.000000,5128.300000
7924.000000,5128.300000
7926.000000,5128.300000
7928.000000,5128.300000
7930.000000,5128.300000
7932.000000,5128.300000
7934.000000,5128.300000
7936.000000,5128.300000
7938.000000,5128.300000
7940.000000,5128.300000
7942.000000,5128.300000
7944.000000,5128.300000
7946.000000,5128.300000
7948.000000,5128.300000
7950.000000,5128.300000
7952.000000,5128.300000
7954.000000,5128.300000
7956.000000,5128.300000
7958.000000,5128.300000
7960.000000,5128.300000
7962.000000,5128.300000
7964.000000,5128.300000
7966.000000,5128.300000
7968.000000,5128.300000
7970.000000,5128.300000
7972.000000,5128.300000
7974.000000,5128.300000
7976.000000,5128.300000
7978.000000,5128.300000
7980.000000,5128.300000
7982.000000,5128.300000
7984.000000,5128.300000
7986.000000,5128.300000
7988.000000,5128.300000
7990.000000,5128.300000
7992.000000,5128.300000
7994.000000,5128.300000
7996.000000,5128.300000
7998.000000,5128.300000
8000.000000,5128.300000
8002.000000,5128.300000
8004.000000,5128.300000
8006.000000,5128.300000
8008.000000,5128.300000
8010.000000,5128.300000
8012.000000,5128.300000
8014.000000,5128.300000
8016.000000,5128.300000
8018.000000,5128.300000
8020.000000,5128.300000
8022.000000,5128.300000
8024.000000,5128.300000
8026.000000,5128.300000
8028.000000,5128.300000
8030.000000,5128.300000
8032.000000,5128.300000
8034.000000,5128.300000
8036.000000,5128.300000
8038.000000,5128.300000
8040.000000,5128.300000
8042.000000,5128.300000
8044.000000,5128.300000
8046.000000,5128.300000
8048.000000,5128.300000
8050.000000,5128.300000
8052.000000,5128.300000
8054.000000,5128.300000
8056.000000,5128.300000
8058.000000,5128.300000
8060.000000,5128.300000
8062.000000,5128.300000
8064.000000,5128.300000
8066.000000,5128.300000
8068.000000,5128.300000
8070.000000,5128.300000
8072.000000,5128.300000
8074.000000,5128.300000
8076.000000,5128.300000
8078.000000,5128.300000
8080.000000,5128.300000
8082.000000,5128.300000
8084.000000,5128.300000
8086.000000,5128.300000
8088.000000,5128.300000
8090.000000,5128.300000
8092.000000,5128.300000
8094.000000,5128.300000
8096.000000,5128.300000
8098.000000,5128.300000
8100.000000,5128.300000
8102.000000,5128.300000
8104.000000,5128.300000
8106.000000,5128.300000
8108.000000,5128.300000
8110.000000,5128.300000
8112.000000,5128.300000
8114.000000,5128.300000
8116.000000,5128.300000
8118.000000,5128.300000
8120.000000,5128.300000
8122.000000,5128.300000
8124.000000,5128.300000
8126.000000,5128.300000
8128.000000,5128.300000
8130.000000,5128.300000
8132.000000,5128.300000
8134.000000,5128.300000
8136.000000,5128.300000
8138.000000,5128.300000
8140.000000,5128.300000
8142.000000,5128.300000
8144.000000,5128.300000
8146.000000,5128.300000
8148.000000,5128.300000
8150.000000,5128.300000
8152.000000,5128.300000
8154.000000,5128.300000
8156.000000,5128.300000
8158.000000,5128.300000
8160.000000,5128.300000
8162.000000,5128.300000
8164.000000,5128.300000
8166.000000,5128.300000
8168.000000,5128.300000
8170.000000,5128.300000
8172.000000,5128.300000
8174.000000,5128.300000
8176.000000,5128.300000
8178.000000,5128.300000
8180.000000,5128.300000
8182.000000,5128.300000
8184.000000,5128.300000
8186.000000,5128.300000
8188.000000,5128.300000
8190.000000,5128.300000
8192.000000,5128.300000
8194.000000,5128.300000
8196.000000,5128.300000
8198.000000,5128.300000
8200.000000,5128.300000
8202.000000,5128.300000
8204.000000,5128.300000
8206.000000,5128.300000
8208.000000,5128.300000
8210.000000,5128.300000
8212.000000,5128.300000
8214.000000,5128.300000
8216.000000,5128.300000
8218.000000,5128.300000
8220.000000,5128.300000
8222.000000,5128.300000
8224.000000,5128.300000
8226.000000,5128.300000
8228.000000,5128.300000
8230.000000,5128.300000
8232.000000,5128.300000
8234.000000,5128.300000
8236.000000,5128.300000
8238.000000,5128.300000
8240.000000,5128.300000
8242.000000,5128.300000
8244.000000,5128.300000
8246.000000,5128.300000
8248.000000,5128.300000
8250.000000,5128.300000
8252.000000,5128.300000
8254.000000,5128.300000
8256.000000,5128.300000
8258.000000,5128.300000
8260.000000,5128.300000
8262.000000,5128.300000
8264.000000,5128.300000
8266.000000,5128.300000
8268.000000,5128.300000
8270.000000,5128.300000
8272.000000,5128.300000
8274.000000,5128.300000
8276.000000,5128.300000
8278.000000,5128.300000
8280.000000,5128.300000
8282.000000,5128.300000
8284.000000,5128.300000
8286.000000,5128.300000
8288.000000,5128.300000
8290.000000,5128.300000
8292.000000,5128.300000
8294.000000,5128.300000
8296.000000,5128.300000
8298.000000,5128.300000
8300.000000,5128.300000
8302.000000,5128.300000
8304.000000,5128.300000
8306.000000,5128.300000
8308.000000,5128.300000
8310.000000,5128.300000
8312.000000,5128.300000
8314.000000,5128.300000
8316.000000,5128.300000
8318.000000,5128.300000
8320.000000,5128.300000
8322.000000,5128.300000
8324.000000,5128.300000
8326.000000,5128.300000
8328.000000,5128.300000
8330.000000,5128.300000
8332.000000,5128.300000
8334.000000,5128.300000
8336.000000,5128.300000
8338.000000,5128.300000
8340.000000,5128.300000
8342.000000,5128.300000
8344.000000,5128.300000
8346.000000,5128.300000
8348.000000,5128.300000
8350.000000,5128.300000
8352.000000,5128.300000
8354.000000,5128.300000
8356.000000,5128.300000
8358.000000,5128.300000
8360.000000,5128.300000
8362.000000,5128.300000
8364.000000,5128.300000
8366.000000,5128.300000
8368.000000,5128.300000
8370.000000,5128.300000
8372.000000,5128.300000
8374.000000,5128.300000
8376.000000,5128.300000
8378.000000,5128.300000
8380.000000,5128.300000
8382.000000,5128.300000
8384.000000,5128.300000
8386.000000,5128.300000
8388.000000,5128.300000
8390.000000,5128.300000
8392.000000,5128.300000
8394.000000,5128.300000
8396.000000,5128.300000
8398.000000,5128.300000
8400.000000,5128.300000
8402.000000,5128.300000
8404.000000,5128.300000
8406.000000,5128.300000
8408.000000,5128.300000
8410.000000,5128.300000
8412.000000,5128.300000
8414.000000,5128.300000
8416.000000,5128.300000
8418.000000,5128.300000
8420.000000,5128.300000
8422.000000,5128.300000
8424.000000,5128.300000
8426.000000,5128.300000
8428.000000,5128.300000
8430.000000,5128.300000
8432.000000,5128.300000
8434.000000,5128.300000
8436.000000,5128.300000
8438.000000,5128.300000
8440.000000,5128.300000
8442.000000,5128.300000
8444.000000,5128.300000
8446.000000,5128.300000
8448.000000,5128.300000
8450.000000,5128.300000
8452.000000,5128.300000
8454.000000,5128.300000
8456.000000,5128.300000
8458.000000,5128.300000
8460.000000,5128.300000
8462.000000,5128.300000
8464.000000,5128.300000
8466.000000,5128.300000
8468.000000,5128.300000
8470.000000,5128.300000
8472.000000,5128.300000
8474.000000,5128.300000
8476.000000,5128.300000
8478.000000,5128.300000
8480.000000,5128.300000
8482.000000,5128.300000
8484.000000,5128.300000
8486.000000,5128.300000
8488.000000,5128.300000
8490.000000,5128.300000
8492.000000,5128.300000
8494.000000,5128.300000
8496.000000,5128.300000
8498.000000,5128.300000
8500.000000,5128.300000
8502.000000,5128.300000
8504.000000,5128.300000
8506.000000,5128.300000
8508.000000,5128.300000
8510.000000,5128.300000
8512.000000,5128.300000
8514.000000,5128.300000
8516.000000,5128.300000
8518.000000,5128.300000
8520.000000,5128.300000
8522.000000,5128.300000
8524.000000,5128.300000
8526.000000,5128.300000
8528.000000,5128.300000
8530.000000,5128.300000
8532.000000,5128.300000
8534.000000,5128.300000
8536.000000,5128.300000
8538.000000,5128.300000
8540.000000,5128.300000
8542.000000,5128.300000
8544.000000,5128.300000
8546.000000,5128.300000
8548.000000,5128.300000
8550.000000,5128.300000
8552.000000,5128.300000
8554.000000,5128.300000
8556.000000,5128.300000
8558.000000,5128.300000
8560.000000,5128.300000
8562.000000,5128.300000
8564.000000,5128.300000
8566.000000,5128.300000
8568.000000,5128.300000
8570.000000,5128.300000
8572.000000,5128.300000
8574.000000,5128.300000
8576.000000,5128.300000
8578.000000,5128.300000
8580.000000,5128.300000
8582.000000,5128.300000
8584.000000,5128.300000
8586.000000,5128.300000
8588.000000,5128.300000
8590.000000,5128.300000
8592.000000,5128.300000
8594.000000,5128.300000
8596.000000,5128.300000
8598.000000,5128.300000
8600.000000,5128.300000
8602.000000,5128.300000
8604.000000,5128.300000
8606.000000,5128.300000
8608.000000,5128.300000
8610.000000,5128.300000
8612.000000,5128.300000
8614.000000,5128.300000
8616.000000,5128.300000
8618.000000,5128.300000
8620.000000,5128.300000
8622.000000,5128.300000
8624.000000,5128.300000
8626.000000,5128.300000
8628.000000,5128.300000
8630.000000,5128.300000
8632.000000,5128.300000
8634.000000,5128.300000
8636.000000,5128.300000
8638.000000,5128.300000
8640.000000,5128.300000
8642.000000,5128.300000
8644.000000,5128.300000
8646.000000,5128.300000
8648.000000,5128.300000
8650.000000,5128.300000
8652.000000,5128.300000
8654.000000,5128.300000
8656.000000,5128.300000
8658.000000,5128.300000
8660.000000,5128.300000
8662.000000,5128.300000
8664.000000,5128.300000
8666.000000,5128.300000
8668.000000,5128.300000
8670.000000,5128.300000
8672.000000,5128.300000
8674.000000,5128.300000
8676.000000,5128.300000
8678.000000,5128.300000
8680.000000,5128.300000
8682.000000,5128.300000
8684.000000,5128.300000
8686.000000,5128.300000
8688.000000,5128.300000
8690.000000,5128.300000
8692.000000,5128.300000
8694.000000,5128.300000
8696.000000,5128.300000
8698.000000,5128.300000
8700.000000,5128.300000
8702.000000,5128.300000
8704.000000,5128.300000
8706.000000,5128.300000
8708.000000,5128.300000
8710.000000,5128.300000
8712.000000,5128.300000
8714.000000,5128.300000
8716.000000,5128.300000
8718.000000,5128.300000
8720.000000,5128.300000
8722.000000,5128.300000
8724.000000,5128.300000
8726.000000,5128.300000
8728.000000,5128.300000
8730.000000,5128.300000
8732.000000,5128.300000
8734.000000,5128.300000
8736.000000,5128.300000
8738.000000,5128.300000
8740.000000,5128.300000
8742.000000,5128.300000
8744.000000,5128.300000
8746.000000,5128.300000
8748.000000,5128.300000
8750.000000,5128.300000
8752.000000,5128.300000
8754.000000,5128.300000
8756.000000,5128.300000
8758.000000,5128.300000
8760.000000,5128.300000
8762.000000,5128.300000
8764.000000,5128.300000
8766.000000,5128.300000
8768.000000,5128.300000
8770.000000,5128.300000
8772.000000,5128.300000
8774.000000,5128.300000
8776.000000,5128.300000
8778.000000,5128.300000
8780.000000,5128.300000
8782.000000,5128.300000
8784.000000,5128.300000
8786.000000,5128.300000
8788.000000,5128.300000
8790.000000,5128.300000
8792.000000,5128.300000
8794.000000,5128.300000
8796.000000,5128.300000
8798.000000,5128.300000
8800.000000,5128.300000
8802.000000,5128.300000
8804.000000,5128.300000
8806.000000,5128.300000
8808.000000,5128.300000
8810.000000,5128.300000
8812.000000,5128.300000
8814.000000,5128.300000
8816.000000,5128.300000
8818.000000,5128.300000
8820.000000,5128.300000
8822.000000,5128.300000
8824.000000,5128.300000
8826.000000,5128.300000
8828.000000,5128.300000
8830.000000,5128.300000
8832.000000,5128.300000
8834.000000,5128.300000
8836.000000,5128.300000
8838.000000,5128.300000
8840.000000,5128.300000
8842.000000,5128.300000
8844.000000,5128.300000
8846.000000,5128.300000
8848.000000,5128.300000
8850.000000,5128.300000
8852.000000,5128.300000
8854.000000,5128.300000
8856.000000,5128.300000
8858.000000,5128.300000
8860.000000,5128.300000
8862.000000,5128.300000
8864.000000,5128.300000
8866.000000,5128.300000
8868.000000,5128.300000
8870.000000,5128.300000
8872.000000,5128.300000
8874.000000,5128.300000
8876.000000,5128.300000
8878.000000,5128.300000
8880.000000,5128.300000
8882.000000,5128.300000
8884.000000,5128.300000
8886.000000,5128.300000
8888.000000,5128.300000
8890.000000,5128.300000
8892.000000,5128.300000
8894.000000,5128.300000
8896.000000,5128.300000
8898.000000,5128.300000
8900.000000,5128.300000
8902.000000,5128.300000
8904.000000,5128.300000
8906.000000,5128.300000
8908.000000,5128.300000
8910.000000,5128.300000
8912.000000,5128.300000
8914.000000,5128.300000
8916.000000,5128.300000
8918.000000,5128.300000
8920.000000,5128.300000
8922.000000,5128.300000
8924.000000,5128.300000
8926.000000,5128.300000
8928.000000,5128.300000
8930.000000,5128.300000
8932.000000,5128.300000
8934.000000,5128.300000
8936.000000,5128.300000
8938.000000,5128.300000
8940.000000,5128.300000
8942.000000,5128.300000
8944.000000,5128.300000
8946.000000,5128.300000
8948.000000,5128.300000
8950.000000,5128.300000
8952.000000,5128.300000
8954.000000,5128.300000
8956.000000,5128.300000
8958.000000,5128.300000
8960.000000,5128.300000
8962.000000,5128.300000
8964.000000,5128.300000
8966.000000,5128.300000
8968.000000,5128.300000
8970.000000,5128.300000
8972.000000,5128.300000
8974.000000,5128.300000
8976.000000,5128.300000
8978.000000,5128.300000
8980.000000,5128.300000
8982.000000,5128.300000
8984.000000,5128.300000
8986.000000,5128.300000
8988.000000,5128.300000
8990.000000,5128.300000
8992.000000,5128.300000
8994.000000,5128.300000
8996.000000,5128.300000
8998.000000,5128.300000
9000.000000,5128.300000
9002.000000,5128.300000
9004.000000,5128.300000
9006.000000,5128.300000
9008.000000,5128.300000
9010.000000,5128.300000
9012.000000,5128.300000
9014.000000,5128.300000
9016.000000,5128.300000
9018.000000,5128.300000
9020.000000,5128.300000
9022.000000,5128.300000
9024.000000,5128.300000
9026.000000,5128.300000
9028.000000,5128.300000
9030.000000,5128.300000
9032.000000,5128.300000
9034.000000,5128.300000
9036.000000,5128.300000
9038.000000,5128.300000
9040.000000,5128.300000
9042.000000,5128.300000
9044.000000,5128.300000
9046.000000,5128.300000
9048.000000,5128.300000
9050.000000,5128.300000
9052.000000,5128.300000
9054.000000,5128.300000
9056.000000,5128.300000
9058.000000,5128.300000
9060.000000,5128.300000
9062.000000,5128.300000
9064.000000,5128.300000
9066.000000,5128.300000
9068.000000,5128.300000
9070.000000,5128.300000
9072.000000,5128.300000
9074.000000,5128.300000
9076.000000,5128.300000
9078.000000,5128.300000
9080.000000,5128.300000
9082.000000,5128.300000
9084.000000,5128.300000
9086.000000,5128.300000
9088.000000,5128.300000
9090.000000,5128.300000
9092.000000,5128.300000
9094.000000,5128.300000
9096.000000,5128.300000
9098.000000,5128.300000
9100.000000,5128.300000
9102.000000,5128.300000
9104.000000,5128.300000
9106.000000,5128.300000
9108.000000,5128.300000
9110.000000,5128.300000
9112.000000,5128.300000
9114.000000,5128.300000
9116.000000,5128.300000
9118.000000,5128.300000
9120.000000,5128.300000
9122.000000,5128.300000
9124.000000,5128.300000
9126.000000,5128.300000
9128.000000,5128.300000
9130.000000,5128.300000
9132.000000,5128.300000
9134.000000,5128.300000
9136.000000,5128.300000
9138.000000,5128.300000
9140.000000,5128.300000
9142.000000,5128.300000
9144.000000,5128.300000
9146.000000,5128.300000
9148.000000,5128.300000
9150.000000,5128.300000
9152.000000,5128.300000
9154.000000,5128.300000
9156.000000,5128.300000
9158.000000,5128.300000
9160.000000,5128.300000
9162.000000,5128.300000
9164.000000,5128.300000
9166.000000,5128.300000
9168.000000,5128.300000
9170.000000,5128.300000
9172.000000,5128.300000
9174.000000,5128.300000
9176.000000,5128.300000
9178.000000,5128.300000
9180.000000,5128.300000
9182.000000,5128.300000
9184.000000,5128.300000
9186.000000,5128.300000
9188.000000,5128.300000
9190.000000,5128.300000
9192.000000,5128.300000
9194.000000,5128.300000
9196.000000,5128.300000
9198.000000,5126.158438
9200.000000,5124.016289
9202.000000,5121.873416
9204.000000,5119.729881
9206.000000,5117.585594
9208.000000,5115.440511
9210.000000,5113.294655
9212.000000,5111.147858
9214.000000,5109.000211
9216.000000,5106.851610
9218.000000,5104.702004
9220.000000,5102.551440
9222.000000,5100.399710
9224.000000,5098.246938
9226.000000,5096.093004
9228.000000,5093.937856
9230.000000,5091.781567
9232.000000,5089.623877
9234.000000,5087.464966
9236.000000,5085.304677
9238.000000,5083.142971
9240.000000,5080.979925
9242.000000,5078.815253
9244.000000,5076.649163
9246.000000,5074.481472
9248.000000,5072.312158
9250.000000,5070.141287
9252.000000,5067.968565
9254.000000,5065.794215
9256.000000,5063.618050
9258.000000,5061.440047
9260.000000,5059.260282
9262.000000,5057.078445
9264.000000,5054.894759
9266.000000,5052.709058
9268.000000,5050.521277
9270.000000,5048.331536
9272.000000,5046.139471
9274.000000,5043.945345
9276.000000,5041.748976
9278.000000,5039.550272
9280.000000,5037.349415
9282.000000,5035.145961
9284.000000,5032.940254
9286.000000,5030.732059
9288.000000,5028.521318
9290.000000,5026.308204
9292.000000,5024.092234
9294.000000,5021.873810
9296.000000,5019.652625
9298.000000,5017.428680
9300.000000,5015.202099
9302.000000,5012.972429
9304.000000,5010.740028
9306.000000,5008.504651
9308.000000,5006.266242
9310.000000,5004.024980
9312.000000,5001.780365
9314.000000,4999.532790
9316.000000,4997.282005
9318.000000,4995.027909
9320.000000,4992.770768
9322.000000,4990.509925
9324.000000,4988.245938
9326.000000,4985.978410
9328.000000,4983.707349
9330.000000,4981.432926
9332.000000,4979.154588
9334.000000,4976.872781
9336.000000,4974.587246
9338.000000,4972.297838
9340.000000,4970.004893
9342.000000,4967.707669
9344.000000,4965.406789
9346.000000,4963.101827
9348.000000,4960.792781
9350.000000,4958.479851
9352.000000,4956.162394
9354.000000,4953.840932
9356.000000,4951.515162
9358.000000,4949.184938
9360.000000,4946.850641
9362.000000,4944.511424
9364.000000,4942.168018
9366.000000,4939.819935
9368.000000,4937.467169
9370.000000,4935.109989
9372.000000,4932.747603
9374.000000,4930.380699
9376.000000,4928.008806
9378.000000,4925.631904
9380.000000,4923.250262
9382.000000,4920.863105
9384.000000,4918.471098
9386.000000,4916.073820
9388.000000,4913.671193
9390.000000,4911.263541
9392.000000,4908.850020
9394.000000,4906.431332
9396.000000,4904.007039
9398.000000,4901.577037
9400.000000,4899.141675
9402.000000,4896.700053
9404.000000,4894.252933
9406.000000,4891.799850
9408.000000,4889.340715
9410.000000,4886.875899
9412.000000,4884.404457
9414.000000,4881.927194
9416.000000,4879.443590
9418.000000,4876.953583
9420.000000,4874.457540
9422.000000,4871.954432
9424.000000,4869.445177
9426.000000,4866.929140
9428.000000,4864.406314
9430.000000,4861.877175
9432.000000,4859.340434
9434.000000,4856.797227
9436.000000,4854.246924
9438.000000,4851.689380
9440.000000,4849.125081
9442.000000,4846.552885
9444.000000,4843.973761
9446.000000,4841.387067
9448.000000,4838.792757
9450.000000,4836.191345
9452.000000,4833.581424
9454.000000,4830.964236
9456.000000,4828.339102
9458.000000,4825.705892
9460.000000,4823.065137
9462.000000,4820.415507
9464.000000,4817.758182
9466.000000,4815.092400
9468.000000,4812.418038
9470.000000,4809.735696
9472.000000,4807.044018
9474.000000,4804.344201
9476.000000,4801.635441
9478.000000,4798.917629
9480.000000,4796.191418
9482.000000,4793.455359
9484.000000,4790.710696
9486.000000,4787.956585
9488.000000,4785.192926
9490.000000,4782.420403
9492.000000,4779.637428
9494.000000,4776.845357
9496.000000,4774.043355
9498.000000,4771.231352
9500.000000,4768.410032
9502.000000,4765.577533
9504.000000,4762.735497
9506.000000,4759.883033
9508.000000,4757.019949
9510.000000,4754.146937
9512.000000,4751.262358
9514.000000,4748.367636
9516.000000,4745.461838
9518.000000,4742.544950
9520.000000,4739.617653
9522.000000,4736.677984
9524.000000,4733.727788
9526.000000,4730.765930
9528.000000,4727.792222
9530.000000,4724.807678
9532.000000,4721.810072
9534.000000,4718.801296
9536.000000,4715.780372
9538.000000,4712.746862
9540.000000,4709.701989
9542.000000,4706.643361
9544.000000,4703.572992
9546.000000,4700.489733
9548.000000,4697.393322
9550.000000,4694.284901
9552.000000,4691.161920
9554.000000,4688.026726
9556.000000,4684.877737
9558.000000,4681.715203
9560.000000,4678.539687
9562.000000,4675.349251
9564.000000,4672.145582
9566.000000,4668.927760
9568.000000,4665.695305
9570.000000,4662.449622
9572.000000,4659.187726
9574.000000,4655.912336
9576.000000,4652.621699
9578.000000,4649.316040
9580.000000,4645.996045
9582.000000,4642.659407
9584.000000,4639.308368
9586.000000,4635.941279
9588.000000,4632.558430
9590.000000,4629.160461
9592.000000,4625.745042
9594.000000,4622.314489
9596.000000,4618.867015
9598.000000,4615.402978
9600.000000,4611.923158
9602.000000,4608.424766
9604.000000,4604.910579
9606.000000,4601.378759
9608.000000,4597.829159
9610.000000,4594.263276
9612.000000,4590.677937
9614.000000,4587.075540
9616.000000,4583.454926
9618.000000,4579.815832
9620.000000,4576.159153
9622.000000,4572.482088
9624.000000,4568.787482
9626.000000,4565.073660
9628.000000,4561.339959
9630.000000,4557.588118
9632.000000,4553.814962
9634.000000,4550.023336
9636.000000,4546.211322
9638.000000,4542.378576
9640.000000,4538.526782
9642.000000,4534.652545
9644.000000,4530.758865
9646.000000,4526.843922
9648.000000,4522.907304
9650.000000,4518.950434
9652.000000,4514.969955
9654.000000,4510.969026
9656.000000,4506.945732
9658.000000,4502.899835
9660.000000,4498.832882
9662.000000,4494.741104
9664.000000,4490.627822
9666.000000,4486.491023
9668.000000,4482.330421
9670.000000,4478.147572
9672.000000,4473.938654
9674.000000,4469.707174
9676.000000,4465.451027
9678.000000,4461.169955
9680.000000,4456.865668
9682.000000,4452.534023
9684.000000,4448.178699
9686.000000,4443.797506
9688.000000,4439.390186
9690.000000,4434.958458
9692.000000,4430.497888
9694.000000,4426.012456
9696.000000,4421.499861
9698.000000,4416.959839
9700.000000,4412.394294
9702.000000,4407.798685
9704.000000,4403.177058
9706.000000,4398.527010
9708.000000,4393.848278
9710.000000,4389.142690
9712.000000,4384.405121
9714.000000,4379.640328
9716.000000,4374.845799
9718.000000,4370.021268
9720.000000,4365.168831
9722.000000,4360.283012
9724.000000,4355.368262
9726.000000,4350.422466
9728.000000,4345.445354
9730.000000,4340.439040
9732.000000,4335.397142
9734.000000,4330.325576
9736.000000,4325.221659
9738.000000,4320.084652
9740.000000,4314.916058
9742.000000,4309.711715
9744.000000,4304.476341
9746.000000,4299.205784
9748.000000,4293.900953
9750.000000,4288.564552
9752.000000,4283.188920
9754.000000,4277.780992
9756.000000,4272.337548
9758.000000,4266.856989
9760.000000,4261.343451
9762.000000,4255.789812
9764.000000,4250.201568
9766.000000,4244.576439
9768.000000,4238.912447
9770.000000,4233.214253
9772.000000,4227.473329
9774.000000,4221.697217
9776.000000,4215.881424
9778.000000,4210.026359
9780.000000,4204.134023
9782.000000,4198.198594
9784.000000,4192.225275
9786.000000,4186.211203
9788.000000,4180.155330
9790.000000,4174.061460
9792.000000,4167.921394
9794.000000,4161.743025
9796.000000,4155.520735
9798.000000,4149.256385
9800.000000,4142.950684
9802.000000,4136.598212
9804.000000,4130.204902
9806.000000,4123.766222
9808.000000,4117.283478
9810.000000,4110.757911
9812.000000,4104.182835
9814.000000,4097.566086
9816.000000,4090.901755
9818.000000,4084.190210
9820.000000,4077.435703
9822.000000,4070.629471
9824.000000,4063.778094
9826.000000,4056.878711
9828.000000,4049.930529
9830.000000,4042.936464
9832.000000,4035.888727
9834.000000,4028.794975
9836.000000,4021.650608
9838.000000,4014.454917
9840.000000,4007.211741
9842.000000,3999.913455
9844.000000,3992.566949
9846.000000,3985.167507
9848.000000,3977.714947
9850.000000,3970.213434
9852.000000,3962.654068
9854.000000,3955.044302
9856.000000,3947.380086
9858.000000,3939.661916
9860.000000,3931.891636
9862.000000,3924.060450
9864.000000,3916.178428
9866.000000,3908.240399
9868.000000,3900.243365
9870.000000,3892.194520
9872.000000,3884.084017
9874.000000,3875.918205
9876.000000,3867.695085
9878.000000,3859.412719
9880.000000,3851.074263
9882.000000,3842.673307
9884.000000,3834.214985
9886.000000,3825.697477
9888.000000,3817.118216
9890.000000,3808.482016
9892.000000,3799.780467
9894.000000,3791.019490
9896.000000,3782.198511
9898.000000,3773.311558
9900.000000,3764.369231
9902.000000,3755.355080
9904.000000,3746.284357
9906.000000,3737.147089
9908.000000,3727.947204
9910.000000,3718.684862
9912.000000,3709.353327
9914.000000,3699.961143
9916.000000,3690.500727
9918.000000,3680.976689
9920.000000,3671.387117
9922.000000,3661.728552
9924.000000,3652.005652
9926.000000,3642.213929
9928.000000,3632.357083
9930.000000,3622.433216
9932.000000,3612.436657
9934.000000,3602.378515
9936.000000,3592.245984
9938.000000,3582.045849
9940.000000,3571.784047
9942.000000,3561.441270
9944.000000,3551.034228
9946.000000,3540.559057
9948.000000,3530.012283
9950.000000,3519.395504
9952.000000,3508.704114
9954.000000,3497.948341
9956.000000,3487.119461
9958.000000,3476.214735
9960.000000,3465.244438
9962.000000,3454.197612
9964.000000,3443.084817
9966.000000,3431.896837
9968.000000,3420.632879
9970.000000,3409.302289
9972.000000,3397.893704
9974.000000,3386.417936
9976.000000,3374.869119
9978.000000,3363.246594
9980.000000,3351.552680
9982.000000,3339.778257
9984.000000,3327.935936
9986.000000,3316.019906
9988.000000,3304.029994
9990.000000,3291.971780
9992.000000,3279.833782
9994.000000,3267.627361
9996.000000,3255.346762
9998.000000,3242.991948
10000.000000,3230.568628
10002.000000,3218.065437
10004.000000,3205.493872
10006.000000,3192.848321
10008.000000,3180.128929
10010.000000,3167.341508
10012.000000,3154.474942
10014.000000,3141.540757
10016.000000,3128.533573
10018.000000,3115.453724
10020.000000,3102.307109
10022.000000,3089.083054
10024.000000,3075.793046
10026.000000,3062.432045
10028.000000,3049.000614
10030.000000,3035.503441
10032.000000,3021.924273
10034.000000,3008.281037
10036.000000,2994.569046
10038.000000,2980.789110
10040.000000,2966.947159
10042.000000,2953.033860
10044.000000,2939.055223
10046.000000,2925.002947
10048.000000,2910.886340
10050.000000,2896.711306
10052.000000,2882.469412
10054.000000,2868.164834
10056.000000,2853.788179
10058.000000,2839.352080
10060.000000,2824.862330
10062.000000,2810.305874
10064.000000,2795.683235
10066.000000,2781.004068
10068.000000,2766.271828
10070.000000,2751.478385
10072.000000,2736.617882
10074.000000,2721.712112
10076.000000,2706.750879
10078.000000,2691.723732
10080.000000,2676.653649
10082.000000,2661.529144
10084.000000,2646.344681
10086.000000,2631.118082
10088.000000,2615.841044
10090.000000,2600.507419
10092.000000,2585.137286
10094.000000,2569.709766
10096.000000,2554.240246
10098.000000,2538.733295
10100.000000,2523.170527
10102.000000,2507.579323
10104.000000,2491.934282
10106.000000,2476.259015
10108.000000,2460.541834
10110.000000,2444.786697
10112.000000,2429.000855
10114.000000,2413.172484
10116.000000,2397.321314
10118.000000,2381.427448
10120.000000,2365.519475
10122.000000,2349.562135
10124.000000,2333.597633
10126.000000,2317.587669
10128.000000,2301.570530
10130.000000,2285.515809
10132.000000,2269.451187
10134.000000,2253.359821
10136.000000,2237.251640
10138.000000,2221.129894
10140.000000,2204.984956
10142.000000,2188.837537
10144.000000,2172.667942
10146.000000,2156.494915
10148.000000,2140.312167
10150.000000,2124.114493
10152.000000,2107.922530
10154.000000,2091.717864
10156.000000,2075.515061
10158.000000,2059.312559
10160.000000,2043.103595
10162.000000,2026.909316
10164.000000,2010.712191
10166.000000,1994.518317
10168.000000,1978.342660
10170.000000,1962.171025
10172.000000,1946.002690
10174.000000,1929.855469
10176.000000,1913.725929
10178.000000,1897.603000
10180.000000,1881.496492
10182.000000,1865.420959
10184.000000,1849.360996
10186.000000,1833.322302
10188.000000,1817.313090
10190.000000,1801.332332
10192.000000,1785.373143
10194.000000,1769.438885
10196.000000,1753.541877
10198.000000,1737.684177
10200.000000,1721.857821
10202.000000,1706.060078
10204.000000,1690.298386
10206.000000,1674.581901
10208.000000,1658.912867
10210.000000,1643.284943
10212.000000,1627.692554
10214.000000,1612.140787
10216.000000,1596.644583
10218.000000,1581.201649
10220.000000,1565.802282
10222.000000,1550.454284
10224.000000,1535.160612
10226.000000,1519.924701
10228.000000,1504.740883
10230.000000,1489.605924
10232.000000,1474.547277
10234.000000,1459.539450
10236.000000,1444.589361
10238.000000,1429.709272
10240.000000,1414.897413
10242.000000,1400.133520
10244.000000,1385.442107
10246.000000,1370.826502
10248.000000,1356.270882
10250.000000,1341.781334
10252.000000,1327.377628
10254.000000,1313.033095
10256.000000,1298.767253
10258.000000,1284.577859
10260.000000,1270.451049
10262.000000,1256.419666
10264.000000,1242.452607
10266.000000,1228.564521
10268.000000,1214.763410
10270.000000,1201.026511
10272.000000,1187.390354
10274.000000,1173.822347
10276.000000,1160.338175
10278.000000,1146.944512
10280.000000,1133.619202
10282.000000,1120.399393
10284.000000,1107.249393
10286.000000,1094.193049
10288.000000,1081.223207
10290.000000,1068.331278
10292.000000,1055.544859
10294.000000,1042.828634
10296.000000,1030.218336
10298.000000,1017.681052
10300.000000,1005.247414
10302.000000,992.892132
10304.000000,980.639814
10306.000000,968.465232
10308.000000,956.397608
10310.000000,944.403450
10312.000000,932.524897
10314.000000,920.718969
10316.000000,909.024088
10318.000000,897.404913
10320.000000,885.888318
10322.000000,874.463572
10324.000000,863.134043
10326.000000,851.896970
10328.000000,840.755582
10330.000000,829.706860
10332.000000,818.753001
10334.000000,807.901411
10336.000000,797.128188
10338.000000,786.466063
10340.000000,775.882211
10342.000000,765.408157
10344.000000,755.024514
10346.000000,744.727637
10348.000000,734.538700
10350.000000,724.426780
10352.000000,714.426540
10354.000000,704.514079
10356.000000,694.689373
10358.000000,684.971404
10360.000000,675.331106
10362.000000,665.797945
10364.000000,656.359272
10366.000000,646.999702
10368.000000,637.746176
10370.000000,628.577992
10372.000000,619.504487
10374.000000,610.526687
10376.000000,601.637163
10378.000000,592.837845
10380.000000,584.132831
10382.000000,575.520357
10384.000000,566.991484
10386.000000,558.562777
10388.000000,550.218713
10390.000000,541.956440
10392.000000,533.799871
10394.000000,525.722701
10396.000000,517.730484
10398.000000,509.834394
10400.000000,502.022133
10402.000000,494.295615
10404.000000,486.655971
10406.000000,479.109742
10408.000000,471.640898
10410.000000,464.253574
10412.000000,456.964666
10414.000000,449.754764
10416.000000,442.622434
10418.000000,435.579461
10420.000000,428.618339
10422.000000,421.743107
10424.000000,414.941786
10426.000000,408.227121
10428.000000,401.598003
10430.000000,395.038720
10432.000000,388.565848
10434.000000,382.170401
10436.000000,375.858157
10438.000000,369.620966
10440.000000,363.454438
10442.000000,357.375349
10444.000000,351.370521
10446.000000,345.441908
10448.000000,339.585583
10450.000000,333.801276
10452.000000,328.100749
10454.000000,322.470957
10456.000000,316.911655
10458.000000,311.424991
10460.000000,306.007708
10462.000000,300.670594
10464.000000,295.400984
10466.000000,290.198754
10468.000000,285.067090
10470.000000,280.001742
10472.000000,275.013005
10474.000000,270.089130
10476.000000,265.231154
10478.000000,260.439481
10480.000000,255.711110
10482.000000,251.055844
10484.000000,246.462599
10486.000000,241.935520
10488.000000,237.469601
10490.000000,233.063392
10492.000000,228.726844
10494.000000,224.449382
10496.000000,220.235333
10498.000000,216.083644
10500.000000,211.986195
10502.000000,207.953805
10504.000000,203.977620
10506.000000,200.061736
10508.000000,196.205494
10510.000000,192.403766
10512.000000,188.664252
10514.000000,184.975507
10516.000000,181.343544
10518.000000,177.768194
10520.000000,174.244577
10522.000000,170.780639
10524.000000,167.367275
10526.000000,164.008144
10528.000000,160.701151
10530.000000,157.441765
10532.000000,154.238906
10534.000000,151.083931
10536.000000,147.980293
10538.000000,144.927380
10540.000000,141.920793
10542.000000,138.967615
10544.000000,136.059483
10546.000000,133.198238
10548.000000,130.384591
10550.000000,127.614696
10552.000000,124.895220
10554.000000,122.218430
10556.000000,119.587374
10558.000000,117.001474
10560.000000,114.456793
10562.000000,111.959596
10564.000000,109.502460
10566.000000,107.087275
10568.000000,104.714380
10570.000000,102.380278
10572.000000,100.090843
10574.000000,97.839201
10576.000000,95.628020
10578.000000,93.456760
10580.000000,91.321918
10582.000000,89.228997
10584.000000,87.171528
10586.000000,85.152006
10588.000000,83.169843
10590.000000,81.221263
10592.000000,79.311749
10594.000000,77.435445
10596.000000,75.594674
10598.000000,73.788930
10600.000000,72.015115
10602.000000,70.278029
10604.000000,68.571975
10606.000000,66.899112
10608.000000,65.258957
10610.000000,63.648606
10612.000000,62.072516
10614.000000,60.525370
10616.000000,59.009161
10618.000000,57.523429
10620.000000,56.065400
10622.000000,54.638876
10624.000000,53.239291
10626.000000,51.868494
10628.000000,50.526041
10630.000000,49.209390
10632.000000,47.922377
10634.000000,46.660375
10636.000000,45.425089
10638.000000,44.216092
10640.000000,43.031018
10642.000000,41.873410
10644.000000,40.738967
10646.000000,39.629256
10648.000000,38.543870
10650.000000,37.480608
10652.000000,36.442738
10654.000000,35.426268
10656.000000,34.432636
10658.000000,33.461454
10660.000000,32.510682
10662.000000,31.583317
10664.000000,30.675674
10666.000000,29.789062
10668.000000,28.922995
10670.000000,28.075688
10672.000000,27.249906
10674.000000,26.442246
10676.000000,25.653906
10678.000000,24.884534
10680.000000,24.132387
10682.000000,23.399971
10684.000000,22.684158
10686.000000,21.986035
10688.000000,21.305267
10690.000000,20.640253
10692.000000,19.993270
10694.000000,19.361450
10696.000000,18.745774
10698.000000,18.145929
10700.000000,17.560443
10702.000000,16.991381
10704.000000,16.436122
10706.000000,15.895547
10708.000000,15.369363
10710.000000,14.856222
10712.000000,14.357988
10714.000000,13.872273
10716.000000,13.399869
10718.000000,12.940497
10720.000000,12.492927
10722.000000,12.058841
10724.000000,11.636066
10726.000000,11.225309
10728.000000,10.826308
10730.000000,10.437950
10732.000000,10.061732
10734.000000,9.695694
10736.000000,9.340464
10738.000000,8.995796
10740.000000,8.660679
10742.000000,8.336453
10744.000000,8.021346
10746.000000,7.715915
10748.000000,7.419931
10750.000000,7.132482
10752.000000,6.854756
10754.000000,6.585162
10756.000000,6.324191
10758.000000,6.071626
10760.000000,5.826650
10762.000000,5.590312
10764.000000,5.361191
10766.000000,5.139712
10768.000000,4.925677
10770.000000,4.718357
10772.000000,4.518667
10774.000000,4.325346
10776.000000,4.138761
10778.000000,3.958731
10780.000000,3.784607
10782.000000,3.617184
10784.000000,3.455349
10786.000000,3.299417
10788.000000,3.149219
10790.000000,3.004182
10792.000000,2.864992
10794.000000,2.730673
10796.000000,2.601494
10798.000000,2.477296
10800.000000,2.357582
10802.000000,2.242938
10804.000000,2.132506
10806.000000,2.026516
10808.000000,1.924828
10810.000000,1.827000
10812.000000,1.733532
10814.000000,1.643683
10816.000000,1.557641
10818.000000,1.475280
10820.000000,1.396217
10822.000000,1.320874
10824.000000,1.248611
10826.000000,1.179582
10828.000000,1.113676
10830.000000,1.050562
10832.000000,0.990589
10834.000000,0.933215
10836.000000,0.878561
10838.000000,0.826530
10840.000000,0.776838
10842.000000,0.729771
10844.000000,0.684871
10846.000000,0.642236
10848.000000,0.601777
10850.000000,0.563256
10852.000000,0.526904
10854.000000,0.492337
10856.000000,0.459632
10858.000000,0.428709
10860.000000,0.399371
10862.000000,0.371800
10864.000000,0.345678
10866.000000,0.321066
10868.000000,0.297895
10870.000000,0.275996
10872.000000,0.255519
10874.000000,0.236199
10876.000000,0.218082
10878.000000,0.201110
10880.000000,0.185144
10882.000000,0.170300
10884.000000,0.156362
10886.000000,0.143366
10888.000000,0.131261
10890.000000,0.119938
10892.000000,0.109478
10894.000000,0.099716
10896.000000,0.090673
10898.000000,0.082306
10900.000000,0.074532
10902.000000,0.067408
10904.000000,0.060806
10906.000000,0.054739
10908.000000,0.049173
10910.000000,0.044042
10912.000000,0.039386
10914.000000,0.035109
10916.000000,0.031217
10918.000000,0.027683
10920.000000,0.024456
10922.000000,0.021564
10924.000000,0.018937
10926.000000,0.016576
10928.000000,0.014459
10930.000000,0.012551
10932.000000,0.010867
10934.000000,0.009360
10936.000000,0.008026
10938.000000,0.006851
10940.000000,0.005810
10942.000000,0.004910
10944.000000,0.004119
10946.000000,0.003434
10948.000000,0.002845
10950.000000,0.002336
10952.000000,0.001908
10954.000000,0.001541
10956.000000,0.001235
10958.000000,0.000979
10960.000000,0.000765
10962.000000,0.000594
10964.000000,0.000453
10966.000000,0.000340
10968.000000,0.000251
10970.000000,0.000182
10972.000000,0.000129
10974.000000,0.000089
10976.000000,0.000060
10978.000000,0.000039
10980.000000,0.000025
10982.000000,0.000014
10984.000000,0.000007
10986.000000,0.000004
10988.000000,0.000002
10990.000000,0.000000
10992.000000,0.000000
10994.000000,0.000000
10996.000000,0.000000
10998.000000,0.000000
11000.000000,0.000000
