# from forward.csv + 1000 us hold + reverse.csv, 1.25 us -> 2 us linear
# split ramp target B (EO2): holds at 0, then ramps on from the handoff level
# total stroke 10400 V across both EOMs, handed off at 5200.058 V (sample 902, t = 1804 us); this channel peaks at 5199.942 V
# 5501 pts at 2 us = 11.0020 ms period; first/last sample 0.000000/0.000000 V
# A + B reproduces the integrated stroke sample for sample
time_us,voltage_V
0.000000,0.000000
2.000000,0.000000
4.000000,0.000000
6.000000,0.000000
8.000000,0.000000
10.000000,0.000000
12.000000,0.000000
14.000000,0.000000
16.000000,0.000000
18.000000,0.000000
20.000000,0.000000
22.000000,0.000000
24.000000,0.000000
26.000000,0.000000
28.000000,0.000000
30.000000,0.000000
32.000000,0.000000
34.000000,0.000000
36.000000,0.000000
38.000000,0.000000
40.000000,0.000000
42.000000,0.000000
44.000000,0.000000
46.000000,0.000000
48.000000,0.000000
50.000000,0.000000
52.000000,0.000000
54.000000,0.000000
56.000000,0.000000
58.000000,0.000000
60.000000,0.000000
62.000000,0.000000
64.000000,0.000000
66.000000,0.000000
68.000000,0.000000
70.000000,0.000000
72.000000,0.000000
74.000000,0.000000
76.000000,0.000000
78.000000,0.000000
80.000000,0.000000
82.000000,0.000000
84.000000,0.000000
86.000000,0.000000
88.000000,0.000000
90.000000,0.000000
92.000000,0.000000
94.000000,0.000000
96.000000,0.000000
98.000000,0.000000
100.000000,0.000000
102.000000,0.000000
104.000000,0.000000
106.000000,0.000000
108.000000,0.000000
110.000000,0.000000
112.000000,0.000000
114.000000,0.000000
116.000000,0.000000
118.000000,0.000000
120.000000,0.000000
122.000000,0.000000
124.000000,0.000000
126.000000,0.000000
128.000000,0.000000
130.000000,0.000000
132.000000,0.000000
134.000000,0.000000
136.000000,0.000000
138.000000,0.000000
140.000000,0.000000
142.000000,0.000000
144.000000,0.000000
146.000000,0.000000
148.000000,0.000000
150.000000,0.000000
152.000000,0.000000
154.000000,0.000000
156.000000,0.000000
158.000000,0.000000
160.000000,0.000000
162.000000,0.000000
164.000000,0.000000
166.000000,0.000000
168.000000,0.000000
170.000000,0.000000
172.000000,0.000000
174.000000,0.000000
176.000000,0.000000
178.000000,0.000000
180.000000,0.000000
182.000000,0.000000
184.000000,0.000000
186.000000,0.000000
188.000000,0.000000
190.000000,0.000000
192.000000,0.000000
194.000000,0.000000
196.000000,0.000000
198.000000,0.000000
200.000000,0.000000
202.000000,0.000000
204.000000,0.000000
206.000000,0.000000
208.000000,0.000000
210.000000,0.000000
212.000000,0.000000
214.000000,0.000000
216.000000,0.000000
218.000000,0.000000
220.000000,0.000000
222.000000,0.000000
224.000000,0.000000
226.000000,0.000000
228.000000,0.000000
230.000000,0.000000
232.000000,0.000000
234.000000,0.000000
236.000000,0.000000
238.000000,0.000000
240.000000,0.000000
242.000000,0.000000
244.000000,0.000000
246.000000,0.000000
248.000000,0.000000
250.000000,0.000000
252.000000,0.000000
254.000000,0.000000
256.000000,0.000000
258.000000,0.000000
260.000000,0.000000
262.000000,0.000000
264.000000,0.000000
266.000000,0.000000
268.000000,0.000000
270.000000,0.000000
272.000000,0.000000
274.000000,0.000000
276.000000,0.000000
278.000000,0.000000
280.000000,0.000000
282.000000,0.000000
284.000000,0.000000
286.000000,0.000000
288.000000,0.000000
290.000000,0.000000
292.000000,0.000000
294.000000,0.000000
296.000000,0.000000
298.000000,0.000000
300.000000,0.000000
302.000000,0.000000
304.000000,0.000000
306.000000,0.000000
308.000000,0.000000
310.000000,0.000000
312.000000,0.000000
314.000000,0.000000
316.000000,0.000000
318.000000,0.000000
320.000000,0.000000
322.000000,0.000000
324.000000,0.000000
326.000000,0.000000
328.000000,0.000000
330.000000,0.000000
332.000000,0.000000
334.000000,0.000000
336.000000,0.000000
338.000000,0.000000
340.000000,0.000000
342.000000,0.000000
344.000000,0.000000
346.000000,0.000000
348.000000,0.000000
350.000000,0.000000
352.000000,0.000000
354.000000,0.000000
356.000000,0.000000
358.000000,0.000000
360.000000,0.000000
362.000000,0.000000
364.000000,0.000000
366.000000,0.000000
368.000000,0.000000
370.000000,0.000000
372.000000,0.000000
374.000000,0.000000
376.000000,0.000000
378.000000,0.000000
380.000000,0.000000
382.000000,0.000000
384.000000,0.000000
386.000000,0.000000
388.000000,0.000000
390.000000,0.000000
392.000000,0.000000
394.000000,0.000000
396.000000,0.000000
398.000000,0.000000
400.000000,0.000000
402.000000,0.000000
404.000000,0.000000
406.000000,0.000000
408.000000,0.000000
410.000000,0.000000
412.000000,0.000000
414.000000,0.000000
416.000000,0.000000
418.000000,0.000000
420.000000,0.000000
422.000000,0.000000
424.000000,0.000000
426.000000,0.000000
428.000000,0.000000
430.000000,0.000000
432.000000,0.000000
434.000000,0.000000
436.000000,0.000000
438.000000,0.000000
440.000000,0.000000
442.000000,0.000000
444.000000,0.000000
446.000000,0.000000
448.000000,0.000000
450.000000,0.000000
452.000000,0.000000
454.000000,0.000000
456.000000,0.000000
458.000000,0.000000
460.000000,0.000000
462.000000,0.000000
464.000000,0.000000
466.000000,0.000000
468.000000,0.000000
470.000000,0.000000
472.000000,0.000000
474.000000,0.000000
476.000000,0.000000
478.000000,0.000000
480.000000,0.000000
482.000000,0.000000
484.000000,0.000000
486.000000,0.000000
488.000000,0.000000
490.000000,0.000000
492.000000,0.000000
494.000000,0.000000
496.000000,0.000000
498.000000,0.000000
500.000000,0.000000
502.000000,0.000000
504.000000,0.000000
506.000000,0.000000
508.000000,0.000000
510.000000,0.000000
512.000000,0.000000
514.000000,0.000000
516.000000,0.000000
518.000000,0.000000
520.000000,0.000000
522.000000,0.000000
524.000000,0.000000
526.000000,0.000000
528.000000,0.000000
530.000000,0.000000
532.000000,0.000000
534.000000,0.000000
536.000000,0.000000
538.000000,0.000000
540.000000,0.000000
542.000000,0.000000
544.000000,0.000000
546.000000,0.000000
548.000000,0.000000
550.000000,0.000000
552.000000,0.000000
554.000000,0.000000
556.000000,0.000000
558.000000,0.000000
560.000000,0.000000
562.000000,0.000000
564.000000,0.000000
566.000000,0.000000
568.000000,0.000000
570.000000,0.000000
572.000000,0.000000
574.000000,0.000000
576.000000,0.000000
578.000000,0.000000
580.000000,0.000000
582.000000,0.000000
584.000000,0.000000
586.000000,0.000000
588.000000,0.000000
590.000000,0.000000
592.000000,0.000000
594.000000,0.000000
596.000000,0.000000
598.000000,0.000000
600.000000,0.000000
602.000000,0.000000
604.000000,0.000000
606.000000,0.000000
608.000000,0.000000
610.000000,0.000000
612.000000,0.000000
614.000000,0.000000
616.000000,0.000000
618.000000,0.000000
620.000000,0.000000
622.000000,0.000000
624.000000,0.000000
626.000000,0.000000
628.000000,0.000000
630.000000,0.000000
632.000000,0.000000
634.000000,0.000000
636.000000,0.000000
638.000000,0.000000
640.000000,0.000000
642.000000,0.000000
644.000000,0.000000
646.000000,0.000000
648.000000,0.000000
650.000000,0.000000
652.000000,0.000000
654.000000,0.000000
656.000000,0.000000
658.000000,0.000000
660.000000,0.000000
662.000000,0.000000
664.000000,0.000000
666.000000,0.000000
668.000000,0.000000
670.000000,0.000000
672.000000,0.000000
674.000000,0.000000
676.000000,0.000000
678.000000,0.000000
680.000000,0.000000
682.000000,0.000000
684.000000,0.000000
686.000000,0.000000
688.000000,0.000000
690.000000,0.000000
692.000000,0.000000
694.000000,0.000000
696.000000,0.000000
698.000000,0.000000
700.000000,0.000000
702.000000,0.000000
704.000000,0.000000
706.000000,0.000000
708.000000,0.000000
710.000000,0.000000
712.000000,0.000000
714.000000,0.000000
716.000000,0.000000
718.000000,0.000000
720.000000,0.000000
722.000000,0.000000
724.000000,0.000000
726.000000,0.000000
728.000000,0.000000
730.000000,0.000000
732.000000,0.000000
734.000000,0.000000
736.000000,0.000000
738.000000,0.000000
740.000000,0.000000
742.000000,0.000000
744.000000,0.000000
746.000000,0.000000
748.000000,0.000000
750.000000,0.000000
752.000000,0.000000
754.000000,0.000000
756.000000,0.000000
758.000000,0.000000
760.000000,0.000000
762.000000,0.000000
764.000000,0.000000
766.000000,0.000000
768.000000,0.000000
770.000000,0.000000
772.000000,0.000000
774.000000,0.000000
776.000000,0.000000
778.000000,0.000000
780.000000,0.000000
782.000000,0.000000
784.000000,0.000000
786.000000,0.000000
788.000000,0.000000
790.000000,0.000000
792.000000,0.000000
794.000000,0.000000
796.000000,0.000000
798.000000,0.000000
800.000000,0.000000
802.000000,0.000000
804.000000,0.000000
806.000000,0.000000
808.000000,0.000000
810.000000,0.000000
812.000000,0.000000
814.000000,0.000000
816.000000,0.000000
818.000000,0.000000
820.000000,0.000000
822.000000,0.000000
824.000000,0.000000
826.000000,0.000000
828.000000,0.000000
830.000000,0.000000
832.000000,0.000000
834.000000,0.000000
836.000000,0.000000
838.000000,0.000000
840.000000,0.000000
842.000000,0.000000
844.000000,0.000000
846.000000,0.000000
848.000000,0.000000
850.000000,0.000000
852.000000,0.000000
854.000000,0.000000
856.000000,0.000000
858.000000,0.000000
860.000000,0.000000
862.000000,0.000000
864.000000,0.000000
866.000000,0.000000
868.000000,0.000000
870.000000,0.000000
872.000000,0.000000
874.000000,0.000000
876.000000,0.000000
878.000000,0.000000
880.000000,0.000000
882.000000,0.000000
884.000000,0.000000
886.000000,0.000000
888.000000,0.000000
890.000000,0.000000
892.000000,0.000000
894.000000,0.000000
896.000000,0.000000
898.000000,0.000000
900.000000,0.000000
902.000000,0.000000
904.000000,0.000000
906.000000,0.000000
908.000000,0.000000
910.000000,0.000000
912.000000,0.000000
914.000000,0.000000
916.000000,0.000000
918.000000,0.000000
920.000000,0.000000
922.000000,0.000000
924.000000,0.000000
926.000000,0.000000
928.000000,0.000000
930.000000,0.000000
932.000000,0.000000
934.000000,0.000000
936.000000,0.000000
938.000000,0.000000
940.000000,0.000000
942.000000,0.000000
944.000000,0.000000
946.000000,0.000000
948.000000,0.000000
950.000000,0.000000
952.000000,0.000000
954.000000,0.000000
956.000000,0.000000
958.000000,0.000000
960.000000,0.000000
962.000000,0.000000
964.000000,0.000000
966.000000,0.000000
968.000000,0.000000
970.000000,0.000000
972.000000,0.000000
974.000000,0.000000
976.000000,0.000000
978.000000,0.000000
980.000000,0.000000
982.000000,0.000000
984.000000,0.000000
986.000000,0.000000
988.000000,0.000000
990.000000,0.000000
992.000000,0.000000
994.000000,0.000000
996.000000,0.000000
998.000000,0.000000
1000.000000,0.000000
1002.000000,0.000000
1004.000000,0.000000
1006.000000,0.000000
1008.000000,0.000000
1010.000000,0.000000
1012.000000,0.000000
1014.000000,0.000000
1016.000000,0.000000
1018.000000,0.000000
1020.000000,0.000000
1022.000000,0.000000
1024.000000,0.000000
1026.000000,0.000000
1028.000000,0.000000
1030.000000,0.000000
1032.000000,0.000000
1034.000000,0.000000
1036.000000,0.000000
1038.000000,0.000000
1040.000000,0.000000
1042.000000,0.000000
1044.000000,0.000000
1046.000000,0.000000
1048.000000,0.000000
1050.000000,0.000000
1052.000000,0.000000
1054.000000,0.000000
1056.000000,0.000000
1058.000000,0.000000
1060.000000,0.000000
1062.000000,0.000000
1064.000000,0.000000
1066.000000,0.000000
1068.000000,0.000000
1070.000000,0.000000
1072.000000,0.000000
1074.000000,0.000000
1076.000000,0.000000
1078.000000,0.000000
1080.000000,0.000000
1082.000000,0.000000
1084.000000,0.000000
1086.000000,0.000000
1088.000000,0.000000
1090.000000,0.000000
1092.000000,0.000000
1094.000000,0.000000
1096.000000,0.000000
1098.000000,0.000000
1100.000000,0.000000
1102.000000,0.000000
1104.000000,0.000000
1106.000000,0.000000
1108.000000,0.000000
1110.000000,0.000000
1112.000000,0.000000
1114.000000,0.000000
1116.000000,0.000000
1118.000000,0.000000
1120.000000,0.000000
1122.000000,0.000000
1124.000000,0.000000
1126.000000,0.000000
1128.000000,0.000000
1130.000000,0.000000
1132.000000,0.000000
1134.000000,0.000000
1136.000000,0.000000
1138.000000,0.000000
1140.000000,0.000000
1142.000000,0.000000
1144.000000,0.000000
1146.000000,0.000000
1148.000000,0.000000
1150.000000,0.000000
1152.000000,0.000000
1154.000000,0.000000
1156.000000,0.000000
1158.000000,0.000000
1160.000000,0.000000
1162.000000,0.000000
1164.000000,0.000000
1166.000000,0.000000
1168.000000,0.000000
1170.000000,0.000000
1172.000000,0.000000
1174.000000,0.000000
1176.000000,0.000000
1178.000000,0.000000
1180.000000,0.000000
1182.000000,0.000000
1184.000000,0.000000
1186.000000,0.000000
1188.000000,0.000000
1190.000000,0.000000
1192.000000,0.000000
1194.000000,0.000000
1196.000000,0.000000
1198.000000,0.000000
1200.000000,0.000000
1202.000000,0.000000
1204.000000,0.000000
1206.000000,0.000000
1208.000000,0.000000
1210.000000,0.000000
1212.000000,0.000000
1214.000000,0.000000
1216.000000,0.000000
1218.000000,0.000000
1220.000000,0.000000
1222.000000,0.000000
1224.000000,0.000000
1226.000000,0.000000
1228.000000,0.000000
1230.000000,0.000000
1232.000000,0.000000
1234.000000,0.000000
1236.000000,0.000000
1238.000000,0.000000
1240.000000,0.000000
1242.000000,0.000000
1244.000000,0.000000
1246.000000,0.000000
1248.000000,0.000000
1250.000000,0.000000
1252.000000,0.000000
1254.000000,0.000000
1256.000000,0.000000
1258.000000,0.000000
1260.000000,0.000000
1262.000000,0.000000
1264.000000,0.000000
1266.000000,0.000000
1268.000000,0.000000
1270.000000,0.000000
1272.000000,0.000000
1274.000000,0.000000
1276.000000,0.000000
1278.000000,0.000000
1280.000000,0.000000
1282.000000,0.000000
1284.000000,0.000000
1286.000000,0.000000
1288.000000,0.000000
1290.000000,0.000000
1292.000000,0.000000
1294.000000,0.000000
1296.000000,0.000000
1298.000000,0.000000
1300.000000,0.000000
1302.000000,0.000000
1304.000000,0.000000
1306.000000,0.000000
1308.000000,0.000000
1310.000000,0.000000
1312.000000,0.000000
1314.000000,0.000000
1316.000000,0.000000
1318.000000,0.000000
1320.000000,0.000000
1322.000000,0.000000
1324.000000,0.000000
1326.000000,0.000000
1328.000000,0.000000
1330.000000,0.000000
1332.000000,0.000000
1334.000000,0.000000
1336.000000,0.000000
1338.000000,0.000000
1340.000000,0.000000
1342.000000,0.000000
1344.000000,0.000000
1346.000000,0.000000
1348.000000,0.000000
1350.000000,0.000000
1352.000000,0.000000
1354.000000,0.000000
1356.000000,0.000000
1358.000000,0.000000
1360.000000,0.000000
1362.000000,0.000000
1364.000000,0.000000
1366.000000,0.000000
1368.000000,0.000000
1370.000000,0.000000
1372.000000,0.000000
1374.000000,0.000000
1376.000000,0.000000
1378.000000,0.000000
1380.000000,0.000000
1382.000000,0.000000
1384.000000,0.000000
1386.000000,0.000000
1388.000000,0.000000
1390.000000,0.000000
1392.000000,0.000000
1394.000000,0.000000
1396.000000,0.000000
1398.000000,0.000000
1400.000000,0.000000
1402.000000,0.000000
1404.000000,0.000000
1406.000000,0.000000
1408.000000,0.000000
1410.000000,0.000000
1412.000000,0.000000
1414.000000,0.000000
1416.000000,0.000000
1418.000000,0.000000
1420.000000,0.000000
1422.000000,0.000000
1424.000000,0.000000
1426.000000,0.000000
1428.000000,0.000000
1430.000000,0.000000
1432.000000,0.000000
1434.000000,0.000000
1436.000000,0.000000
1438.000000,0.000000
1440.000000,0.000000
1442.000000,0.000000
1444.000000,0.000000
1446.000000,0.000000
1448.000000,0.000000
1450.000000,0.000000
1452.000000,0.000000
1454.000000,0.000000
1456.000000,0.000000
1458.000000,0.000000
1460.000000,0.000000
1462.000000,0.000000
1464.000000,0.000000
1466.000000,0.000000
1468.000000,0.000000
1470.000000,0.000000
1472.000000,0.000000
1474.000000,0.000000
1476.000000,0.000000
1478.000000,0.000000
1480.000000,0.000000
1482.000000,0.000000
1484.000000,0.000000
1486.000000,0.000000
1488.000000,0.000000
1490.000000,0.000000
1492.000000,0.000000
1494.000000,0.000000
1496.000000,0.000000
1498.000000,0.000000
1500.000000,0.000000
1502.000000,0.000000
1504.000000,0.000000
1506.000000,0.000000
1508.000000,0.000000
1510.000000,0.000000
1512.000000,0.000000
1514.000000,0.000000
1516.000000,0.000000
1518.000000,0.000000
1520.000000,0.000000
1522.000000,0.000000
1524.000000,0.000000
1526.000000,0.000000
1528.000000,0.000000
1530.000000,0.000000
1532.000000,0.000000
1534.000000,0.000000
1536.000000,0.000000
1538.000000,0.000000
1540.000000,0.000000
1542.000000,0.000000
1544.000000,0.000000
1546.000000,0.000000
1548.000000,0.000000
1550.000000,0.000000
1552.000000,0.000000
1554.000000,0.000000
1556.000000,0.000000
1558.000000,0.000000
1560.000000,0.000000
1562.000000,0.000000
1564.000000,0.000000
1566.000000,0.000000
1568.000000,0.000000
1570.000000,0.000000
1572.000000,0.000000
1574.000000,0.000000
1576.000000,0.000000
1578.000000,0.000000
1580.000000,0.000000
1582.000000,0.000000
1584.000000,0.000000
1586.000000,0.000000
1588.000000,0.000000
1590.000000,0.000000
1592.000000,0.000000
1594.000000,0.000000
1596.000000,0.000000
1598.000000,0.000000
1600.000000,0.000000
1602.000000,0.000000
1604.000000,0.000000
1606.000000,0.000000
1608.000000,0.000000
1610.000000,0.000000
1612.000000,0.000000
1614.000000,0.000000
1616.000000,0.000000
1618.000000,0.000000
1620.000000,0.000000
1622.000000,0.000000
1624.000000,0.000000
1626.000000,0.000000
1628.000000,0.000000
1630.000000,0.000000
1632.000000,0.000000
1634.000000,0.000000
1636.000000,0.000000
1638.000000,0.000000
1640.000000,0.000000
1642.000000,0.000000
1644.000000,0.000000
1646.000000,0.000000
1648.000000,0.000000
1650.000000,0.000000
1652.000000,0.000000
1654.000000,0.000000
1656.000000,0.000000
1658.000000,0.000000
1660.000000,0.000000
1662.000000,0.000000
1664.000000,0.000000
1666.000000,0.000000
1668.000000,0.000000
1670.000000,0.000000
1672.000000,0.000000
1674.000000,0.000000
1676.000000,0.000000
1678.000000,0.000000
1680.000000,0.000000
1682.000000,0.000000
1684.000000,0.000000
1686.000000,0.000000
1688.000000,0.000000
1690.000000,0.000000
1692.000000,0.000000
1694.000000,0.000000
1696.000000,0.000000
1698.000000,0.000000
1700.000000,0.000000
1702.000000,0.000000
1704.000000,0.000000
1706.000000,0.000000
1708.000000,0.000000
1710.000000,0.000000
1712.000000,0.000000
1714.000000,0.000000
1716.000000,0.000000
1718.000000,0.000000
1720.000000,0.000000
1722.000000,0.000000
1724.000000,0.000000
1726.000000,0.000000
1728.000000,0.000000
1730.000000,0.000000
1732.000000,0.000000
1734.000000,0.000000
1736.000000,0.000000
1738.000000,0.000000
1740.000000,0.000000
1742.000000,0.000000
1744.000000,0.000000
1746.000000,0.000000
1748.000000,0.000000
1750.000000,0.000000
1752.000000,0.000000
1754.000000,0.000000
1756.000000,0.000000
1758.000000,0.000000
1760.000000,0.000000
1762.000000,0.000000
1764.000000,0.000000
1766.000000,0.000000
1768.000000,0.000000
1770.000000,0.000000
1772.000000,0.000000
1774.000000,0.000000
1776.000000,0.000000
1778.000000,0.000000
1780.000000,0.000000
1782.000000,0.000000
1784.000000,0.000000
1786.000000,0.000000
1788.000000,0.000000
1790.000000,0.000000
1792.000000,0.000000
1794.000000,0.000000
1796.000000,0.000000
1798.000000,0.000000
1800.000000,0.000000
1802.000000,0.000000
1804.000000,0.000000
1806.000000,2.170927
1808.000000,4.341292
1810.000000,6.511174
1812.000000,8.680539
1814.000000,10.849498
1816.000000,13.018056
1818.000000,15.186255
1820.000000,17.354156
1822.000000,19.521760
1824.000000,21.689141
1826.000000,23.856327
1828.000000,26.023350
1830.000000,28.190269
1832.000000,30.357097
1834.000000,32.523899
1836.000000,34.690695
1838.000000,36.857535
1840.000000,39.024447
1842.000000,41.191483
1844.000000,43.358667
1846.000000,45.526046
1848.000000,47.693665
1850.000000,49.861532
1852.000000,52.029745
1854.000000,54.198282
1856.000000,56.367222
1858.000000,58.536590
1860.000000,60.706410
1862.000000,62.876773
1864.000000,65.047656
1866.000000,67.219120
1868.000000,69.391223
1870.000000,71.563935
1872.000000,73.737414
1874.000000,75.911579
1876.000000,78.086535
1878.000000,80.262316
1880.000000,82.438899
1882.000000,84.616461
1884.000000,86.794898
1886.000000,88.974331
1888.000000,91.154785
1890.000000,93.336234
1892.000000,95.518859
1894.000000,97.702554
1896.000000,99.887417
1898.000000,102.073513
1900.000000,104.260768
1902.000000,106.449420
1904.000000,108.639327
1906.000000,110.830595
1908.000000,113.023319
1910.000000,115.217370
1912.000000,117.413070
1914.000000,119.610194
1916.000000,121.808893
1918.000000,124.009244
1920.000000,126.211101
1922.000000,128.414816
1924.000000,130.620132
1926.000000,132.827214
1928.000000,135.036154
1930.000000,137.246787
1932.000000,139.459486
1934.000000,141.673997
1936.000000,143.890480
1938.000000,146.109020
1940.000000,148.329478
1942.000000,150.552199
1944.000000,152.776928
1946.000000,155.003844
1948.000000,157.232992
1950.000000,159.464253
1952.000000,161.697991
1954.000000,163.933911
1956.000000,166.172251
1958.000000,168.413029
1960.000000,170.656088
1962.000000,172.901911
1964.000000,175.150122
1966.000000,177.400939
1968.000000,179.654424
1970.000000,181.910415
1972.000000,184.169339
1974.000000,186.430826
1976.000000,188.695168
1978.000000,190.962384
1980.000000,193.232277
1982.000000,195.505349
1984.000000,197.781203
1986.000000,200.060108
1988.000000,202.342104
1990.000000,204.626997
1992.000000,206.915340
1994.000000,209.206670
1996.000000,211.501253
1998.000000,213.799134
2000.000000,216.100111
2002.000000,218.404773
2004.000000,220.712612
2006.000000,223.023925
2008.000000,225.338769
2010.000000,227.656928
2012.000000,229.979006
2014.000000,232.304476
2016.000000,234.633671
2018.000000,236.966654
2020.000000,239.303170
2022.000000,241.643797
2024.000000,243.988042
2026.000000,246.336251
2028.000000,248.688439
2030.000000,251.044323
2032.000000,253.404664
2034.000000,255.768829
2036.000000,258.137144
2038.000000,260.509716
2040.000000,262.886277
2042.000000,265.267455
2044.000000,267.652709
2046.000000,270.042385
2048.000000,272.436500
2050.000000,274.834827
2052.000000,277.238037
2054.000000,279.645502
2056.000000,282.057670
2058.000000,284.474486
2060.000000,286.895773
2062.000000,289.322218
2064.000000,291.753151
2066.000000,294.189046
2068.000000,296.629843
2070.000000,299.075336
2072.000000,301.526206
2074.000000,303.981842
2076.000000,306.442613
2078.000000,308.908590
2080.000000,311.379451
2082.000000,313.855989
2084.000000,316.337539
2086.000000,318.824464
2088.000000,321.316916
2090.000000,323.814436
2092.000000,326.317970
2094.000000,328.826693
2096.000000,331.341076
2098.000000,333.861211
2100.000000,336.386601
2102.000000,338.918380
2104.000000,341.455468
2106.000000,343.998609
2108.000000,346.547653
2110.000000,349.102321
2112.000000,351.663582
2114.000000,354.230422
2116.000000,356.803601
2118.000000,359.382939
2120.000000,361.968077
2122.000000,364.560164
2124.000000,367.158057
2126.000000,369.762453
2128.000000,372.373436
2130.000000,374.990392
2132.000000,377.614517
2134.000000,380.244919
2136.000000,382.881963
2138.000000,385.525765
2140.000000,388.176025
2142.000000,390.833651
2144.000000,393.497623
2146.000000,396.168650
2148.000000,398.846830
2150.000000,401.531527
2152.000000,404.223887
2154.000000,406.922933
2156.000000,409.629423
2158.000000,412.343206
2160.000000,415.063770
2162.000000,417.792312
2164.000000,420.527784
2166.000000,423.270967
2168.000000,426.021733
2170.000000,428.779552
2172.000000,431.545671
2174.000000,434.318965
2176.000000,437.100089
2178.000000,439.889152
2180.000000,442.685652
2182.000000,445.490762
2184.000000,448.303306
2186.000000,451.123960
2188.000000,453.952787
2190.000000,456.789208
2192.000000,459.634557
2194.000000,462.487618
2196.000000,465.349090
2198.000000,468.219031
2200.000000,471.096837
2202.000000,473.983881
2204.000000,476.878899
2206.000000,479.782605
2208.000000,482.695061
2210.000000,485.615641
2212.000000,488.545763
2214.000000,491.484118
2216.000000,494.431443
2218.000000,497.387794
2220.000000,500.352518
2222.000000,503.327067
2224.000000,506.310087
2226.000000,509.302327
2228.000000,512.303856
2230.000000,515.314141
2232.000000,518.334607
2234.000000,521.363789
2236.000000,524.402454
2238.000000,527.450654
2240.000000,530.507688
2242.000000,533.575152
2244.000000,536.651808
2246.000000,539.738235
2248.000000,542.834431
2250.000000,545.939674
2252.000000,549.055646
2254.000000,552.181095
2256.000000,555.316528
2258.000000,558.461936
2260.000000,561.616651
2262.000000,564.782748
2264.000000,567.958166
2266.000000,571.143703
2268.000000,574.339825
2270.000000,577.545669
2272.000000,580.762523
2274.000000,583.989186
2276.000000,587.226646
2278.000000,590.474424
2280.000000,593.732233
2282.000000,597.001695
2284.000000,600.280824
2286.000000,603.571105
2288.000000,606.872105
2290.000000,610.183103
2292.000000,613.506226
2294.000000,616.839150
2296.000000,620.183547
2298.000000,623.538713
2300.000000,626.904477
2302.000000,630.282102
2304.000000,633.670215
2306.000000,637.069630
2308.000000,640.480306
2310.000000,643.901628
2312.000000,647.335111
2314.000000,650.779285
2316.000000,654.234974
2318.000000,657.702113
2320.000000,661.180206
2322.000000,664.670472
2324.000000,668.171883
2326.000000,671.684694
2328.000000,675.209451
2330.000000,678.745120
2332.000000,682.293308
2334.000000,685.852809
2336.000000,689.423938
2338.000000,693.007068
2340.000000,696.601469
2342.000000,700.208466
2344.000000,703.826789
2346.000000,707.457221
2348.000000,711.099464
2350.000000,714.753190
2352.000000,718.420166
2354.000000,722.098191
2356.000000,725.788388
2358.000000,729.491031
2360.000000,733.205138
2362.000000,736.932099
2364.000000,740.670523
2366.000000,744.421498
2368.000000,748.184976
2370.000000,751.959889
2372.000000,755.747896
2374.000000,759.547357
2376.000000,763.359407
2378.000000,767.184182
2380.000000,771.020593
2382.000000,774.870039
2384.000000,778.731200
2386.000000,782.605102
2388.000000,786.491449
2390.000000,790.389114
2392.000000,794.300767
2394.000000,798.224208
2396.000000,802.159872
2398.000000,806.108260
2400.000000,810.068605
2402.000000,814.042043
2404.000000,818.027473
2406.000000,822.025552
2408.000000,826.036036
2410.000000,830.058668
2412.000000,834.094362
2414.000000,838.142121
2416.000000,842.202537
2418.000000,846.275277
2420.000000,850.360231
2422.000000,854.458105
2424.000000,858.568264
2426.000000,862.690491
2428.000000,866.825794
2430.000000,870.972226
2432.000000,875.132736
2434.000000,879.304238
2436.000000,883.489033
2438.000000,887.685494
2440.000000,891.894568
2442.000000,896.116045
2444.000000,900.349954
2446.000000,904.595256
2448.000000,908.854084
2450.000000,913.123830
2452.000000,917.406632
2454.000000,921.701631
2456.000000,926.007649
2458.000000,930.327311
2460.000000,934.657701
2462.000000,939.000682
2464.000000,943.355950
2466.000000,947.722609
2468.000000,952.101031
2470.000000,956.491844
2472.000000,960.894676
2474.000000,965.308030
2476.000000,969.734704
2478.000000,974.172675
2480.000000,978.620846
2482.000000,983.082139
2484.000000,987.554903
2486.000000,992.038656
2488.000000,996.533395
2490.000000,1001.039323
2492.000000,1005.558299
2494.000000,1010.087340
2496.000000,1014.627265
2498.000000,1019.178060
2500.000000,1023.740104
2502.000000,1028.314483
2504.000000,1032.898765
2506.000000,1037.493736
2508.000000,1042.099346
2510.000000,1046.714740
2512.000000,1051.341949
2514.000000,1055.979785
2516.000000,1060.628101
2518.000000,1065.286759
2520.000000,1069.954906
2522.000000,1074.634052
2524.000000,1079.322569
2526.000000,1084.021175
2528.000000,1088.729795
2530.000000,1093.447587
2532.000000,1098.175980
2534.000000,1102.913369
2536.000000,1107.660433
2538.000000,1112.417083
2540.000000,1117.182504
2542.000000,1121.958041
2544.000000,1126.742146
2546.000000,1131.535422
2548.000000,1136.337747
2550.000000,1141.148316
2552.000000,1145.968356
2554.000000,1150.796371
2556.000000,1155.632886
2558.000000,1160.477731
2560.000000,1165.330142
2562.000000,1170.191210
2564.000000,1175.059550
2566.000000,1179.935605
2568.000000,1184.819185
2570.000000,1189.709866
2572.000000,1194.610077
2574.000000,1199.516876
2576.000000,1204.430615
2578.000000,1209.351065
2580.000000,1214.277509
2582.000000,1219.210680
2584.000000,1224.151263
2586.000000,1229.099110
2588.000000,1234.052691
2590.000000,1239.011339
2592.000000,1243.975585
2594.000000,1248.946754
2596.000000,1253.924480
2598.000000,1258.906803
2600.000000,1263.893112
2602.000000,1268.885545
2604.000000,1273.884599
2606.000000,1278.887295
2608.000000,1283.893299
2610.000000,1288.905634
2612.000000,1293.923071
2614.000000,1298.942787
2616.000000,1303.966685
2618.000000,1308.996570
2620.000000,1314.028271
2622.000000,1319.063116
2624.000000,1324.103639
2626.000000,1329.145470
2628.000000,1334.189742
2630.000000,1339.239758
2632.000000,1344.289471
2634.000000,1349.343199
2636.000000,1354.399847
2638.000000,1359.456350
2640.000000,1364.517640
2642.000000,1369.578325
2644.000000,1374.641625
2646.000000,1379.707113
2648.000000,1384.771535
2650.000000,1389.840334
2652.000000,1394.906375
2654.000000,1399.976448
2656.000000,1405.044047
2658.000000,1410.114475
2660.000000,1415.183526
2662.000000,1420.253087
2664.000000,1425.322124
2666.000000,1430.390904
2668.000000,1435.458717
2670.000000,1440.526512
2672.000000,1445.591959
2674.000000,1450.657702
2676.000000,1455.720225
2678.000000,1460.783471
2680.000000,1465.841926
2682.000000,1470.902197
2684.000000,1475.956256
2686.000000,1481.012141
2688.000000,1486.061670
2690.000000,1491.111482
2692.000000,1496.156852
2694.000000,1501.198518
2696.000000,1506.238902
2698.000000,1511.272517
2700.000000,1516.305811
2702.000000,1521.333518
2704.000000,1526.356112
2706.000000,1531.377232
2708.000000,1536.391258
2710.000000,1541.400998
2712.000000,1546.408222
2714.000000,1551.407710
2716.000000,1556.402236
2718.000000,1561.394074
2720.000000,1566.378077
2722.000000,1571.355711
2724.000000,1576.329750
2726.000000,1581.295967
2728.000000,1586.255423
2730.000000,1591.210095
2732.000000,1596.156328
2734.000000,1601.094404
2736.000000,1606.027503
2738.000000,1610.954849
2740.000000,1615.873936
2742.000000,1620.783468
2744.000000,1625.686560
2746.000000,1630.581711
2748.000000,1635.467549
2750.000000,1640.344949
2752.000000,1645.215279
2754.000000,1650.078008
2756.000000,1654.930548
2758.000000,1659.772274
2760.000000,1664.605372
2762.000000,1669.431755
2764.000000,1674.249248
2766.000000,1679.055242
2768.000000,1683.849934
2770.000000,1688.635782
2772.000000,1693.412983
2774.000000,1698.179908
2776.000000,1702.935106
2778.000000,1707.679659
2780.000000,1712.415152
2782.000000,1717.137600
2784.000000,1721.848285
2786.000000,1726.548621
2788.000000,1731.241161
2790.000000,1735.921161
2792.000000,1740.586562
2794.000000,1745.242566
2796.000000,1749.886638
2798.000000,1754.515395
2800.000000,1759.135816
2802.000000,1763.744564
2804.000000,1768.338703
2806.000000,1772.918952
2808.000000,1777.492012
2810.000000,1782.049901
2812.000000,1786.592488
2814.000000,1791.126031
2816.000000,1795.644101
2818.000000,1800.148724
2820.000000,1804.643579
2822.000000,1809.119683
2824.000000,1813.585887
2826.000000,1818.039035
2828.000000,1822.474883
2830.000000,1826.902193
2832.000000,1831.311815
2834.000000,1835.707814
2836.000000,1840.093132
2838.000000,1844.458615
2840.000000,1848.816431
2842.000000,1853.156426
2844.000000,1857.481351
2846.000000,1861.795724
2848.000000,1866.089938
2850.000000,1870.376317
2852.000000,1874.642481
2854.000000,1878.896743
2856.000000,1883.137165
2858.000000,1887.359421
2860.000000,1891.572522
2862.000000,1895.763805
2864.000000,1899.946011
2866.000000,1904.109334
2868.000000,1908.259970
2870.000000,1912.395429
2872.000000,1916.514262
2874.000000,1920.620302
2876.000000,1924.708727
2878.000000,1928.784870
2880.000000,1932.843191
2882.000000,1936.888957
2884.000000,1940.916553
2886.000000,1944.932426
2888.000000,1948.928357
2890.000000,1952.915210
2892.000000,1956.878379
2894.000000,1960.834978
2896.000000,1964.769554
2898.000000,1968.693996
2900.000000,1972.600365
2902.000000,1976.492183
2904.000000,1980.368487
2906.000000,1984.229527
2908.000000,1988.076081
2910.000000,1991.905631
2912.000000,1995.723040
2914.000000,1999.518495
2916.000000,2003.309279
2918.000000,2007.075415
2920.000000,2010.834736
2922.000000,2014.569418
2924.000000,2018.297237
2926.000000,2022.006433
2928.000000,2025.698880
2930.000000,2029.383017
2932.000000,2033.043090
2934.000000,2036.697078
2936.000000,2040.327921
2938.000000,2043.950665
2940.000000,2047.557641
2942.000000,2051.144849
2944.000000,2054.725309
2946.000000,2058.281124
2948.000000,2061.832929
2950.000000,2065.366110
2952.000000,2068.881080
2954.000000,2072.389585
2956.000000,2075.873802
2958.000000,2079.353499
2960.000000,2082.816354
2962.000000,2086.259785
2964.000000,2089.697985
2966.000000,2093.114123
2968.000000,2096.520596
2970.000000,2099.916695
2972.000000,2103.289361
2974.000000,2106.658991
2976.000000,2110.010674
2978.000000,2113.344619
2980.000000,2116.675863
2982.000000,2119.986922
2984.000000,2123.286085
2986.000000,2126.572077
2988.000000,2129.845014
2990.000000,2133.105988
2992.000000,2136.353124
2994.000000,2139.588516
2996.000000,2142.811287
2998.000000,2146.021537
3000.000000,2149.220322
3002.000000,2152.405868
3004.000000,2155.580198
3006.000000,2158.742451
3008.000000,2161.892752
3010.000000,2165.032152
3012.000000,2168.158923
3014.000000,2171.274999
3016.000000,2174.379613
3018.000000,2177.472858
3020.000000,2180.555755
3022.000000,2183.626662
3024.000000,2186.687452
3026.000000,2189.737350
3028.000000,2192.776522
3030.000000,2195.805870
3032.000000,2198.823911
3034.000000,2201.832382
3036.000000,2204.830575
3038.000000,2207.818650
3040.000000,2210.797474
3042.000000,2213.765633
3044.000000,2216.724786
3046.000000,2219.674285
3048.000000,2222.614249
3050.000000,2225.545523
3052.000000,2228.466817
3054.000000,2231.379656
3056.000000,2234.283440
3058.000000,2237.178302
3060.000000,2240.065042
3062.000000,2242.942449
3064.000000,2245.811955
3066.000000,2248.673017
3068.000000,2251.525770
3070.000000,2254.370960
3072.000000,2257.207440
3074.000000,2260.036591
3076.000000,2262.857901
3078.000000,2265.671490
3080.000000,2268.478075
3082.000000,2271.276589
3084.000000,2274.068324
3086.000000,2276.852811
3088.000000,2279.630175
3090.000000,2282.401077
3092.000000,2285.164544
3094.000000,2287.921788
3096.000000,2290.672358
3098.000000,2293.416414
3100.000000,2296.154536
3102.000000,2298.885878
3104.000000,2301.611525
3106.000000,2304.331097
3108.000000,2307.044744
3110.000000,2309.752986
3112.000000,2312.455106
3114.000000,2315.152055
3116.000000,2317.843523
3118.000000,2320.529653
3120.000000,2323.210925
3122.000000,2325.886689
3124.000000,2328.557848
3126.000000,2331.224098
3128.000000,2333.885590
3130.000000,2336.542795
3132.000000,2339.195097
3134.000000,2341.843321
3136.000000,2344.487265
3138.000000,2347.127011
3140.000000,2349.762988
3142.000000,2352.394720
3144.000000,2355.022924
3146.000000,2357.647398
3148.000000,2360.268261
3150.000000,2362.885914
3152.000000,2365.499946
3154.000000,2368.110972
3156.000000,2370.718847
3158.000000,2373.323699
3160.000000,2375.925881
3162.000000,2378.525054
3164.000000,2381.121754
3166.000000,2383.715884
3168.000000,2386.307567
3170.000000,2388.897106
3172.000000,2391.484256
3174.000000,2394.069464
3176.000000,2396.652672
3178.000000,2399.233999
3180.000000,2401.813688
3182.000000,2404.391615
3184.000000,2406.968121
3186.000000,2409.543192
3188.000000,2412.116944
3190.000000,2414.689574
3192.000000,2417.261019
3194.000000,2419.831559
3196.000000,2422.401231
3198.000000,2424.970132
3200.000000,2427.538415
3202.000000,2430.106098
3204.000000,2432.673365
3206.000000,2435.240284
3208.000000,2437.806966
3210.000000,2440.373531
3212.000000,2442.940061
3214.000000,2445.506656
3216.000000,2448.073416
3218.000000,2450.640447
3220.000000,2453.207811
3222.000000,2455.775678
3224.000000,2458.344083
3226.000000,2460.913149
3228.000000,2463.482974
3230.000000,2466.053581
3232.000000,2468.625204
3234.000000,2471.197785
3236.000000,2473.771491
3238.000000,2476.346434
3240.000000,2478.922585
3242.000000,2481.500234
3244.000000,2484.079255
3246.000000,2486.659835
3248.000000,2489.242067
3250.000000,2491.825904
3252.000000,2494.411702
3254.000000,2496.999247
3256.000000,2499.588760
3258.000000,2502.180316
3260.000000,2504.773825
3262.000000,2507.369720
3264.000000,2509.967711
3266.000000,2512.568033
3268.000000,2515.170759
3270.000000,2517.775762
3272.000000,2520.383526
3274.000000,2522.993695
3276.000000,2525.606524
3278.000000,2528.222082
3280.000000,2530.840219
3282.000000,2533.461437
3284.000000,2536.085332
3286.000000,2538.712176
3288.000000,2541.342043
3290.000000,2543.974751
3292.000000,2546.610802
3294.000000,2549.249768
3296.000000,2551.891956
3298.000000,2554.537404
3300.000000,2557.185882
3302.000000,2559.837959
3304.000000,2562.493172
3306.000000,2565.151791
3308.000000,2567.813858
3310.000000,2570.479162
3312.000000,2573.148251
3314.000000,2575.820609
3316.000000,2578.496574
3318.000000,2581.176137
3320.000000,2583.859051
3322.000000,2586.545931
3324.000000,2589.236198
3326.000000,2591.930179
3328.000000,2594.627894
3330.000000,2597.329047
3332.000000,2600.034281
3334.000000,2602.742987
3336.000000,2605.455489
3338.000000,2608.171804
3340.000000,2610.891625
3342.000000,2613.615590
3344.000000,2616.343075
3346.000000,2619.074417
3348.000000,2621.809590
3350.000000,2624.548331
3352.000000,2627.291210
3354.000000,2630.037656
3356.000000,2632.787951
3358.000000,2635.542099
3360.000000,2638.299802
3362.000000,2641.061647
3364.000000,2643.827038
3366.000000,2646.596267
3368.000000,2649.369319
3370.000000,2652.145908
3372.000000,2654.926587
3374.000000,2657.710788
3376.000000,2660.498764
3378.000000,2663.290530
3380.000000,2666.085762
3382.000000,2668.885031
3384.000000,2671.687755
3386.000000,2674.494184
3388.000000,2677.304333
3390.000000,2680.117869
3392.000000,2682.935357
3394.000000,2685.756220
3396.000000,2688.580698
3398.000000,2691.408792
3400.000000,2694.240199
3402.000000,2697.075438
3404.000000,2699.913956
3406.000000,2702.755996
3408.000000,2705.601532
3410.000000,2708.450285
3412.000000,2711.302754
3414.000000,2714.158381
3416.000000,2717.017429
3418.000000,2719.879856
3420.000000,2722.745378
3422.000000,2725.614492
3424.000000,2728.486667
3426.000000,2731.362122
3428.000000,2734.240834
3430.000000,2737.122536
3432.000000,2740.007696
3434.000000,2742.895794
3436.000000,2745.787053
3438.000000,2748.681450
3440.000000,2751.578723
3442.000000,2754.479313
3444.000000,2757.382730
3446.000000,2760.289195
3448.000000,2763.198679
3450.000000,2766.110930
3452.000000,2769.026370
3454.000000,2771.944533
3456.000000,2774.865628
3458.000000,2777.789631
3460.000000,2780.716297
3462.000000,2783.646039
3464.000000,2786.578410
3466.000000,2789.513606
3468.000000,2792.451604
3470.000000,2795.392174
3472.000000,2798.335728
3474.000000,2801.281825
3476.000000,2804.230652
3478.000000,2807.182194
3480.000000,2810.136235
3482.000000,2813.093172
3484.000000,2816.052572
3486.000000,2819.014634
3488.000000,2821.979357
3490.000000,2824.946507
3492.000000,2827.916483
3494.000000,2830.888877
3496.000000,2833.863876
3498.000000,2836.841471
3500.000000,2839.821463
3502.000000,2842.804234
3504.000000,2845.789379
3506.000000,2848.777110
3508.000000,2851.767401
3510.000000,2854.760052
3512.000000,2857.755480
3514.000000,2860.753259
3516.000000,2863.753596
3518.000000,2866.756504
3520.000000,2869.761759
3522.000000,2872.769783
3524.000000,2875.780174
3526.000000,2878.793120
3528.000000,2881.808656
3530.000000,2884.826554
3532.000000,2887.847241
3534.000000,2890.870318
3536.000000,2893.895980
3538.000000,2896.924263
3540.000000,2899.954939
3542.000000,2902.988458
3544.000000,2906.024397
3546.000000,2909.062988
3548.000000,2912.104234
3550.000000,2915.147941
3552.000000,2918.194546
3554.000000,2921.243632
3556.000000,2924.295442
3558.000000,2927.349971
3560.000000,2930.407046
3562.000000,2933.467082
3564.000000,2936.529698
3566.000000,2939.595097
3568.000000,2942.663330
3570.000000,2945.734162
3572.000000,2948.808094
3574.000000,2951.884663
3576.000000,2954.964143
3578.000000,2958.046529
3580.000000,2961.131643
3582.000000,2964.219932
3584.000000,2967.310995
3586.000000,2970.405055
3588.000000,2973.502150
3590.000000,2976.602069
3592.000000,2979.705294
3594.000000,2982.811398
3596.000000,2985.920613
3598.000000,2989.033000
3600.000000,2992.148310
3602.000000,2995.267069
3604.000000,2998.388818
3606.000000,3001.513804
3608.000000,3004.642090
3610.000000,3007.773415
3612.000000,3010.908322
3614.000000,3014.046340
3616.000000,3017.187727
3618.000000,3020.332524
3620.000000,3023.480498
3622.000000,3026.632180
3624.000000,3029.787086
3626.000000,3032.945503
3628.000000,3036.107441
3630.000000,3039.272665
3632.000000,3042.441753
3634.000000,3045.614161
3636.000000,3048.790191
3638.000000,3051.969891
3640.000000,3055.152976
3642.000000,3058.340035
3644.000000,3061.530538
3646.000000,3064.724789
3648.000000,3067.922796
3650.000000,3071.124293
3652.000000,3074.329893
3654.000000,3077.539033
3656.000000,3080.752012
3658.000000,3083.968851
3660.000000,3087.189269
3662.000000,3090.413903
3664.000000,3093.642151
3666.000000,3096.874330
3668.000000,3100.110454
3670.000000,3103.350237
3672.000000,3106.594309
3674.000000,3109.842078
3676.000000,3113.093851
3678.000000,3116.349642
3680.000000,3119.609154
3682.000000,3122.873017
3684.000000,3126.140621
3686.000000,3129.412289
3688.000000,3132.688035
3690.000000,3135.967549
3692.000000,3139.251463
3694.000000,3142.539157
3696.000000,3145.830950
3698.000000,3149.126846
3700.000000,3152.426535
3702.000000,3155.730650
3704.000000,3159.038563
3706.000000,3162.350593
3708.000000,3165.666738
3710.000000,3168.986682
3712.000000,3172.311058
3714.000000,3175.639229
3716.000000,3178.971513
3718.000000,3182.307901
3720.000000,3185.648076
3722.000000,3188.992664
3724.000000,3192.341031
3726.000000,3195.693481
3728.000000,3199.050011
3730.000000,3202.410295
3732.000000,3205.774953
3734.000000,3209.143350
3736.000000,3212.515787
3738.000000,3215.892250
3740.000000,3219.272423
3742.000000,3222.656916
3744.000000,3226.045089
3746.000000,3229.437238
3748.000000,3232.833345
3750.000000,3236.233092
3752.000000,3239.637067
3754.000000,3243.044650
3756.000000,3246.456133
3758.000000,3249.871498
3760.000000,3253.290421
3762.000000,3256.713476
3764.000000,3260.140053
3766.000000,3263.570428
3768.000000,3267.004591
3770.000000,3270.442222
3772.000000,3273.883872
3774.000000,3277.328943
3776.000000,3280.777711
3778.000000,3284.230152
3780.000000,3287.685954
3782.000000,3291.145647
3784.000000,3294.608661
3786.000000,3298.075256
3788.000000,3301.545391
3790.000000,3305.018771
3792.000000,3308.495929
3794.000000,3311.976291
3796.000000,3315.460093
3798.000000,3318.947316
3800.000000,3322.437685
3802.000000,3325.931673
3804.000000,3329.428744
3806.000000,3332.929148
3808.000000,3336.432836
3810.000000,3339.939537
3812.000000,3343.449741
3814.000000,3346.962901
3816.000000,3350.479255
3818.000000,3353.998779
3820.000000,3357.521191
3822.000000,3361.046968
3824.000000,3364.575596
3826.000000,3368.107281
3828.000000,3371.642021
3830.000000,3375.179536
3832.000000,3378.720282
3834.000000,3382.263770
3836.000000,3385.810202
3838.000000,3389.359567
3840.000000,3392.911602
3842.000000,3396.466753
3844.000000,3400.024536
3846.000000,3403.585163
3848.000000,3407.148607
3850.000000,3410.714635
3852.000000,3414.283662
3854.000000,3417.855230
3856.000000,3421.429556
3858.000000,3425.006595
3860.000000,3428.586150
3862.000000,3432.168596
3864.000000,3435.753523
3866.000000,3439.341105
3868.000000,3442.931349
3870.000000,3446.524014
3872.000000,3450.119521
3874.000000,3453.717426
3876.000000,3457.317948
3878.000000,3460.921048
3880.000000,3464.526543
3882.000000,3468.134801
3884.000000,3471.745431
3886.000000,3475.358617
3888.000000,3478.974354
3890.000000,3482.592446
3892.000000,3486.213264
3894.000000,3489.836435
3896.000000,3493.462129
3898.000000,3497.090359
3900.000000,3500.720923
3902.000000,3504.354206
3904.000000,3507.989830
3906.000000,3511.627977
3908.000000,3515.268662
3910.000000,3518.911685
3912.000000,3522.557437
3914.000000,3526.205545
3916.000000,3529.856193
3918.000000,3533.509398
3920.000000,3537.164967
3922.000000,3540.823294
3924.000000,3544.484002
3926.000000,3548.147291
3928.000000,3551.813170
3930.000000,3555.481457
3932.000000,3559.152549
3934.000000,3562.826068
3936.000000,3566.502226
3938.000000,3570.181030
3940.000000,3573.862294
3942.000000,3577.546448
3944.000000,3581.233085
3946.000000,3584.922430
3948.000000,3588.614505
3950.000000,3592.309113
3952.000000,3596.006683
3954.000000,3599.706822
3956.000000,3603.409753
3958.000000,3607.115494
3960.000000,3610.823843
3962.000000,3614.535271
3964.000000,3618.249344
3966.000000,3621.966303
3968.000000,3625.686170
3970.000000,3629.408742
3972.000000,3633.134488
3974.000000,3636.862978
3976.000000,3640.594456
3978.000000,3644.328950
3980.000000,3648.066243
3982.000000,3651.806824
3984.000000,3655.550245
3986.000000,3659.296764
3988.000000,3663.046406
3990.000000,3666.798945
3992.000000,3670.554887
3994.000000,3674.313769
3996.000000,3678.075856
3998.000000,3681.841168
4000.000000,3685.609471
4002.000000,3689.381294
4004.000000,3693.156151
4006.000000,3696.934310
4008.000000,3700.715791
4010.000000,3704.500359
4012.000000,3708.288548
4014.000000,3712.079856
4016.000000,3715.874560
4018.000000,3719.672685
4020.000000,3723.473978
4022.000000,3727.278979
4024.000000,3731.087183
4026.000000,3734.898863
4028.000000,3738.714035
4030.000000,3742.532446
4032.000000,3746.354643
4034.000000,3750.180096
4036.000000,3754.009092
4038.000000,3757.841635
4040.000000,3761.677461
4042.000000,3765.517135
4044.000000,3769.360101
4046.000000,3773.206656
4048.000000,3777.056798
4050.000000,3780.910251
4052.000000,3784.767587
4054.000000,3788.628235
4056.000000,3792.492494
4058.000000,3796.360349
4060.000000,3800.231532
4062.000000,3804.106589
4064.000000,3807.984967
4066.000000,3811.866939
4068.000000,3815.752495
4070.000000,3819.641362
4072.000000,3823.534074
4074.000000,3827.430083
4076.000000,3831.329641
4078.000000,3835.232756
4080.000000,3839.139125
4082.000000,3843.049293
4084.000000,3846.962692
4086.000000,3850.879587
4088.000000,3854.799952
4090.000000,3858.723513
4092.000000,3862.650773
4094.000000,3866.581185
4096.000000,3870.514998
4098.000000,3874.452175
4100.000000,3878.392451
4102.000000,3882.336297
4104.000000,3886.283191
4106.000000,3890.233353
4108.000000,3894.186747
4110.000000,3898.143114
4112.000000,3902.102893
4114.000000,3906.065578
4116.000000,3910.031379
4118.000000,3914.000250
4120.000000,3917.971941
4122.000000,3921.946867
4124.000000,3925.924530
4126.000000,3929.905136
4128.000000,3933.888629
4130.000000,3937.874754
4132.000000,3941.863915
4134.000000,3945.855626
4136.000000,3949.850061
4138.000000,3953.847185
4140.000000,3957.846739
4142.000000,3961.849079
4144.000000,3965.853774
4146.000000,3969.860968
4148.000000,3973.870608
4150.000000,3977.882472
4152.000000,3981.896878
4154.000000,3985.913408
4156.000000,3989.932196
4158.000000,3993.953197
4160.000000,3997.976194
4162.000000,4002.001457
4164.000000,4006.028616
4166.000000,4010.057789
4168.000000,4014.088913
4170.000000,4018.121794
4172.000000,4022.156666
4174.000000,4026.193205
4176.000000,4030.231494
4178.000000,4034.271478
4180.000000,4038.312980
4182.000000,4042.356203
4184.000000,4046.400854
4186.000000,4050.446996
4188.000000,4054.494578
4190.000000,4058.543445
4192.000000,4062.593766
4194.000000,4066.645278
4196.000000,4070.698031
4198.000000,4074.751977
4200.000000,4078.806984
4202.000000,4082.863182
4204.000000,4086.920351
4206.000000,4090.978526
4208.000000,4095.037664
4210.000000,4099.097650
4212.000000,4103.158589
4214.000000,4107.220295
4216.000000,4111.282794
4218.000000,4115.346045
4220.000000,4119.409955
4222.000000,4123.474600
4224.000000,4127.539835
4226.000000,4131.605676
4228.000000,4135.672083
4230.000000,4139.738987
4232.000000,4143.806435
4234.000000,4147.874326
4236.000000,4151.942663
4238.000000,4156.011417
4240.000000,4160.080532
4242.000000,4164.150042
4244.000000,4168.219871
4246.000000,4172.290026
4248.000000,4176.360484
4250.000000,4180.431204
4252.000000,4184.502209
4254.000000,4188.573447
4256.000000,4192.644928
4258.000000,4196.716636
4260.000000,4200.788545
4262.000000,4204.860677
4264.000000,4208.932995
4266.000000,4213.005509
4268.000000,4217.078220
4270.000000,4221.151112
4272.000000,4225.224210
4274.000000,4229.297486
4276.000000,4233.370961
4278.000000,4237.444641
4280.000000,4241.518518
4282.000000,4245.592636
4284.000000,4249.666965
4286.000000,4253.741536
4288.000000,4257.816365
4290.000000,4261.891442
4292.000000,4265.966833
4294.000000,4270.042511
4296.000000,4274.118516
4298.000000,4278.194867
4300.000000,4282.271559
4302.000000,4286.348679
4304.000000,4290.426192
4306.000000,4294.504159
4308.000000,4298.582604
4310.000000,4302.661518
4312.000000,4306.741014
4314.000000,4310.821041
4316.000000,4314.901673
4318.000000,4318.982951
4320.000000,4323.064854
4322.000000,4327.147523
4324.000000,4331.230886
4326.000000,4335.315037
4328.000000,4339.400013
4330.000000,4343.485792
4332.000000,4347.572550
4334.000000,4351.660184
4336.000000,4355.748807
4338.000000,4359.838462
4340.000000,4363.929105
4342.000000,4368.020949
4344.000000,4372.113863
4346.000000,4376.207976
4348.000000,4380.303334
4350.000000,4384.399875
4352.000000,4388.497840
4354.000000,4392.597067
4356.000000,4396.697699
4358.000000,4400.799777
4360.000000,4404.903225
4362.000000,4409.008315
4364.000000,4413.114852
4366.000000,4417.222984
4368.000000,4421.332753
4370.000000,4425.444061
4372.000000,4429.557202
4374.000000,4433.671945
4376.000000,4437.788451
4378.000000,4441.906751
4380.000000,4446.026730
4382.000000,4450.148696
4384.000000,4454.272387
4386.000000,4458.397970
4388.000000,4462.525464
4390.000000,4466.654731
4392.000000,4470.786090
4394.000000,4474.919248
4396.000000,4479.054367
4398.000000,4483.191452
4400.000000,4487.330357
4402.000000,4491.471385
4404.000000,4495.614230
4406.000000,4499.759040
4408.000000,4503.905806
4410.000000,4508.054367
4412.000000,4512.205004
4414.000000,4516.357403
4416.000000,4520.511688
4418.000000,4524.667834
4420.000000,4528.825667
4422.000000,4532.985433
4424.000000,4537.146819
4426.000000,4541.309919
4428.000000,4545.474687
4430.000000,4549.640949
4432.000000,4553.808893
4434.000000,4557.978223
4436.000000,4562.148994
4438.000000,4566.321136
4440.000000,4570.494480
4442.000000,4574.669138
4444.000000,4578.844844
4446.000000,4583.021602
4448.000000,4587.199317
4450.000000,4591.377833
4452.000000,4595.557165
4454.000000,4599.737097
4456.000000,4603.917572
4458.000000,4608.098468
4460.000000,4612.279647
4462.000000,4616.461015
4464.000000,4620.642419
4466.000000,4624.823732
4468.000000,4629.004805
4470.000000,4633.185532
4472.000000,4637.365680
4474.000000,4641.545183
4476.000000,4645.723834
4478.000000,4649.901459
4480.000000,4654.077984
4482.000000,4658.253031
4484.000000,4662.426634
4486.000000,4666.598496
4488.000000,4670.768416
4490.000000,4674.936371
4492.000000,4679.101810
4494.000000,4683.264890
4496.000000,4687.425218
4498.000000,4691.582568
4500.000000,4695.736975
4502.000000,4699.887700
4504.000000,4704.035042
4506.000000,4708.178507
4508.000000,4712.317842
4510.000000,4716.453153
4512.000000,4720.583497
4514.000000,4724.709340
4516.000000,4728.830074
4518.000000,4732.945426
4520.000000,4737.055584
4522.000000,4741.159386
4524.000000,4745.257481
4526.000000,4749.349142
4528.000000,4753.434078
4530.000000,4757.512569
4532.000000,4761.583228
4534.000000,4765.646900
4536.000000,4769.702740
4538.000000,4773.750440
4540.000000,4777.790379
4542.000000,4781.820941
4544.000000,4785.843181
4546.000000,4789.856131
4548.000000,4793.859478
4550.000000,4797.853709
4552.000000,4801.836965
4554.000000,4805.810528
4556.000000,4809.773311
4558.000000,4813.724997
4560.000000,4817.666181
4562.000000,4821.594777
4564.000000,4825.512293
4566.000000,4829.417529
4568.000000,4833.310164
4570.000000,4837.190913
4572.000000,4841.057460
4574.000000,4844.911547
4576.000000,4848.751863
4578.000000,4852.578095
4580.000000,4856.391075
4582.000000,4860.188268
4584.000000,4863.971652
4586.000000,4867.739810
4588.000000,4871.492444
4590.000000,4875.230502
4592.000000,4878.951243
4594.000000,4882.656881
4596.000000,4886.345898
4598.000000,4890.018011
4600.000000,4893.674290
4602.000000,4897.311809
4604.000000,4900.932992
4606.000000,4904.536246
4608.000000,4908.121305
4610.000000,4911.689358
4612.000000,4915.237300
4614.000000,4918.767778
4616.000000,4922.279116
4618.000000,4925.771081
4620.000000,4929.244969
4622.000000,4932.697521
4624.000000,4936.131588
4626.000000,4939.545435
4628.000000,4942.938850
4630.000000,4946.313237
4632.000000,4949.665210
4634.000000,4952.997798
4636.000000,4956.309221
4638.000000,4959.599294
4640.000000,4962.869519
4642.000000,4966.116406
4644.000000,4969.343147
4646.000000,4972.547921
4648.000000,4975.730577
4650.000000,4978.892704
4652.000000,4982.030733
4654.000000,4985.147990
4656.000000,4988.242633
4658.000000,4991.314544
4660.000000,4994.365387
4662.000000,4997.391536
4664.000000,5000.396430
4666.000000,5003.378219
4668.000000,5006.336818
4670.000000,5009.273947
4672.000000,5012.185950
4674.000000,5015.076359
4676.000000,5017.943323
4678.000000,5020.786787
4680.000000,5023.608514
4682.000000,5026.404847
4684.000000,5029.179372
4686.000000,5031.930252
4688.000000,5034.657456
4690.000000,5037.362789
4692.000000,5040.042589
4694.000000,5042.700494
4696.000000,5045.334677
4698.000000,5047.945131
4700.000000,5050.533690
4702.000000,5053.096701
4704.000000,5055.637830
4706.000000,5058.155266
4708.000000,5060.649025
4710.000000,5063.120949
4712.000000,5065.567415
4714.000000,5067.992099
4716.000000,5070.393199
4718.000000,5072.770752
4720.000000,5075.126599
4722.000000,5077.457161
4724.000000,5079.766083
4726.000000,5082.051602
4728.000000,5084.313755
4730.000000,5086.554375
4732.000000,5088.769925
4734.000000,5090.964016
4736.000000,5093.134914
4738.000000,5095.282653
4740.000000,5097.409051
4742.000000,5099.510612
4744.000000,5101.590914
4746.000000,5103.648225
4748.000000,5105.682588
4750.000000,5107.695807
4752.000000,5109.684394
4754.000000,5111.651912
4756.000000,5113.596631
4758.000000,5115.518590
4760.000000,5117.419560
4762.000000,5119.296094
4764.000000,5121.151699
4766.000000,5122.984658
4768.000000,5124.794997
4770.000000,5126.584474
4772.000000,5128.349636
4774.000000,5130.093969
4776.000000,5131.815759
4778.000000,5133.515004
4780.000000,5135.193461
4782.000000,5136.847655
4784.000000,5138.481068
4786.000000,5140.091964
4788.000000,5141.680340
4790.000000,5143.247924
4792.000000,5144.791242
4794.000000,5146.313761
4796.000000,5147.813732
4798.000000,5149.291136
4800.000000,5150.747695
4802.000000,5152.179930
4804.000000,5153.591278
4806.000000,5154.980002
4808.000000,5156.346061
4810.000000,5157.691201
4812.000000,5159.011872
4814.000000,5160.311573
4816.000000,5161.588525
4818.000000,5162.842697
4820.000000,5164.075827
4822.000000,5165.284381
4824.000000,5166.471847
4826.000000,5167.636444
4828.000000,5168.778153
4830.000000,5169.898735
4832.000000,5170.994626
4834.000000,5172.069362
4836.000000,5173.121155
4838.000000,5174.150021
4840.000000,5175.157703
4842.000000,5176.140688
4844.000000,5177.102518
4846.000000,5178.041438
4848.000000,5178.957477
4850.000000,5179.852419
4852.000000,5180.722777
4854.000000,5181.572124
4856.000000,5182.398746
4858.000000,5183.202694
4860.000000,5183.985806
4862.000000,5184.744670
4864.000000,5185.482833
4866.000000,5186.198681
4868.000000,5186.892321
4870.000000,5187.565579
4872.000000,5188.215183
4874.000000,5188.844671
4876.000000,5189.452507
4878.000000,5190.038894
4880.000000,5190.605626
4882.000000,5191.149639
4884.000000,5191.674413
4886.000000,5192.178536
4888.000000,5192.662278
4890.000000,5193.127418
4892.000000,5193.571167
4894.000000,5193.996858
4896.000000,5194.403261
4898.000000,5194.790736
4900.000000,5195.160982
4902.000000,5195.511558
4904.000000,5195.845621
4906.000000,5196.162131
4908.000000,5196.461498
4910.000000,5196.745401
4912.000000,5197.011720
4914.000000,5197.263381
4916.000000,5197.499587
4918.000000,5197.720819
4920.000000,5197.928609
4922.000000,5198.121277
4924.000000,5198.301440
4926.000000,5198.468518
4928.000000,5198.623033
4930.000000,5198.766409
4932.000000,5198.897369
4934.000000,5199.018163
4936.000000,5199.128455
4938.000000,5199.228785
4940.000000,5199.320396
4942.000000,5199.402399
4944.000000,5199.476685
4946.000000,5199.543082
4948.000000,5199.602147
4950.000000,5199.654870
4952.000000,5199.700780
4954.000000,5199.741295
4956.000000,5199.776456
4958.000000,5199.806722
4960.000000,5199.832868
4962.000000,5199.854712
4964.000000,5199.873258
4966.000000,5199.888617
4968.000000,5199.901176
4970.000000,5199.911482
4972.000000,5199.919524
4974.000000,5199.925909
4976.000000,5199.930793
4978.000000,5199.934446
4980.000000,5199.937143
4982.000000,5199.938997
4984.000000,5199.940292
4986.000000,5199.941104
4988.000000,5199.941617
4990.000000,5199.941902
4992.000000,5199.942035
4994.000000,5199.942089
4996.000000,5199.942089
4998.000000,5199.942089
5000.000000,5199.942089
5002.000000,5199.942089
5004.000000,5199.942089
5006.000000,5199.942089
5008.000000,5199.942089
5010.000000,5199.942089
5012.000000,5199.942089
5014.000000,5199.942089
5016.000000,5199.942089
5018.000000,5199.942089
5020.000000,5199.942089
5022.000000,5199.942089
5024.000000,5199.942089
5026.000000,5199.942089
5028.000000,5199.942089
5030.000000,5199.942089
5032.000000,5199.942089
5034.000000,5199.942089
5036.000000,5199.942089
5038.000000,5199.942089
5040.000000,5199.942089
5042.000000,5199.942089
5044.000000,5199.942089
5046.000000,5199.942089
5048.000000,5199.942089
5050.000000,5199.942089
5052.000000,5199.942089
5054.000000,5199.942089
5056.000000,5199.942089
5058.000000,5199.942089
5060.000000,5199.942089
5062.000000,5199.942089
5064.000000,5199.942089
5066.000000,5199.942089
5068.000000,5199.942089
5070.000000,5199.942089
5072.000000,5199.942089
5074.000000,5199.942089
5076.000000,5199.942089
5078.000000,5199.942089
5080.000000,5199.942089
5082.000000,5199.942089
5084.000000,5199.942089
5086.000000,5199.942089
5088.000000,5199.942089
5090.000000,5199.942089
5092.000000,5199.942089
5094.000000,5199.942089
5096.000000,5199.942089
5098.000000,5199.942089
5100.000000,5199.942089
5102.000000,5199.942089
5104.000000,5199.942089
5106.000000,5199.942089
5108.000000,5199.942089
5110.000000,5199.942089
5112.000000,5199.942089
5114.000000,5199.942089
5116.000000,5199.942089
5118.000000,5199.942089
5120.000000,5199.942089
5122.000000,5199.942089
5124.000000,5199.942089
5126.000000,5199.942089
5128.000000,5199.942089
5130.000000,5199.942089
5132.000000,5199.942089
5134.000000,5199.942089
5136.000000,5199.942089
5138.000000,5199.942089
5140.000000,5199.942089
5142.000000,5199.942089
5144.000000,5199.942089
5146.000000,5199.942089
5148.000000,5199.942089
5150.000000,5199.942089
5152.000000,5199.942089
5154.000000,5199.942089
5156.000000,5199.942089
5158.000000,5199.942089
5160.000000,5199.942089
5162.000000,5199.942089
5164.000000,5199.942089
5166.000000,5199.942089
5168.000000,5199.942089
5170.000000,5199.942089
5172.000000,5199.942089
5174.000000,5199.942089
5176.000000,5199.942089
5178.000000,5199.942089
5180.000000,5199.942089
5182.000000,5199.942089
5184.000000,5199.942089
5186.000000,5199.942089
5188.000000,5199.942089
5190.000000,5199.942089
5192.000000,5199.942089
5194.000000,5199.942089
5196.000000,5199.942089
5198.000000,5199.942089
5200.000000,5199.942089
5202.000000,5199.942089
5204.000000,5199.942089
5206.000000,5199.942089
5208.000000,5199.942089
5210.000000,5199.942089
5212.000000,5199.942089
5214.000000,5199.942089
5216.000000,5199.942089
5218.000000,5199.942089
5220.000000,5199.942089
5222.000000,5199.942089
5224.000000,5199.942089
5226.000000,5199.942089
5228.000000,5199.942089
5230.000000,5199.942089
5232.000000,5199.942089
5234.000000,5199.942089
5236.000000,5199.942089
5238.000000,5199.942089
5240.000000,5199.942089
5242.000000,5199.942089
5244.000000,5199.942089
5246.000000,5199.942089
5248.000000,5199.942089
5250.000000,5199.942089
5252.000000,5199.942089
5254.000000,5199.942089
5256.000000,5199.942089
5258.000000,5199.942089
5260.000000,5199.942089
5262.000000,5199.942089
5264.000000,5199.942089
5266.000000,5199.942089
5268.000000,5199.942089
5270.000000,5199.942089
5272.000000,5199.942089
5274.000000,5199.942089
5276.000000,5199.942089
5278.000000,5199.942089
5280.000000,5199.942089
5282.000000,5199.942089
5284.000000,5199.942089
5286.000000,5199.942089
5288.000000,5199.942089
5290.000000,5199.942089
5292.000000,5199.942089
5294.000000,5199.942089
5296.000000,5199.942089
5298.000000,5199.942089
5300.000000,5199.942089
5302.000000,5199.942089
5304.000000,5199.942089
5306.000000,5199.942089
5308.000000,5199.942089
5310.000000,5199.942089
5312.000000,5199.942089
5314.000000,5199.942089
5316.000000,5199.942089
5318.000000,5199.942089
5320.000000,5199.942089
5322.000000,5199.942089
5324.000000,5199.942089
5326.000000,5199.942089
5328.000000,5199.942089
5330.000000,5199.942089
5332.000000,5199.942089
5334.000000,5199.942089
5336.000000,5199.942089
5338.000000,5199.942089
5340.000000,5199.942089
5342.000000,5199.942089
5344.000000,5199.942089
5346.000000,5199.942089
5348.000000,5199.942089
5350.000000,5199.942089
5352.000000,5199.942089
5354.000000,5199.942089
5356.000000,5199.942089
5358.000000,5199.942089
5360.000000,5199.942089
5362.000000,5199.942089
5364.000000,5199.942089
5366.000000,5199.942089
5368.000000,5199.942089
5370.000000,5199.942089
5372.000000,5199.942089
5374.000000,5199.942089
5376.000000,5199.942089
5378.000000,5199.942089
5380.000000,5199.942089
5382.000000,5199.942089
5384.000000,5199.942089
5386.000000,5199.942089
5388.000000,5199.942089
5390.000000,5199.942089
5392.000000,5199.942089
5394.000000,5199.942089
5396.000000,5199.942089
5398.000000,5199.942089
5400.000000,5199.942089
5402.000000,5199.942089
5404.000000,5199.942089
5406.000000,5199.942089
5408.000000,5199.942089
5410.000000,5199.942089
5412.000000,5199.942089
5414.000000,5199.942089
5416.000000,5199.942089
5418.000000,5199.942089
5420.000000,5199.942089
5422.000000,5199.942089
5424.000000,5199.942089
5426.000000,5199.942089
5428.000000,5199.942089
5430.000000,5199.942089
5432.000000,5199.942089
5434.000000,5199.942089
5436.000000,5199.942089
5438.000000,5199.942089
5440.000000,5199.942089
5442.000000,5199.942089
5444.000000,5199.942089
5446.000000,5199.942089
5448.000000,5199.942089
5450.000000,5199.942089
5452.000000,5199.942089
5454.000000,5199.942089
5456.000000,5199.942089
5458.000000,5199.942089
5460.000000,5199.942089
5462.000000,5199.942089
5464.000000,5199.942089
5466.000000,5199.942089
5468.000000,5199.942089
5470.000000,5199.942089
5472.000000,5199.942089
5474.000000,5199.942089
5476.000000,5199.942089
5478.000000,5199.942089
5480.000000,5199.942089
5482.000000,5199.942089
5484.000000,5199.942089
5486.000000,5199.942089
5488.000000,5199.942089
5490.000000,5199.942089
5492.000000,5199.942089
5494.000000,5199.942089
5496.000000,5199.942089
5498.000000,5199.942089
5500.000000,5199.942089
5502.000000,5199.942089
5504.000000,5199.942089
5506.000000,5199.942089
5508.000000,5199.942089
5510.000000,5199.942089
5512.000000,5199.942089
5514.000000,5199.942089
5516.000000,5199.942089
5518.000000,5199.942089
5520.000000,5199.942089
5522.000000,5199.942089
5524.000000,5199.942089
5526.000000,5199.942089
5528.000000,5199.942089
5530.000000,5199.942089
5532.000000,5199.942089
5534.000000,5199.942089
5536.000000,5199.942089
5538.000000,5199.942089
5540.000000,5199.942089
5542.000000,5199.942089
5544.000000,5199.942089
5546.000000,5199.942089
5548.000000,5199.942089
5550.000000,5199.942089
5552.000000,5199.942089
5554.000000,5199.942089
5556.000000,5199.942089
5558.000000,5199.942089
5560.000000,5199.942089
5562.000000,5199.942089
5564.000000,5199.942089
5566.000000,5199.942089
5568.000000,5199.942089
5570.000000,5199.942089
5572.000000,5199.942089
5574.000000,5199.942089
5576.000000,5199.942089
5578.000000,5199.942089
5580.000000,5199.942089
5582.000000,5199.942089
5584.000000,5199.942089
5586.000000,5199.942089
5588.000000,5199.942089
5590.000000,5199.942089
5592.000000,5199.942089
5594.000000,5199.942089
5596.000000,5199.942089
5598.000000,5199.942089
5600.000000,5199.942089
5602.000000,5199.942089
5604.000000,5199.942089
5606.000000,5199.942089
5608.000000,5199.942089
5610.000000,5199.942089
5612.000000,5199.942089
5614.000000,5199.942089
5616.000000,5199.942089
5618.000000,5199.942089
5620.000000,5199.942089
5622.000000,5199.942089
5624.000000,5199.942089
5626.000000,5199.942089
5628.000000,5199.942089
5630.000000,5199.942089
5632.000000,5199.942089
5634.000000,5199.942089
5636.000000,5199.942089
5638.000000,5199.942089
5640.000000,5199.942089
5642.000000,5199.942089
5644.000000,5199.942089
5646.000000,5199.942089
5648.000000,5199.942089
5650.000000,5199.942089
5652.000000,5199.942089
5654.000000,5199.942089
5656.000000,5199.942089
5658.000000,5199.942089
5660.000000,5199.942089
5662.000000,5199.942089
5664.000000,5199.942089
5666.000000,5199.942089
5668.000000,5199.942089
5670.000000,5199.942089
5672.000000,5199.942089
5674.000000,5199.942089
5676.000000,5199.942089
5678.000000,5199.942089
5680.000000,5199.942089
5682.000000,5199.942089
5684.000000,5199.942089
5686.000000,5199.942089
5688.000000,5199.942089
5690.000000,5199.942089
5692.000000,5199.942089
5694.000000,5199.942089
5696.000000,5199.942089
5698.000000,5199.942089
5700.000000,5199.942089
5702.000000,5199.942089
5704.000000,5199.942089
5706.000000,5199.942089
5708.000000,5199.942089
5710.000000,5199.942089
5712.000000,5199.942089
5714.000000,5199.942089
5716.000000,5199.942089
5718.000000,5199.942089
5720.000000,5199.942089
5722.000000,5199.942089
5724.000000,5199.942089
5726.000000,5199.942089
5728.000000,5199.942089
5730.000000,5199.942089
5732.000000,5199.942089
5734.000000,5199.942089
5736.000000,5199.942089
5738.000000,5199.942089
5740.000000,5199.942089
5742.000000,5199.942089
5744.000000,5199.942089
5746.000000,5199.942089
5748.000000,5199.942089
5750.000000,5199.942089
5752.000000,5199.942089
5754.000000,5199.942089
5756.000000,5199.942089
5758.000000,5199.942089
5760.000000,5199.942089
5762.000000,5199.942089
5764.000000,5199.942089
5766.000000,5199.942089
5768.000000,5199.942089
5770.000000,5199.942089
5772.000000,5199.942089
5774.000000,5199.942089
5776.000000,5199.942089
5778.000000,5199.942089
5780.000000,5199.942089
5782.000000,5199.942089
5784.000000,5199.942089
5786.000000,5199.942089
5788.000000,5199.942089
5790.000000,5199.942089
5792.000000,5199.942089
5794.000000,5199.942089
5796.000000,5199.942089
5798.000000,5199.942089
5800.000000,5199.942089
5802.000000,5199.942089
5804.000000,5199.942089
5806.000000,5199.942089
5808.000000,5199.942089
5810.000000,5199.942089
5812.000000,5199.942089
5814.000000,5199.942089
5816.000000,5199.942089
5818.000000,5199.942089
5820.000000,5199.942089
5822.000000,5199.942089
5824.000000,5199.942089
5826.000000,5199.942089
5828.000000,5199.942089
5830.000000,5199.942089
5832.000000,5199.942089
5834.000000,5199.942089
5836.000000,5199.942089
5838.000000,5199.942089
5840.000000,5199.942089
5842.000000,5199.942089
5844.000000,5199.942089
5846.000000,5199.942089
5848.000000,5199.942089
5850.000000,5199.942089
5852.000000,5199.942089
5854.000000,5199.942089
5856.000000,5199.942089
5858.000000,5199.942089
5860.000000,5199.942089
5862.000000,5199.942089
5864.000000,5199.942089
5866.000000,5199.942089
5868.000000,5199.942089
5870.000000,5199.942089
5872.000000,5199.942089
5874.000000,5199.942089
5876.000000,5199.942089
5878.000000,5199.942089
5880.000000,5199.942089
5882.000000,5199.942089
5884.000000,5199.942089
5886.000000,5199.942089
5888.000000,5199.942089
5890.000000,5199.942089
5892.000000,5199.942089
5894.000000,5199.942089
5896.000000,5199.942089
5898.000000,5199.942089
5900.000000,5199.942089
5902.000000,5199.942089
5904.000000,5199.942089
5906.000000,5199.942089
5908.000000,5199.942089
5910.000000,5199.942089
5912.000000,5199.942089
5914.000000,5199.942089
5916.000000,5199.942089
5918.000000,5199.942089
5920.000000,5199.942089
5922.000000,5199.942089
5924.000000,5199.942089
5926.000000,5199.942089
5928.000000,5199.942089
5930.000000,5199.942089
5932.000000,5199.942089
5934.000000,5199.942089
5936.000000,5199.942089
5938.000000,5199.942089
5940.000000,5199.942089
5942.000000,5199.942089
5944.000000,5199.942089
5946.000000,5199.942089
5948.000000,5199.942089
5950.000000,5199.942089
5952.000000,5199.942089
5954.000000,5199.942089
5956.000000,5199.942089
5958.000000,5199.942089
5960.000000,5199.942089
5962.000000,5199.942089
5964.000000,5199.942089
5966.000000,5199.942089
5968.000000,5199.942089
5970.000000,5199.942089
5972.000000,5199.942089
5974.000000,5199.942089
5976.000000,5199.942089
5978.000000,5199.942089
5980.000000,5199.942089
5982.000000,5199.942089
5984.000000,5199.942089
5986.000000,5199.942089
5988.000000,5199.942089
5990.000000,5199.942089
5992.000000,5199.942089
5994.000000,5199.942089
5996.000000,5199.942089
5998.000000,5199.942089
6000.000000,5199.942089
6002.000000,5199.942089
6004.000000,5199.942089
6006.000000,5199.942089
6008.000000,5199.942035
6010.000000,5199.941902
6012.000000,5199.941617
6014.000000,5199.941104
6016.000000,5199.940292
6018.000000,5199.938997
6020.000000,5199.937143
6022.000000,5199.934446
6024.000000,5199.930793
6026.000000,5199.925909
6028.000000,5199.919524
6030.000000,5199.911482
6032.000000,5199.901176
6034.000000,5199.888617
6036.000000,5199.873258
6038.000000,5199.854712
6040.000000,5199.832868
6042.000000,5199.806722
6044.000000,5199.776456
6046.000000,5199.741295
6048.000000,5199.700780
6050.000000,5199.654870
6052.000000,5199.602147
6054.000000,5199.543082
6056.000000,5199.476685
6058.000000,5199.402399
6060.000000,5199.320396
6062.000000,5199.228785
6064.000000,5199.128455
6066.000000,5199.018163
6068.000000,5198.897369
6070.000000,5198.766409
6072.000000,5198.623033
6074.000000,5198.468518
6076.000000,5198.301440
6078.000000,5198.121277
6080.000000,5197.928609
6082.000000,5197.720819
6084.000000,5197.499587
6086.000000,5197.263381
6088.000000,5197.011720
6090.000000,5196.745401
6092.000000,5196.461498
6094.000000,5196.162131
6096.000000,5195.845621
6098.000000,5195.511558
6100.000000,5195.160982
6102.000000,5194.790736
6104.000000,5194.403261
6106.000000,5193.996858
6108.000000,5193.571167
6110.000000,5193.127418
6112.000000,5192.662278
6114.000000,5192.178536
6116.000000,5191.674413
6118.000000,5191.149639
6120.000000,5190.605626
6122.000000,5190.038894
6124.000000,5189.452507
6126.000000,5188.844671
6128.000000,5188.215183
6130.000000,5187.565579
6132.000000,5186.892321
6134.000000,5186.198681
6136.000000,5185.482833
6138.000000,5184.744670
6140.000000,5183.985806
6142.000000,5183.202694
6144.000000,5182.398746
6146.000000,5181.572124
6148.000000,5180.722777
6150.000000,5179.852419
6152.000000,5178.957477
6154.000000,5178.041438
6156.000000,5177.102518
6158.000000,5176.140688
6160.000000,5175.157703
6162.000000,5174.150021
6164.000000,5173.121155
6166.000000,5172.069362
6168.000000,5170.994626
6170.000000,5169.898735
6172.000000,5168.778153
6174.000000,5167.636444
6176.000000,5166.471847
6178.000000,5165.284381
6180.000000,5164.075827
6182.000000,5162.842697
6184.000000,5161.588525
6186.000000,5160.311573
6188.000000,5159.011872
6190.000000,5157.691201
6192.000000,5156.346061
6194.000000,5154.980002
6196.000000,5153.591278
6198.000000,5152.179930
6200.000000,5150.747695
6202.000000,5149.291136
6204.000000,5147.813732
6206.000000,5146.313761
6208.000000,5144.791242
6210.000000,5143.247924
6212.000000,5141.680340
6214.000000,5140.091964
6216.000000,5138.481068
6218.000000,5136.847655
6220.000000,5135.193461
6222.000000,5133.515004
6224.000000,5131.815759
6226.000000,5130.093969
6228.000000,5128.349636
6230.000000,5126.584474
6232.000000,5124.794997
6234.000000,5122.984658
6236.000000,5121.151699
6238.000000,5119.296094
6240.000000,5117.419560
6242.000000,5115.518590
6244.000000,5113.596631
6246.000000,5111.651912
6248.000000,5109.684394
6250.000000,5107.695807
6252.000000,5105.682588
6254.000000,5103.648225
6256.000000,5101.590914
6258.000000,5099.510612
6260.000000,5097.409051
6262.000000,5095.282653
6264.000000,5093.134914
6266.000000,5090.964016
6268.000000,5088.769925
6270.000000,5086.554375
6272.000000,5084.313755
6274.000000,5082.051602
6276.000000,5079.766083
6278.000000,5077.457161
6280.000000,5075.126599
6282.000000,5072.770752
6284.000000,5070.393199
6286.000000,5067.992099
6288.000000,5065.567415
6290.000000,5063.120949
6292.000000,5060.649025
6294.000000,5058.155266
6296.000000,5055.637830
6298.000000,5053.096701
6300.000000,5050.533690
6302.000000,5047.945131
6304.000000,5045.334677
6306.000000,5042.700494
6308.000000,5040.042589
6310.000000,5037.362789
6312.000000,5034.657456
6314.000000,5031.930252
6316.000000,5029.179372
6318.000000,5026.404847
6320.000000,5023.608514
6322.000000,5020.786787
6324.000000,5017.943323
6326.000000,5015.076359
6328.000000,5012.185950
6330.000000,5009.273947
6332.000000,5006.336818
6334.000000,5003.378219
6336.000000,5000.396430
6338.000000,4997.391536
6340.000000,4994.365387
6342.000000,4991.314544
6344.000000,4988.242633
6346.000000,4985.147990
6348.000000,4982.030733
6350.000000,4978.892704
6352.000000,4975.730577
6354.000000,4972.547921
6356.000000,4969.343147
6358.000000,4966.116406
6360.000000,4962.869519
6362.000000,4959.599294
6364.000000,4956.309221
6366.000000,4952.997798
6368.000000,4949.665210
6370.000000,4946.313237
6372.000000,4942.938850
6374.000000,4939.545435
6376.000000,4936.131588
6378.000000,4932.697521
6380.000000,4929.244969
6382.000000,4925.771081
6384.000000,4922.279116
6386.000000,4918.767778
6388.000000,4915.237300
6390.000000,4911.689358
6392.000000,4908.121305
6394.000000,4904.536246
6396.000000,4900.932992
6398.000000,4897.311809
6400.000000,4893.674290
6402.000000,4890.018011
6404.000000,4886.345898
6406.000000,4882.656881
6408.000000,4878.951243
6410.000000,4875.230502
6412.000000,4871.492444
6414.000000,4867.739810
6416.000000,4863.971652
6418.000000,4860.188268
6420.000000,4856.391075
6422.000000,4852.578095
6424.000000,4848.751863
6426.000000,4844.911547
6428.000000,4841.057460
6430.000000,4837.190913
6432.000000,4833.310164
6434.000000,4829.417529
6436.000000,4825.512293
6438.000000,4821.594777
6440.000000,4817.666181
6442.000000,4813.724997
6444.000000,4809.773311
6446.000000,4805.810528
6448.000000,4801.836965
6450.000000,4797.853709
6452.000000,4793.859478
6454.000000,4789.856131
6456.000000,4785.843181
6458.000000,4781.820941
6460.000000,4777.790379
6462.000000,4773.750440
6464.000000,4769.702740
6466.000000,4765.646900
6468.000000,4761.583228
6470.000000,4757.512569
6472.000000,4753.434078
6474.000000,4749.349142
6476.000000,4745.257481
6478.000000,4741.159386
6480.000000,4737.055584
6482.000000,4732.945426
6484.000000,4728.830074
6486.000000,4724.709340
6488.000000,4720.583497
6490.000000,4716.453153
6492.000000,4712.317842
6494.000000,4708.178507
6496.000000,4704.035042
6498.000000,4699.887700
6500.000000,4695.736975
6502.000000,4691.582568
6504.000000,4687.425218
6506.000000,4683.264890
6508.000000,4679.101810
6510.000000,4674.936371
6512.000000,4670.768416
6514.000000,4666.598496
6516.000000,4662.426634
6518.000000,4658.253031
6520.000000,4654.077984
6522.000000,4649.901459
6524.000000,4645.723834
6526.000000,4641.545183
6528.000000,4637.365680
6530.000000,4633.185532
6532.000000,4629.004805
6534.000000,4624.823732
6536.000000,4620.642419
6538.000000,4616.461015
6540.000000,4612.279647
6542.000000,4608.098468
6544.000000,4603.917572
6546.000000,4599.737097
6548.000000,4595.557165
6550.000000,4591.377833
6552.000000,4587.199317
6554.000000,4583.021602
6556.000000,4578.844844
6558.000000,4574.669138
6560.000000,4570.494480
6562.000000,4566.321136
6564.000000,4562.148994
6566.000000,4557.978223
6568.000000,4553.808893
6570.000000,4549.640949
6572.000000,4545.474687
6574.000000,4541.309919
6576.000000,4537.146819
6578.000000,4532.985433
6580.000000,4528.825667
6582.000000,4524.667834
6584.000000,4520.511688
6586.000000,4516.357403
6588.000000,4512.205004
6590.000000,4508.054367
6592.000000,4503.905806
6594.000000,4499.759040
6596.000000,4495.614230
6598.000000,4491.471385
6600.000000,4487.330357
6602.000000,4483.191452
6604.000000,4479.054367
6606.000000,4474.919248
6608.000000,4470.786090
6610.000000,4466.654731
6612.000000,4462.525464
6614.000000,4458.397970
6616.000000,4454.272387
6618.000000,4450.148696
6620.000000,4446.026730
6622.000000,4441.906751
6624.000000,4437.788451
6626.000000,4433.671945
6628.000000,4429.557202
6630.000000,4425.444061
6632.000000,4421.332753
6634.000000,4417.222984
6636.000000,4413.114852
6638.000000,4409.008315
6640.000000,4404.903225
6642.000000,4400.799777
6644.000000,4396.697699
6646.000000,4392.597067
6648.000000,4388.497840
6650.000000,4384.399875
6652.000000,4380.303334
6654.000000,4376.207976
6656.000000,4372.113863
6658.000000,4368.020949
6660.000000,4363.929105
6662.000000,4359.838462
6664.000000,4355.748807
6666.000000,4351.660184
6668.000000,4347.572550
6670.000000,4343.485792
6672.000000,4339.400013
6674.000000,4335.315037
6676.000000,4331.230886
6678.000000,4327.147523
6680.000000,4323.064854
6682.000000,4318.982951
6684.000000,4314.901673
6686.000000,4310.821041
6688.000000,4306.741014
6690.000000,4302.661518
6692.000000,4298.582604
6694.000000,4294.504159
6696.000000,4290.426192
6698.000000,4286.348679
6700.000000,4282.271559
6702.000000,4278.194867
6704.000000,4274.118516
6706.000000,4270.042511
6708.000000,4265.966833
6710.000000,4261.891442
6712.000000,4257.816365
6714.000000,4253.741536
6716.000000,4249.666965
6718.000000,4245.592636
6720.000000,4241.518518
6722.000000,4237.444641
6724.000000,4233.370961
6726.000000,4229.297486
6728.000000,4225.224210
6730.000000,4221.151112
6732.000000,4217.078220
6734.000000,4213.005509
6736.000000,4208.932995
6738.000000,4204.860677
6740.000000,4200.788545
6742.000000,4196.716636
6744.000000,4192.644928
6746.000000,4188.573447
6748.000000,4184.502209
6750.000000,4180.431204
6752.000000,4176.360484
6754.000000,4172.290026
6756.000000,4168.219871
6758.000000,4164.150042
6760.000000,4160.080532
6762.000000,4156.011417
6764.000000,4151.942663
6766.000000,4147.874326
6768.000000,4143.806435
6770.000000,4139.738987
6772.000000,4135.672083
6774.000000,4131.605676
6776.000000,4127.539835
6778.000000,4123.474600
6780.000000,4119.409955
6782.000000,4115.346045
6784.000000,4111.282794
6786.000000,4107.220295
6788.000000,4103.158589
6790.000000,4099.097650
6792.000000,4095.037664
6794.000000,4090.978526
6796.000000,4086.920351
6798.000000,4082.863182
6800.000000,4078.806984
6802.000000,4074.751977
6804.000000,4070.698031
6806.000000,4066.645278
6808.000000,4062.593766
6810.000000,4058.543445
6812.000000,4054.494578
6814.000000,4050.446996
6816.000000,4046.400854
6818.000000,4042.356203
6820.000000,4038.312980
6822.000000,4034.271478
6824.000000,4030.231494
6826.000000,4026.193205
6828.000000,4022.156666
6830.000000,4018.121794
6832.000000,4014.088913
6834.000000,4010.057789
6836.000000,4006.028616
6838.000000,4002.001457
6840.000000,3997.976194
6842.000000,3993.953197
6844.000000,3989.932196
6846.000000,3985.913408
6848.000000,3981.896878
6850.000000,3977.882472
6852.000000,3973.870608
6854.000000,3969.860968
6856.000000,3965.853774
6858.000000,3961.849079
6860.000000,3957.846739
6862.000000,3953.847185
6864.000000,3949.850061
6866.000000,3945.855626
6868.000000,3941.863915
6870.000000,3937.874754
6872.000000,3933.888629
6874.000000,3929.905136
6876.000000,3925.924530
6878.000000,3921.946867
6880.000000,3917.971941
6882.000000,3914.000250
6884.000000,3910.031379
6886.000000,3906.065578
6888.000000,3902.102893
6890.000000,3898.143114
6892.000000,3894.186747
6894.000000,3890.233353
6896.000000,3886.283191
6898.000000,3882.336297
6900.000000,3878.392451
6902.000000,3874.452175
6904.000000,3870.514998
6906.000000,3866.581185
6908.000000,3862.650773
6910.000000,3858.723513
6912.000000,3854.799952
6914.000000,3850.879587
6916.000000,3846.962692
6918.000000,3843.049293
6920.000000,3839.139125
6922.000000,3835.232756
6924.000000,3831.329641
6926.000000,3827.430083
6928.000000,3823.534074
6930.000000,3819.641362
6932.000000,3815.752495
6934.000000,3811.866939
6936.000000,3807.984967
6938.000000,3804.106589
6940.000000,3800.231532
6942.000000,3796.360349
6944.000000,3792.492494
6946.000000,3788.628235
6948.000000,3784.767587
6950.000000,3780.910251
6952.000000,3777.056798
6954.000000,3773.206656
6956.000000,3769.360101
6958.000000,3765.517135
6960.000000,3761.677461
6962.000000,3757.841635
6964.000000,3754.009092
6966.000000,3750.180096
6968.000000,3746.354643
6970.000000,3742.532446
6972.000000,3738.714035
6974.000000,3734.898863
6976.000000,3731.087183
6978.000000,3727.278979
6980.000000,3723.473978
6982.000000,3719.672685
6984.000000,3715.874560
6986.000000,3712.079856
6988.000000,3708.288548
6990.000000,3704.500359
6992.000000,3700.715791
6994.000000,3696.934310
6996.000000,3693.156151
6998.000000,3689.381294
7000.000000,3685.609471
7002.000000,3681.841168
7004.000000,3678.075856
7006.000000,3674.313769
7008.000000,3670.554887
7010.000000,3666.798945
7012.000000,3663.046406
7014.000000,3659.296764
7016.000000,3655.550245
7018.000000,3651.806824
7020.000000,3648.066243
7022.000000,3644.328950
7024.000000,3640.594456
7026.000000,3636.862978
7028.000000,3633.134488
7030.000000,3629.408742
7032.000000,3625.686170
7034.000000,3621.966303
7036.000000,3618.249344
7038.000000,3614.535271
7040.000000,3610.823843
7042.000000,3607.115494
7044.000000,3603.409753
7046.000000,3599.706822
7048.000000,3596.006683
7050.000000,3592.309113
7052.000000,3588.614505
7054.000000,3584.922430
7056.000000,3581.233085
7058.000000,3577.546448
7060.000000,3573.862294
7062.000000,3570.181030
7064.000000,3566.502226
7066.000000,3562.826068
7068.000000,3559.152549
7070.000000,3555.481457
7072.000000,3551.813170
7074.000000,3548.147291
7076.000000,3544.484002
7078.000000,3540.823294
7080.000000,3537.164967
7082.000000,3533.509398
7084.000000,3529.856193
7086.000000,3526.205545
7088.000000,3522.557437
7090.000000,3518.911685
7092.000000,3515.268662
7094.000000,3511.627977
7096.000000,3507.989830
7098.000000,3504.354206
7100.000000,3500.720923
7102.000000,3497.090359
7104.000000,3493.462129
7106.000000,3489.836435
7108.000000,3486.213264
7110.000000,3482.592446
7112.000000,3478.974354
7114.000000,3475.358617
7116.000000,3471.745431
7118.000000,3468.134801
7120.000000,3464.526543
7122.000000,3460.921048
7124.000000,3457.317948
7126.000000,3453.717426
7128.000000,3450.119521
7130.000000,3446.524014
7132.000000,3442.931349
7134.000000,3439.341105
7136.000000,3435.753523
7138.000000,3432.168596
7140.000000,3428.586150
7142.000000,3425.006595
7144.000000,3421.429556
7146.000000,3417.855230
7148.000000,3414.283662
7150.000000,3410.714635
7152.000000,3407.148607
7154.000000,3403.585163
7156.000000,3400.024536
7158.000000,3396.466753
7160.000000,3392.911602
7162.000000,3389.359567
7164.000000,3385.810202
7166.000000,3382.263770
7168.000000,3378.720282
7170.000000,3375.179536
7172.000000,3371.642021
7174.000000,3368.107281
7176.000000,3364.575596
7178.000000,3361.046968
7180.000000,3357.521191
7182.000000,3353.998779
7184.000000,3350.479255
7186.000000,3346.962901
7188.000000,3343.449741
7190.000000,3339.939537
7192.000000,3336.432836
7194.000000,3332.929148
7196.000000,3329.428744
7198.000000,3325.931673
7200.000000,3322.437685
7202.000000,3318.947316
7204.000000,3315.460093
7206.000000,3311.976291
7208.000000,3308.495929
7210.000000,3305.018771
7212.000000,3301.545391
7214.000000,3298.075256
7216.000000,3294.608661
7218.000000,3291.145647
7220.000000,3287.685954
7222.000000,3284.230152
7224.000000,3280.777711
7226.000000,3277.328943
7228.000000,3273.883872
7230.000000,3270.442222
7232.000000,3267.004591
7234.000000,3263.570428
7236.000000,3260.140053
7238.000000,3256.713476
7240.000000,3253.290421
7242.000000,3249.871498
7244.000000,3246.456133
7246.000000,3243.044650
7248.000000,3239.637067
7250.000000,3236.233092
7252.000000,3232.833345
7254.000000,3229.437238
7256.000000,3226.045089
7258.000000,3222.656916
7260.000000,3219.272423
7262.000000,3215.892250
7264.000000,3212.515787
7266.000000,3209.143350
7268.000000,3205.774953
7270.000000,3202.410295
7272.000000,3199.050011
7274.000000,3195.693481
7276.000000,3192.341031
7278.000000,3188.992664
7280.000000,3185.648076
7282.000000,3182.307901
7284.000000,3178.971513
7286.000000,3175.639229
7288.000000,3172.311058
7290.000000,3168.986682
7292.000000,3165.666738
7294.000000,3162.350593
7296.000000,3159.038563
7298.000000,3155.730650
7300.000000,3152.426535
7302.000000,3149.126846
7304.000000,3145.830950
7306.000000,3142.539157
7308.000000,3139.251463
7310.000000,3135.967549
7312.000000,3132.688035
7314.000000,3129.412289
7316.000000,3126.140621
7318.000000,3122.873017
7320.000000,3119.609154
7322.000000,3116.349642
7324.000000,3113.093851
7326.000000,3109.842078
7328.000000,3106.594309
7330.000000,3103.350237
7332.000000,3100.110454
7334.000000,3096.874330
7336.000000,3093.642151
7338.000000,3090.413903
7340.000000,3087.189269
7342.000000,3083.968851
7344.000000,3080.752012
7346.000000,3077.539033
7348.000000,3074.329893
7350.000000,3071.124293
7352.000000,3067.922796
7354.000000,3064.724789
7356.000000,3061.530538
7358.000000,3058.340035
7360.000000,3055.152976
7362.000000,3051.969891
7364.000000,3048.790191
7366.000000,3045.614161
7368.000000,3042.441753
7370.000000,3039.272665
7372.000000,3036.107441
7374.000000,3032.945503
7376.000000,3029.787086
7378.000000,3026.632180
7380.000000,3023.480498
7382.000000,3020.332524
7384.000000,3017.187727
7386.000000,3014.046340
7388.000000,3010.908322
7390.000000,3007.773415
7392.000000,3004.642090
7394.000000,3001.513804
7396.000000,2998.388818
7398.000000,2995.267069
7400.000000,2992.148310
7402.000000,2989.033000
7404.000000,2985.920613
7406.000000,2982.811398
7408.000000,2979.705294
7410.000000,2976.602069
7412.000000,2973.502150
7414.000000,2970.405055
7416.000000,2967.310995
7418.000000,2964.219932
7420.000000,2961.131643
7422.000000,2958.046529
7424.000000,2954.964143
7426.000000,2951.884663
7428.000000,2948.808094
7430.000000,2945.734162
7432.000000,2942.663330
7434.000000,2939.595097
7436.000000,2936.529698
7438.000000,2933.467082
7440.000000,2930.407046
7442.000000,2927.349971
7444.000000,2924.295442
7446.000000,2921.243632
7448.000000,2918.194546
7450.000000,2915.147941
7452.000000,2912.104234
7454.000000,2909.062988
7456.000000,2906.024397
7458.000000,2902.988458
7460.000000,2899.954939
7462.000000,2896.924263
7464.000000,2893.895980
7466.000000,2890.870318
7468.000000,2887.847241
7470.000000,2884.826554
7472.000000,2881.808656
7474.000000,2878.793120
7476.000000,2875.780174
7478.000000,2872.769783
7480.000000,2869.761759
7482.000000,2866.756504
7484.000000,2863.753596
7486.000000,2860.753259
7488.000000,2857.755480
7490.000000,2854.760052
7492.000000,2851.767401
7494.000000,2848.777110
7496.000000,2845.789379
7498.000000,2842.804234
7500.000000,2839.821463
7502.000000,2836.841471
7504.000000,2833.863876
7506.000000,2830.888877
7508.000000,2827.916483
7510.000000,2824.946507
7512.000000,2821.979357
7514.000000,2819.014634
7516.000000,2816.052572
7518.000000,2813.093172
7520.000000,2810.136235
7522.000000,2807.182194
7524.000000,2804.230652
7526.000000,2801.281825
7528.000000,2798.335728
7530.000000,2795.392174
7532.000000,2792.451604
7534.000000,2789.513606
7536.000000,2786.578410
7538.000000,2783.646039
7540.000000,2780.716297
7542.000000,2777.789631
7544.000000,2774.865628
7546.000000,2771.944533
7548.000000,2769.026370
7550.000000,2766.110930
7552.000000,2763.198679
7554.000000,2760.289195
7556.000000,2757.382730
7558.000000,2754.479313
7560.000000,2751.578723
7562.000000,2748.681450
7564.000000,2745.787053
7566.000000,2742.895794
7568.000000,2740.007696
7570.000000,2737.122536
7572.000000,2734.240834
7574.000000,2731.362122
7576.000000,2728.486667
7578.000000,2725.614492
7580.000000,2722.745378
7582.000000,2719.879856
7584.000000,2717.017429
7586.000000,2714.158381
7588.000000,2711.302754
7590.000000,2708.450285
7592.000000,2705.601532
7594.000000,2702.755996
7596.000000,2699.913956
7598.000000,2697.075438
7600.000000,2694.240199
7602.000000,2691.408792
7604.000000,2688.580698
7606.000000,2685.756220
7608.000000,2682.935357
7610.000000,2680.117869
7612.000000,2677.304333
7614.000000,2674.494184
7616.000000,2671.687755
7618.000000,2668.885031
7620.000000,2666.085762
7622.000000,2663.290530
7624.000000,2660.498764
7626.000000,2657.710788
7628.000000,2654.926587
7630.000000,2652.145908
7632.000000,2649.369319
7634.000000,2646.596267
7636.000000,2643.827038
7638.000000,2641.061647
7640.000000,2638.299802
7642.000000,2635.542099
7644.000000,2632.787951
7646.000000,2630.037656
7648.000000,2627.291210
7650.000000,2624.548331
7652.000000,2621.809590
7654.000000,2619.074417
7656.000000,2616.343075
7658.000000,2613.615590
7660.000000,2610.891625
7662.000000,2608.171804
7664.000000,2605.455489
7666.000000,2602.742987
7668.000000,2600.034281
7670.000000,2597.329047
7672.000000,2594.627894
7674.000000,2591.930179
7676.000000,2589.236198
7678.000000,2586.545931
7680.000000,2583.859051
7682.000000,2581.176137
7684.000000,2578.496574
7686.000000,2575.820609
7688.000000,2573.148251
7690.000000,2570.479162
7692.000000,2567.813858
7694.000000,2565.151791
7696.000000,2562.493172
7698.000000,2559.837959
7700.000000,2557.185882
7702.000000,2554.537404
7704.000000,2551.891956
7706.000000,2549.249768
7708.000000,2546.610802
7710.000000,2543.974751
7712.000000,2541.342043
7714.000000,2538.712176
7716.000000,2536.085332
7718.000000,2533.461437
7720.000000,2530.840219
7722.000000,2528.222082
7724.000000,2525.606524
7726.000000,2522.993695
7728.000000,2520.383526
7730.000000,2517.775762
7732.000000,2515.170759
7734.000000,2512.568033
7736.000000,2509.967711
7738.000000,2507.369720
7740.000000,2504.773825
7742.000000,2502.180316
7744.000000,2499.588760
7746.000000,2496.999247
7748.000000,2494.411702
7750.000000,2491.825904
7752.000000,2489.242067
7754.000000,2486.659835
7756.000000,2484.079255
7758.000000,2481.500234
7760.000000,2478.922585
7762.000000,2476.346434
7764.000000,2473.771491
7766.000000,2471.197785
7768.000000,2468.625204
7770.000000,2466.053581
7772.000000,2463.482974
7774.000000,2460.913149
7776.000000,2458.344083
7778.000000,2455.775678
7780.000000,2453.207811
7782.000000,2450.640447
7784.000000,2448.073416
7786.000000,2445.506656
7788.000000,2442.940061
7790.000000,2440.373531
7792.000000,2437.806966
7794.000000,2435.240284
7796.000000,2432.673365
7798.000000,2430.106098
7800.000000,2427.538415
7802.000000,2424.970132
7804.000000,2422.401231
7806.000000,2419.831559
7808.000000,2417.261019
7810.000000,2414.689574
7812.000000,2412.116944
7814.000000,2409.543192
7816.000000,2406.968121
7818.000000,2404.391615
7820.000000,2401.813688
7822.000000,2399.233999
7824.000000,2396.652672
7826.000000,2394.069464
7828.000000,2391.484256
7830.000000,2388.897106
7832.000000,2386.307567
7834.000000,2383.715884
7836.000000,2381.121754
7838.000000,2378.525054
7840.000000,2375.925881
7842.000000,2373.323699
7844.000000,2370.718847
7846.000000,2368.110972
7848.000000,2365.499946
7850.000000,2362.885914
7852.000000,2360.268261
7854.000000,2357.647398
7856.000000,2355.022924
7858.000000,2352.394720
7860.000000,2349.762988
7862.000000,2347.127011
7864.000000,2344.487265
7866.000000,2341.843321
7868.000000,2339.195097
7870.000000,2336.542795
7872.000000,2333.885590
7874.000000,2331.224098
7876.000000,2328.557848
7878.000000,2325.886689
7880.000000,2323.210925
7882.000000,2320.529653
7884.000000,2317.843523
7886.000000,2315.152055
7888.000000,2312.455106
7890.000000,2309.752986
7892.000000,2307.044744
7894.000000,2304.331097
7896.000000,2301.611525
7898.000000,2298.885878
7900.000000,2296.154536
7902.000000,2293.416414
7904.000000,2290.672358
7906.000000,2287.921788
7908.000000,2285.164544
7910.000000,2282.401077
7912.000000,2279.630175
7914.000000,2276.852811
7916.000000,2274.068324
7918.000000,2271.276589
7920.000000,2268.478075
7922.000000,2265.671490
7924.000000,2262.857901
7926.000000,2260.036591
7928.000000,2257.207440
7930.000000,2254.370960
7932.000000,2251.525770
7934.000000,2248.673017
7936.000000,2245.811955
7938.000000,2242.942449
7940.000000,2240.065042
7942.000000,2237.178302
7944.000000,2234.283440
7946.000000,2231.379656
7948.000000,2228.466817
7950.000000,2225.545523
7952.000000,2222.614249
7954.000000,2219.674285
7956.000000,2216.724786
7958.000000,2213.765633
7960.000000,2210.797474
7962.000000,2207.818650
7964.000000,2204.830575
7966.000000,2201.832382
7968.000000,2198.823911
7970.000000,2195.805870
7972.000000,2192.776522
7974.000000,2189.737350
7976.000000,2186.687452
7978.000000,2183.626662
7980.000000,2180.555755
7982.000000,2177.472858
7984.000000,2174.379613
7986.000000,2171.274999
7988.000000,2168.158923
7990.000000,2165.032152
7992.000000,2161.892752
7994.000000,2158.742451
7996.000000,2155.580198
7998.000000,2152.405868
8000.000000,2149.220322
8002.000000,2146.021537
8004.000000,2142.811287
8006.000000,2139.588516
8008.000000,2136.353124
8010.000000,2133.105988
8012.000000,2129.845014
8014.000000,2126.572077
8016.000000,2123.286085
8018.000000,2119.986922
8020.000000,2116.675863
8022.000000,2113.344619
8024.000000,2110.010674
8026.000000,2106.658991
8028.000000,2103.289361
8030.000000,2099.916695
8032.000000,2096.520596
8034.000000,2093.114123
8036.000000,2089.697985
8038.000000,2086.259785
8040.000000,2082.816354
8042.000000,2079.353499
8044.000000,2075.873802
8046.000000,2072.389585
8048.000000,2068.881080
8050.000000,2065.366110
8052.000000,2061.832929
8054.000000,2058.281124
8056.000000,2054.725309
8058.000000,2051.144849
8060.000000,2047.557641
8062.000000,2043.950665
8064.000000,2040.327921
8066.000000,2036.697078
8068.000000,2033.043090
8070.000000,2029.383017
8072.000000,2025.698880
8074.000000,2022.006433
8076.000000,2018.297237
8078.000000,2014.569418
8080.000000,2010.834736
8082.000000,2007.075415
8084.000000,2003.309279
8086.000000,1999.518495
8088.000000,1995.723040
8090.000000,1991.905631
8092.000000,1988.076081
8094.000000,1984.229527
8096.000000,1980.368487
8098.000000,1976.492183
8100.000000,1972.600365
8102.000000,1968.693996
8104.000000,1964.769554
8106.000000,1960.834978
8108.000000,1956.878379
8110.000000,1952.915210
8112.000000,1948.928357
8114.000000,1944.932426
8116.000000,1940.916553
8118.000000,1936.888957
8120.000000,1932.843191
8122.000000,1928.784870
8124.000000,1924.708727
8126.000000,1920.620302
8128.000000,1916.514262
8130.000000,1912.395429
8132.000000,1908.259970
8134.000000,1904.109334
8136.000000,1899.946011
8138.000000,1895.763805
8140.000000,1891.572522
8142.000000,1887.359421
8144.000000,1883.137165
8146.000000,1878.896743
8148.000000,1874.642481
8150.000000,1870.376317
8152.000000,1866.089938
8154.000000,1861.795724
8156.000000,1857.481351
8158.000000,1853.156426
8160.000000,1848.816431
8162.000000,1844.458615
8164.000000,1840.093132
8166.000000,1835.707814
8168.000000,1831.311815
8170.000000,1826.902193
8172.000000,1822.474883
8174.000000,1818.039035
8176.000000,1813.585887
8178.000000,1809.119683
8180.000000,1804.643579
8182.000000,1800.148724
8184.000000,1795.644101
8186.000000,1791.126031
8188.000000,1786.592488
8190.000000,1782.049901
8192.000000,1777.492012
8194.000000,1772.918952
8196.000000,1768.338703
8198.000000,1763.744564
8200.000000,1759.135816
8202.000000,1754.515395
8204.000000,1749.886638
8206.000000,1745.242566
8208.000000,1740.586562
8210.000000,1735.921161
8212.000000,1731.241161
8214.000000,1726.548621
8216.000000,1721.848285
8218.000000,1717.137600
8220.000000,1712.415152
8222.000000,1707.679659
8224.000000,1702.935106
8226.000000,1698.179908
8228.000000,1693.412983
8230.000000,1688.635782
8232.000000,1683.849934
8234.000000,1679.055242
8236.000000,1674.249248
8238.000000,1669.431755
8240.000000,1664.605372
8242.000000,1659.772274
8244.000000,1654.930548
8246.000000,1650.078008
8248.000000,1645.215279
8250.000000,1640.344949
8252.000000,1635.467549
8254.000000,1630.581711
8256.000000,1625.686560
8258.000000,1620.783468
8260.000000,1615.873936
8262.000000,1610.954849
8264.000000,1606.027503
8266.000000,1601.094404
8268.000000,1596.156328
8270.000000,1591.210095
8272.000000,1586.255423
8274.000000,1581.295967
8276.000000,1576.329750
8278.000000,1571.355711
8280.000000,1566.378077
8282.000000,1561.394074
8284.000000,1556.402236
8286.000000,1551.407710
8288.000000,1546.408222
8290.000000,1541.400998
8292.000000,1536.391258
8294.000000,1531.377232
8296.000000,1526.356112
8298.000000,1521.333518
8300.000000,1516.305811
8302.000000,1511.272517
8304.000000,1506.238902
8306.000000,1501.198518
8308.000000,1496.156852
8310.000000,1491.111482
8312.000000,1486.061670
8314.000000,1481.012141
8316.000000,1475.956256
8318.000000,1470.902197
8320.000000,1465.841926
8322.000000,1460.783471
8324.000000,1455.720225
8326.000000,1450.657702
8328.000000,1445.591959
8330.000000,1440.526512
8332.000000,1435.458717
8334.000000,1430.390904
8336.000000,1425.322124
8338.000000,1420.253087
8340.000000,1415.183526
8342.000000,1410.114475
8344.000000,1405.044047
8346.000000,1399.976448
8348.000000,1394.906375
8350.000000,1389.840334
8352.000000,1384.771535
8354.000000,1379.707113
8356.000000,1374.641625
8358.000000,1369.578325
8360.000000,1364.517640
8362.000000,1359.456350
8364.000000,1354.399847
8366.000000,1349.343199
8368.000000,1344.289471
8370.000000,1339.239758
8372.000000,1334.189742
8374.000000,1329.145470
8376.000000,1324.103639
8378.000000,1319.063116
8380.000000,1314.028271
8382.000000,1308.996570
8384.000000,1303.966685
8386.000000,1298.942787
8388.000000,1293.923071
8390.000000,1288.905634
8392.000000,1283.893299
8394.000000,1278.887295
8396.000000,1273.884599
8398.000000,1268.885545
8400.000000,1263.893112
8402.000000,1258.906803
8404.000000,1253.924480
8406.000000,1248.946754
8408.000000,1243.975585
8410.000000,1239.011339
8412.000000,1234.052691
8414.000000,1229.099110
8416.000000,1224.151263
8418.000000,1219.210680
8420.000000,1214.277509
8422.000000,1209.351065
8424.000000,1204.430615
8426.000000,1199.516876
8428.000000,1194.610077
8430.000000,1189.709866
8432.000000,1184.819185
8434.000000,1179.935605
8436.000000,1175.059550
8438.000000,1170.191210
8440.000000,1165.330142
8442.000000,1160.477731
8444.000000,1155.632886
8446.000000,1150.796371
8448.000000,1145.968356
8450.000000,1141.148316
8452.000000,1136.337747
8454.000000,1131.535422
8456.000000,1126.742146
8458.000000,1121.958041
8460.000000,1117.182504
8462.000000,1112.417083
8464.000000,1107.660433
8466.000000,1102.913369
8468.000000,1098.175980
8470.000000,1093.447587
8472.000000,1088.729795
8474.000000,1084.021175
8476.000000,1079.322569
8478.000000,1074.634052
8480.000000,1069.954906
8482.000000,1065.286759
8484.000000,1060.628101
8486.000000,1055.979785
8488.000000,1051.341949
8490.000000,1046.714740
8492.000000,1042.099346
8494.000000,1037.493736
8496.000000,1032.898765
8498.000000,1028.314483
8500.000000,1023.740104
8502.000000,1019.178060
8504.000000,1014.627265
8506.000000,1010.087340
8508.000000,1005.558299
8510.000000,1001.039323
8512.000000,996.533395
8514.000000,992.038656
8516.000000,987.554903
8518.000000,983.082139
8520.000000,978.620846
8522.000000,974.172675
8524.000000,969.734704
8526.000000,965.308030
8528.000000,960.894676
8530.000000,956.491844
8532.000000,952.101031
8534.000000,947.722609
8536.000000,943.355950
8538.000000,939.000682
8540.000000,934.657701
8542.000000,930.327311
8544.000000,926.007649
8546.000000,921.701631
8548.000000,917.406632
8550.000000,913.123830
8552.000000,908.854084
8554.000000,904.595256
8556.000000,900.349954
8558.000000,896.116045
8560.000000,891.894568
8562.000000,887.685494
8564.000000,883.489033
8566.000000,879.304238
8568.000000,875.132736
8570.000000,870.972226
8572.000000,866.825794
8574.000000,862.690491
8576.000000,858.568264
8578.000000,854.458105
8580.000000,850.360231
8582.000000,846.275277
8584.000000,842.202537
8586.000000,838.142121
8588.000000,834.094362
8590.000000,830.058668
8592.000000,826.036036
8594.000000,822.025552
8596.000000,818.027473
8598.000000,814.042043
8600.000000,810.068605
8602.000000,806.108260
8604.000000,802.159872
8606.000000,798.224208
8608.000000,794.300767
8610.000000,790.389114
8612.000000,786.491449
8614.000000,782.605102
8616.000000,778.731200
8618.000000,774.870039
8620.000000,771.020593
8622.000000,767.184182
8624.000000,763.359407
8626.000000,759.547357
8628.000000,755.747896
8630.000000,751.959889
8632.000000,748.184976
8634.000000,744.421498
8636.000000,740.670523
8638.000000,736.932099
8640.000000,733.205138
8642.000000,729.491031
8644.000000,725.788388
8646.000000,722.098191
8648.000000,718.420166
8650.000000,714.753190
8652.000000,711.099464
8654.000000,707.457221
8656.000000,703.826789
8658.000000,700.208466
8660.000000,696.601469
8662.000000,693.007068
8664.000000,689.423938
8666.000000,685.852809
8668.000000,682.293308
8670.000000,678.745120
8672.000000,675.209451
8674.000000,671.684694
8676.000000,668.171883
8678.000000,664.670472
8680.000000,661.180206
8682.000000,657.702113
8684.000000,654.234974
8686.000000,650.779285
8688.000000,647.335111
8690.000000,643.901628
8692.000000,640.480306
8694.000000,637.069630
8696.000000,633.670215
8698.000000,630.282102
8700.000000,626.904477
8702.000000,623.538713
8704.000000,620.183547
8706.000000,616.839150
8708.000000,613.506226
8710.000000,610.183103
8712.000000,606.872105
8714.000000,603.571105
8716.000000,600.280824
8718.000000,597.001695
8720.000000,593.732233
8722.000000,590.474424
8724.000000,587.226646
8726.000000,583.989186
8728.000000,580.762523
8730.000000,577.545669
8732.000000,574.339825
8734.000000,571.143703
8736.000000,567.958166
8738.000000,564.782748
8740.000000,561.616651
8742.000000,558.461936
8744.000000,555.316528
8746.000000,552.181095
8748.000000,549.055646
8750.000000,545.939674
8752.000000,542.834431
8754.000000,539.738235
8756.000000,536.651808
8758.000000,533.575152
8760.000000,530.507688
8762.000000,527.450654
8764.000000,524.402454
8766.000000,521.363789
8768.000000,518.334607
8770.000000,515.314141
8772.000000,512.303856
8774.000000,509.302327
8776.000000,506.310087
8778.000000,503.327067
8780.000000,500.352518
8782.000000,497.387794
8784.000000,494.431443
8786.000000,491.484118
8788.000000,488.545763
8790.000000,485.615641
8792.000000,482.695061
8794.000000,479.782605
8796.000000,476.878899
8798.000000,473.983881
8800.000000,471.096837
8802.000000,468.219031
8804.000000,465.349090
8806.000000,462.487618
8808.000000,459.634557
8810.000000,456.789208
8812.000000,453.952787
8814.000000,451.123960
8816.000000,448.303306
8818.000000,445.490762
8820.000000,442.685652
8822.000000,439.889152
8824.000000,437.100089
8826.000000,434.318965
8828.000000,431.545671
8830.000000,428.779552
8832.000000,426.021733
8834.000000,423.270967
8836.000000,420.527784
8838.000000,417.792312
8840.000000,415.063770
8842.000000,412.343206
8844.000000,409.629423
8846.000000,406.922933
8848.000000,404.223887
8850.000000,401.531527
8852.000000,398.846830
8854.000000,396.168650
8856.000000,393.497623
8858.000000,390.833651
8860.000000,388.176025
8862.000000,385.525765
8864.000000,382.881963
8866.000000,380.244919
8868.000000,377.614517
8870.000000,374.990392
8872.000000,372.373436
8874.000000,369.762453
8876.000000,367.158057
8878.000000,364.560164
8880.000000,361.968077
8882.000000,359.382939
8884.000000,356.803601
8886.000000,354.230422
8888.000000,351.663582
8890.000000,349.102321
8892.000000,346.547653
8894.000000,343.998609
8896.000000,341.455468
8898.000000,338.918380
8900.000000,336.386601
8902.000000,333.861211
8904.000000,331.341076
8906.000000,328.826693
8908.000000,326.317970
8910.000000,323.814436
8912.000000,321.316916
8914.000000,318.824464
8916.000000,316.337539
8918.000000,313.855989
8920.000000,311.379451
8922.000000,308.908590
8924.000000,306.442613
8926.000000,303.981842
8928.000000,301.526206
8930.000000,299.075336
8932.000000,296.629843
8934.000000,294.189046
8936.000000,291.753151
8938.000000,289.322218
8940.000000,286.895773
8942.000000,284.474486
8944.000000,282.057670
8946.000000,279.645502
8948.000000,277.238037
8950.000000,274.834827
8952.000000,272.436500
8954.000000,270.042385
8956.000000,267.652709
8958.000000,265.267455
8960.000000,262.886277
8962.000000,260.509716
8964.000000,258.137144
8966.000000,255.768829
8968.000000,253.404664
8970.000000,251.044323
8972.000000,248.688439
8974.000000,246.336251
8976.000000,243.988042
8978.000000,241.643797
8980.000000,239.303170
8982.000000,236.966654
8984.000000,234.633671
8986.000000,232.304476
8988.000000,229.979006
8990.000000,227.656928
8992.000000,225.338769
8994.000000,223.023925
8996.000000,220.712612
8998.000000,218.404773
9000.000000,216.100111
9002.000000,213.799134
9004.000000,211.501253
9006.000000,209.206670
9008.000000,206.915340
9010.000000,204.626997
9012.000000,202.342104
9014.000000,200.060108
9016.000000,197.781203
9018.000000,195.505349
9020.000000,193.232277
9022.000000,190.962384
9024.000000,188.695168
9026.000000,186.430826
9028.000000,184.169339
9030.000000,181.910415
9032.000000,179.654424
9034.000000,177.400939
9036.000000,175.150122
9038.000000,172.901911
9040.000000,170.656088
9042.000000,168.413029
9044.000000,166.172251
9046.000000,163.933911
9048.000000,161.697991
9050.000000,159.464253
9052.000000,157.232992
9054.000000,155.003844
9056.000000,152.776928
9058.000000,150.552199
9060.000000,148.329478
9062.000000,146.109020
9064.000000,143.890480
9066.000000,141.673997
9068.000000,139.459486
9070.000000,137.246787
9072.000000,135.036154
9074.000000,132.827214
9076.000000,130.620132
9078.000000,128.414816
9080.000000,126.211101
9082.000000,124.009244
9084.000000,121.808893
9086.000000,119.610194
9088.000000,117.413070
9090.000000,115.217370
9092.000000,113.023319
9094.000000,110.830595
9096.000000,108.639327
9098.000000,106.449420
9100.000000,104.260768
9102.000000,102.073513
9104.000000,99.887417
9106.000000,97.702554
9108.000000,95.518859
9110.000000,93.336234
9112.000000,91.154785
9114.000000,88.974331
9116.000000,86.794898
9118.000000,84.616461
9120.000000,82.438899
9122.000000,80.262316
9124.000000,78.086535
9126.000000,75.911579
9128.000000,73.737414
9130.000000,71.563935
9132.000000,69.391223
9134.000000,67.219120
9136.000000,65.047656
9138.000000,62.876773
9140.000000,60.706410
9142.000000,58.536590
9144.000000,56.367222
9146.000000,54.198282
9148.000000,52.029745
9150.000000,49.861532
9152.000000,47.693665
9154.000000,45.526046
9156.000000,43.358667
9158.000000,41.191483
9160.000000,39.024447
9162.000000,36.857535
9164.000000,34.690695
9166.000000,32.523899
9168.000000,30.357097
9170.000000,28.190269
9172.000000,26.023350
9174.000000,23.856327
9176.000000,21.689141
9178.000000,19.521760
9180.000000,17.354156
9182.000000,15.186255
9184.000000,13.018056
9186.000000,10.849498
9188.000000,8.680539
9190.000000,6.511174
9192.000000,4.341292
9194.000000,2.170927
9196.000000,0.000000
9198.000000,0.000000
9200.000000,0.000000
9202.000000,0.000000
9204.000000,0.000000
9206.000000,0.000000
9208.000000,0.000000
9210.000000,0.000000
9212.000000,0.000000
9214.000000,0.000000
9216.000000,0.000000
9218.000000,0.000000
9220.000000,0.000000
9222.000000,0.000000
9224.000000,0.000000
9226.000000,0.000000
9228.000000,0.000000
9230.000000,0.000000
9232.000000,0.000000
9234.000000,0.000000
9236.000000,0.000000
9238.000000,0.000000
9240.000000,0.000000
9242.000000,0.000000
9244.000000,0.000000
9246.000000,0.000000
9248.000000,0.000000
9250.000000,0.000000
9252.000000,0.000000
9254.000000,0.000000
9256.000000,0.000000
9258.000000,0.000000
9260.000000,0.000000
9262.000000,0.000000
9264.000000,0.000000
9266.000000,0.000000
9268.000000,0.000000
9270.000000,0.000000
9272.000000,0.000000
9274.000000,0.000000
9276.000000,0.000000
9278.000000,0.000000
9280.000000,0.000000
9282.000000,0.000000
9284.000000,0.000000
9286.000000,0.000000
9288.000000,0.000000
9290.000000,0.000000
9292.000000,0.000000
9294.000000,0.000000
9296.000000,0.000000
9298.000000,0.000000
9300.000000,0.000000
9302.000000,0.000000
9304.000000,0.000000
9306.000000,0.000000
9308.000000,0.000000
9310.000000,0.000000
9312.000000,0.000000
9314.000000,0.000000
9316.000000,0.000000
9318.000000,0.000000
9320.000000,0.000000
9322.000000,0.000000
9324.000000,0.000000
9326.000000,0.000000
9328.000000,0.000000
9330.000000,0.000000
9332.000000,0.000000
9334.000000,0.000000
9336.000000,0.000000
9338.000000,0.000000
9340.000000,0.000000
9342.000000,0.000000
9344.000000,0.000000
9346.000000,0.000000
9348.000000,0.000000
9350.000000,0.000000
9352.000000,0.000000
9354.000000,0.000000
9356.000000,0.000000
9358.000000,0.000000
9360.000000,0.000000
9362.000000,0.000000
9364.000000,0.000000
9366.000000,0.000000
9368.000000,0.000000
9370.000000,0.000000
9372.000000,0.000000
9374.000000,0.000000
9376.000000,0.000000
9378.000000,0.000000
9380.000000,0.000000
9382.000000,0.000000
9384.000000,0.000000
9386.000000,0.000000
9388.000000,0.000000
9390.000000,0.000000
9392.000000,0.000000
9394.000000,0.000000
9396.000000,0.000000
9398.000000,0.000000
9400.000000,0.000000
9402.000000,0.000000
9404.000000,0.000000
9406.000000,0.000000
9408.000000,0.000000
9410.000000,0.000000
9412.000000,0.000000
9414.000000,0.000000
9416.000000,0.000000
9418.000000,0.000000
9420.000000,0.000000
9422.000000,0.000000
9424.000000,0.000000
9426.000000,0.000000
9428.000000,0.000000
9430.000000,0.000000
9432.000000,0.000000
9434.000000,0.000000
9436.000000,0.000000
9438.000000,0.000000
9440.000000,0.000000
9442.000000,0.000000
9444.000000,0.000000
9446.000000,0.000000
9448.000000,0.000000
9450.000000,0.000000
9452.000000,0.000000
9454.000000,0.000000
9456.000000,0.000000
9458.000000,0.000000
9460.000000,0.000000
9462.000000,0.000000
9464.000000,0.000000
9466.000000,0.000000
9468.000000,0.000000
9470.000000,0.000000
9472.000000,0.000000
9474.000000,0.000000
9476.000000,0.000000
9478.000000,0.000000
9480.000000,0.000000
9482.000000,0.000000
9484.000000,0.000000
9486.000000,0.000000
9488.000000,0.000000
9490.000000,0.000000
9492.000000,0.000000
9494.000000,0.000000
9496.000000,0.000000
9498.000000,0.000000
9500.000000,0.000000
9502.000000,0.000000
9504.000000,0.000000
9506.000000,0.000000
9508.000000,0.000000
9510.000000,0.000000
9512.000000,0.000000
9514.000000,0.000000
9516.000000,0.000000
9518.000000,0.000000
9520.000000,0.000000
9522.000000,0.000000
9524.000000,0.000000
9526.000000,0.000000
9528.000000,0.000000
9530.000000,0.000000
9532.000000,0.000000
9534.000000,0.000000
9536.000000,0.000000
9538.000000,0.000000
9540.000000,0.000000
9542.000000,0.000000
9544.000000,0.000000
9546.000000,0.000000
9548.000000,0.000000
9550.000000,0.000000
9552.000000,0.000000
9554.000000,0.000000
9556.000000,0.000000
9558.000000,0.000000
9560.000000,0.000000
9562.000000,0.000000
9564.000000,0.000000
9566.000000,0.000000
9568.000000,0.000000
9570.000000,0.000000
9572.000000,0.000000
9574.000000,0.000000
9576.000000,0.000000
9578.000000,0.000000
9580.000000,0.000000
9582.000000,0.000000
9584.000000,0.000000
9586.000000,0.000000
9588.000000,0.000000
9590.000000,0.000000
9592.000000,0.000000
9594.000000,0.000000
9596.000000,0.000000
9598.000000,0.000000
9600.000000,0.000000
9602.000000,0.000000
9604.000000,0.000000
9606.000000,0.000000
9608.000000,0.000000
9610.000000,0.000000
9612.000000,0.000000
9614.000000,0.000000
9616.000000,0.000000
9618.000000,0.000000
9620.000000,0.000000
9622.000000,0.000000
9624.000000,0.000000
9626.000000,0.000000
9628.000000,0.000000
9630.000000,0.000000
9632.000000,0.000000
9634.000000,0.000000
9636.000000,0.000000
9638.000000,0.000000
9640.000000,0.000000
9642.000000,0.000000
9644.000000,0.000000
9646.000000,0.000000
9648.000000,0.000000
9650.000000,0.000000
9652.000000,0.000000
9654.000000,0.000000
9656.000000,0.000000
9658.000000,0.000000
9660.000000,0.000000
9662.000000,0.000000
9664.000000,0.000000
9666.000000,0.000000
9668.000000,0.000000
9670.000000,0.000000
9672.000000,0.000000
9674.000000,0.000000
9676.000000,0.000000
9678.000000,0.000000
9680.000000,0.000000
9682.000000,0.000000
9684.000000,0.000000
9686.000000,0.000000
9688.000000,0.000000
9690.000000,0.000000
9692.000000,0.000000
9694.000000,0.000000
9696.000000,0.000000
9698.000000,0.000000
9700.000000,0.000000
9702.000000,0.000000
9704.000000,0.000000
9706.000000,0.000000
9708.000000,0.000000
9710.000000,0.000000
9712.000000,0.000000
9714.000000,0.000000
9716.000000,0.000000
9718.000000,0.000000
9720.000000,0.000000
9722.000000,0.000000
9724.000000,0.000000
9726.000000,0.000000
9728.000000,0.000000
9730.000000,0.000000
9732.000000,0.000000
9734.000000,0.000000
9736.000000,0.000000
9738.000000,0.000000
9740.000000,0.000000
9742.000000,0.000000
9744.000000,0.000000
9746.000000,0.000000
9748.000000,0.000000
9750.000000,0.000000
9752.000000,0.000000
9754.000000,0.000000
9756.000000,0.000000
9758.000000,0.000000
9760.000000,0.000000
9762.000000,0.000000
9764.000000,0.000000
9766.000000,0.000000
9768.000000,0.000000
9770.000000,0.000000
9772.000000,0.000000
9774.000000,0.000000
9776.000000,0.000000
9778.000000,0.000000
9780.000000,0.000000
9782.000000,0.000000
9784.000000,0.000000
9786.000000,0.000000
9788.000000,0.000000
9790.000000,0.000000
9792.000000,0.000000
9794.000000,0.000000
9796.000000,0.000000
9798.000000,0.000000
9800.000000,0.000000
9802.000000,0.000000
9804.000000,0.000000
9806.000000,0.000000
9808.000000,0.000000
9810.000000,0.000000
9812.000000,0.000000
9814.000000,0.000000
9816.000000,0.000000
9818.000000,0.000000
9820.000000,0.000000
9822.000000,0.000000
9824.000000,0.000000
9826.000000,0.000000
9828.000000,0.000000
9830.000000,0.000000
9832.000000,0.000000
9834.000000,0.000000
9836.000000,0.000000
9838.000000,0.000000
9840.000000,0.000000
9842.000000,0.000000
9844.000000,0.000000
9846.000000,0.000000
9848.000000,0.000000
9850.000000,0.000000
9852.000000,0.000000
9854.000000,0.000000
9856.000000,0.000000
9858.000000,0.000000
9860.000000,0.000000
9862.000000,0.000000
9864.000000,0.000000
9866.000000,0.000000
9868.000000,0.000000
9870.000000,0.000000
9872.000000,0.000000
9874.000000,0.000000
9876.000000,0.000000
9878.000000,0.000000
9880.000000,0.000000
9882.000000,0.000000
9884.000000,0.000000
9886.000000,0.000000
9888.000000,0.000000
9890.000000,0.000000
9892.000000,0.000000
9894.000000,0.000000
9896.000000,0.000000
9898.000000,0.000000
9900.000000,0.000000
9902.000000,0.000000
9904.000000,0.000000
9906.000000,0.000000
9908.000000,0.000000
9910.000000,0.000000
9912.000000,0.000000
9914.000000,0.000000
9916.000000,0.000000
9918.000000,0.000000
9920.000000,0.000000
9922.000000,0.000000
9924.000000,0.000000
9926.000000,0.000000
9928.000000,0.000000
9930.000000,0.000000
9932.000000,0.000000
9934.000000,0.000000
9936.000000,0.000000
9938.000000,0.000000
9940.000000,0.000000
9942.000000,0.000000
9944.000000,0.000000
9946.000000,0.000000
9948.000000,0.000000
9950.000000,0.000000
9952.000000,0.000000
9954.000000,0.000000
9956.000000,0.000000
9958.000000,0.000000
9960.000000,0.000000
9962.000000,0.000000
9964.000000,0.000000
9966.000000,0.000000
9968.000000,0.000000
9970.000000,0.000000
9972.000000,0.000000
9974.000000,0.000000
9976.000000,0.000000
9978.000000,0.000000
9980.000000,0.000000
9982.000000,0.000000
9984.000000,0.000000
9986.000000,0.000000
9988.000000,0.000000
9990.000000,0.000000
9992.000000,0.000000
9994.000000,0.000000
9996.000000,0.000000
9998.000000,0.000000
10000.000000,0.000000
10002.000000,0.000000
10004.000000,0.000000
10006.000000,0.000000
10008.000000,0.000000
10010.000000,0.000000
10012.000000,0.000000
10014.000000,0.000000
10016.000000,0.000000
10018.000000,0.000000
10020.000000,0.000000
10022.000000,0.000000
10024.000000,0.000000
10026.000000,0.000000
10028.000000,0.000000
10030.000000,0.000000
10032.000000,0.000000
10034.000000,0.000000
10036.000000,0.000000
10038.000000,0.000000
10040.000000,0.000000
10042.000000,0.000000
10044.000000,0.000000
10046.000000,0.000000
10048.000000,0.000000
10050.000000,0.000000
10052.000000,0.000000
10054.000000,0.000000
10056.000000,0.000000
10058.000000,0.000000
10060.000000,0.000000
10062.000000,0.000000
10064.000000,0.000000
10066.000000,0.000000
10068.000000,0.000000
10070.000000,0.000000
10072.000000,0.000000
10074.000000,0.000000
10076.000000,0.000000
10078.000000,0.000000
10080.000000,0.000000
10082.000000,0.000000
10084.000000,0.000000
10086.000000,0.000000
10088.000000,0.000000
10090.000000,0.000000
10092.000000,0.000000
10094.000000,0.000000
10096.000000,0.000000
10098.000000,0.000000
10100.000000,0.000000
10102.000000,0.000000
10104.000000,0.000000
10106.000000,0.000000
10108.000000,0.000000
10110.000000,0.000000
10112.000000,0.000000
10114.000000,0.000000
10116.000000,0.000000
10118.000000,0.000000
10120.000000,0.000000
10122.000000,0.000000
10124.000000,0.000000
10126.000000,0.000000
10128.000000,0.000000
10130.000000,0.000000
10132.000000,0.000000
10134.000000,0.000000
10136.000000,0.000000
10138.000000,0.000000
10140.000000,0.000000
10142.000000,0.000000
10144.000000,0.000000
10146.000000,0.000000
10148.000000,0.000000
10150.000000,0.000000
10152.000000,0.000000
10154.000000,0.000000
10156.000000,0.000000
10158.000000,0.000000
10160.000000,0.000000
10162.000000,0.000000
10164.000000,0.000000
10166.000000,0.000000
10168.000000,0.000000
10170.000000,0.000000
10172.000000,0.000000
10174.000000,0.000000
10176.000000,0.000000
10178.000000,0.000000
10180.000000,0.000000
10182.000000,0.000000
10184.000000,0.000000
10186.000000,0.000000
10188.000000,0.000000
10190.000000,0.000000
10192.000000,0.000000
10194.000000,0.000000
10196.000000,0.000000
10198.000000,0.000000
10200.000000,0.000000
10202.000000,0.000000
10204.000000,0.000000
10206.000000,0.000000
10208.000000,0.000000
10210.000000,0.000000
10212.000000,0.000000
10214.000000,0.000000
10216.000000,0.000000
10218.000000,0.000000
10220.000000,0.000000
10222.000000,0.000000
10224.000000,0.000000
10226.000000,0.000000
10228.000000,0.000000
10230.000000,0.000000
10232.000000,0.000000
10234.000000,0.000000
10236.000000,0.000000
10238.000000,0.000000
10240.000000,0.000000
10242.000000,0.000000
10244.000000,0.000000
10246.000000,0.000000
10248.000000,0.000000
10250.000000,0.000000
10252.000000,0.000000
10254.000000,0.000000
10256.000000,0.000000
10258.000000,0.000000
10260.000000,0.000000
10262.000000,0.000000
10264.000000,0.000000
10266.000000,0.000000
10268.000000,0.000000
10270.000000,0.000000
10272.000000,0.000000
10274.000000,0.000000
10276.000000,0.000000
10278.000000,0.000000
10280.000000,0.000000
10282.000000,0.000000
10284.000000,0.000000
10286.000000,0.000000
10288.000000,0.000000
10290.000000,0.000000
10292.000000,0.000000
10294.000000,0.000000
10296.000000,0.000000
10298.000000,0.000000
10300.000000,0.000000
10302.000000,0.000000
10304.000000,0.000000
10306.000000,0.000000
10308.000000,0.000000
10310.000000,0.000000
10312.000000,0.000000
10314.000000,0.000000
10316.000000,0.000000
10318.000000,0.000000
10320.000000,0.000000
10322.000000,0.000000
10324.000000,0.000000
10326.000000,0.000000
10328.000000,0.000000
10330.000000,0.000000
10332.000000,0.000000
10334.000000,0.000000
10336.000000,0.000000
10338.000000,0.000000
10340.000000,0.000000
10342.000000,0.000000
10344.000000,0.000000
10346.000000,0.000000
10348.000000,0.000000
10350.000000,0.000000
10352.000000,0.000000
10354.000000,0.000000
10356.000000,0.000000
10358.000000,0.000000
10360.000000,0.000000
10362.000000,0.000000
10364.000000,0.000000
10366.000000,0.000000
10368.000000,0.000000
10370.000000,0.000000
10372.000000,0.000000
10374.000000,0.000000
10376.000000,0.000000
10378.000000,0.000000
10380.000000,0.000000
10382.000000,0.000000
10384.000000,0.000000
10386.000000,0.000000
10388.000000,0.000000
10390.000000,0.000000
10392.000000,0.000000
10394.000000,0.000000
10396.000000,0.000000
10398.000000,0.000000
10400.000000,0.000000
10402.000000,0.000000
10404.000000,0.000000
10406.000000,0.000000
10408.000000,0.000000
10410.000000,0.000000
10412.000000,0.000000
10414.000000,0.000000
10416.000000,0.000000
10418.000000,0.000000
10420.000000,0.000000
10422.000000,0.000000
10424.000000,0.000000
10426.000000,0.000000
10428.000000,0.000000
10430.000000,0.000000
10432.000000,0.000000
10434.000000,0.000000
10436.000000,0.000000
10438.000000,0.000000
10440.000000,0.000000
10442.000000,0.000000
10444.000000,0.000000
10446.000000,0.000000
10448.000000,0.000000
10450.000000,0.000000
10452.000000,0.000000
10454.000000,0.000000
10456.000000,0.000000
10458.000000,0.000000
10460.000000,0.000000
10462.000000,0.000000
10464.000000,0.000000
10466.000000,0.000000
10468.000000,0.000000
10470.000000,0.000000
10472.000000,0.000000
10474.000000,0.000000
10476.000000,0.000000
10478.000000,0.000000
10480.000000,0.000000
10482.000000,0.000000
10484.000000,0.000000
10486.000000,0.000000
10488.000000,0.000000
10490.000000,0.000000
10492.000000,0.000000
10494.000000,0.000000
10496.000000,0.000000
10498.000000,0.000000
10500.000000,0.000000
10502.000000,0.000000
10504.000000,0.000000
10506.000000,0.000000
10508.000000,0.000000
10510.000000,0.000000
10512.000000,0.000000
10514.000000,0.000000
10516.000000,0.000000
10518.000000,0.000000
10520.000000,0.000000
10522.000000,0.000000
10524.000000,0.000000
10526.000000,0.000000
10528.000000,0.000000
10530.000000,0.000000
10532.000000,0.000000
10534.000000,0.000000
10536.000000,0.000000
10538.000000,0.000000
10540.000000,0.000000
10542.000000,0.000000
10544.000000,0.000000
10546.000000,0.000000
10548.000000,0.000000
10550.000000,0.000000
10552.000000,0.000000
10554.000000,0.000000
10556.000000,0.000000
10558.000000,0.000000
10560.000000,0.000000
10562.000000,0.000000
10564.000000,0.000000
10566.000000,0.000000
10568.000000,0.000000
10570.000000,0.000000
10572.000000,0.000000
10574.000000,0.000000
10576.000000,0.000000
10578.000000,0.000000
10580.000000,0.000000
10582.000000,0.000000
10584.000000,0.000000
10586.000000,0.000000
10588.000000,0.000000
10590.000000,0.000000
10592.000000,0.000000
10594.000000,0.000000
10596.000000,0.000000
10598.000000,0.000000
10600.000000,0.000000
10602.000000,0.000000
10604.000000,0.000000
10606.000000,0.000000
10608.000000,0.000000
10610.000000,0.000000
10612.000000,0.000000
10614.000000,0.000000
10616.000000,0.000000
10618.000000,0.000000
10620.000000,0.000000
10622.000000,0.000000
10624.000000,0.000000
10626.000000,0.000000
10628.000000,0.000000
10630.000000,0.000000
10632.000000,0.000000
10634.000000,0.000000
10636.000000,0.000000
10638.000000,0.000000
10640.000000,0.000000
10642.000000,0.000000
10644.000000,0.000000
10646.000000,0.000000
10648.000000,0.000000
10650.000000,0.000000
10652.000000,0.000000
10654.000000,0.000000
10656.000000,0.000000
10658.000000,0.000000
10660.000000,0.000000
10662.000000,0.000000
10664.000000,0.000000
10666.000000,0.000000
10668.000000,0.000000
10670.000000,0.000000
10672.000000,0.000000
10674.000000,0.000000
10676.000000,0.000000
10678.000000,0.000000
10680.000000,0.000000
10682.000000,0.000000
10684.000000,0.000000
10686.000000,0.000000
10688.000000,0.000000
10690.000000,0.000000
10692.000000,0.000000
10694.000000,0.000000
10696.000000,0.000000
10698.000000,0.000000
10700.000000,0.000000
10702.000000,0.000000
10704.000000,0.000000
10706.000000,0.000000
10708.000000,0.000000
10710.000000,0.000000
10712.000000,0.000000
10714.000000,0.000000
10716.000000,0.000000
10718.000000,0.000000
10720.000000,0.000000
10722.000000,0.000000
10724.000000,0.000000
10726.000000,0.000000
10728.000000,0.000000
10730.000000,0.000000
10732.000000,0.000000
10734.000000,0.000000
10736.000000,0.000000
10738.000000,0.000000
10740.000000,0.000000
10742.000000,0.000000
10744.000000,0.000000
10746.000000,0.000000
10748.000000,0.000000
10750.000000,0.000000
10752.000000,0.000000
10754.000000,0.000000
10756.000000,0.000000
10758.000000,0.000000
10760.000000,0.000000
10762.000000,0.000000
10764.000000,0.000000
10766.000000,0.000000
10768.000000,0.000000
10770.000000,0.000000
10772.000000,0.000000
10774.000000,0.000000
10776.000000,0.000000
10778.000000,0.000000
10780.000000,0.000000
10782.000000,0.000000
10784.000000,0.000000
10786.000000,0.000000
10788.000000,0.000000
10790.000000,0.000000
10792.000000,0.000000
10794.000000,0.000000
10796.000000,0.000000
10798.000000,0.000000
10800.000000,0.000000
10802.000000,0.000000
10804.000000,0.000000
10806.000000,0.000000
10808.000000,0.000000
10810.000000,0.000000
10812.000000,0.000000
10814.000000,0.000000
10816.000000,0.000000
10818.000000,0.000000
10820.000000,0.000000
10822.000000,0.000000
10824.000000,0.000000
10826.000000,0.000000
10828.000000,0.000000
10830.000000,0.000000
10832.000000,0.000000
10834.000000,0.000000
10836.000000,0.000000
10838.000000,0.000000
10840.000000,0.000000
10842.000000,0.000000
10844.000000,0.000000
10846.000000,0.000000
10848.000000,0.000000
10850.000000,0.000000
10852.000000,0.000000
10854.000000,0.000000
10856.000000,0.000000
10858.000000,0.000000
10860.000000,0.000000
10862.000000,0.000000
10864.000000,0.000000
10866.000000,0.000000
10868.000000,0.000000
10870.000000,0.000000
10872.000000,0.000000
10874.000000,0.000000
10876.000000,0.000000
10878.000000,0.000000
10880.000000,0.000000
10882.000000,0.000000
10884.000000,0.000000
10886.000000,0.000000
10888.000000,0.000000
10890.000000,0.000000
10892.000000,0.000000
10894.000000,0.000000
10896.000000,0.000000
10898.000000,0.000000
10900.000000,0.000000
10902.000000,0.000000
10904.000000,0.000000
10906.000000,0.000000
10908.000000,0.000000
10910.000000,0.000000
10912.000000,0.000000
10914.000000,0.000000
10916.000000,0.000000
10918.000000,0.000000
10920.000000,0.000000
10922.000000,0.000000
10924.000000,0.000000
10926.000000,0.000000
10928.000000,0.000000
10930.000000,0.000000
10932.000000,0.000000
10934.000000,0.000000
10936.000000,0.000000
10938.000000,0.000000
10940.000000,0.000000
10942.000000,0.000000
10944.000000,0.000000
10946.000000,0.000000
10948.000000,0.000000
10950.000000,0.000000
10952.000000,0.000000
10954.000000,0.000000
10956.000000,0.000000
10958.000000,0.000000
10960.000000,0.000000
10962.000000,0.000000
10964.000000,0.000000
10966.000000,0.000000
10968.000000,0.000000
10970.000000,0.000000
10972.000000,0.000000
10974.000000,0.000000
10976.000000,0.000000
10978.000000,0.000000
10980.000000,0.000000
10982.000000,0.000000
10984.000000,0.000000
10986.000000,0.000000
10988.000000,0.000000
10990.000000,0.000000
10992.000000,0.000000
10994.000000,0.000000
10996.000000,0.000000
10998.000000,0.000000
11000.000000,0.000000
