# PARX1 rescaled to the measured 90-degree point of EO1: peak 5200.000 V -> 5128.3 V (x 0.986212), 2026-09-01, tools/make_v90_targets.py
# V90 at the monitor 5128.3 V = 9.168 V commanded (measured command->HV gain 0.5594); EO zero at -20.7 V, NOT applied -- the record still starts/ends at 0 V; rise/fall hysteresis 0.21 %
# source target_PARX1.csv, 5501 pts at 2.0000 us, header of the source follows
#   target for EO1 from forward.csv + 1000 us hold + reverse.csv, 1.25 us -> 2 us linear
#   integrated ramp target (EOs in parallel): peak 5200 V at the EOM, 5501 pts at 2 us = 11.0020 ms period
#   first/last sample 0.000000/0.000000 V; peak slew 4.109 V/us at the EOM
#   identical samples on both channels; the per-channel drive is what differs
time_us,voltage_V
0.000000,0.000000
2.000000,0.000000
4.000000,0.000000
6.000000,0.000000
8.000000,0.000000
10.000000,0.000000
12.000000,0.000001
14.000000,0.000002
16.000000,0.000004
18.000000,0.000007
20.000000,0.000013
22.000000,0.000020
24.000000,0.000030
26.000000,0.000044
28.000000,0.000064
30.000000,0.000091
32.000000,0.000126
34.000000,0.000170
36.000000,0.000226
38.000000,0.000297
40.000000,0.000383
42.000000,0.000490
44.000000,0.000617
46.000000,0.000771
48.000000,0.000955
50.000000,0.001168
52.000000,0.001422
54.000000,0.001717
56.000000,0.002059
58.000000,0.002455
60.000000,0.002905
62.000000,0.003425
64.000000,0.004013
66.000000,0.004680
68.000000,0.005434
70.000000,0.006275
72.000000,0.007230
74.000000,0.008288
76.000000,0.009469
78.000000,0.010782
80.000000,0.012228
82.000000,0.013841
84.000000,0.015609
86.000000,0.017555
88.000000,0.019694
90.000000,0.022021
92.000000,0.024587
94.000000,0.027369
96.000000,0.030403
98.000000,0.033705
100.000000,0.037267
102.000000,0.041154
104.000000,0.045337
106.000000,0.049858
108.000000,0.054740
110.000000,0.059970
112.000000,0.065631
114.000000,0.071684
116.000000,0.078182
118.000000,0.085150
120.000000,0.092574
122.000000,0.100556
124.000000,0.109042
126.000000,0.118101
128.000000,0.127761
130.000000,0.138000
132.000000,0.148949
134.000000,0.160535
136.000000,0.172841
138.000000,0.185902
140.000000,0.199687
142.000000,0.214357
144.000000,0.229819
146.000000,0.246171
148.000000,0.263456
150.000000,0.281631
152.000000,0.300892
154.000000,0.321121
156.000000,0.342439
158.000000,0.364889
160.000000,0.388423
162.000000,0.413270
164.000000,0.439285
166.000000,0.466612
168.000000,0.495300
170.000000,0.525287
172.000000,0.556844
174.000000,0.589798
176.000000,0.624312
178.000000,0.660444
180.000000,0.698116
182.000000,0.737648
184.000000,0.778829
186.000000,0.821851
188.000000,0.866775
190.000000,0.913510
192.000000,0.962425
194.000000,1.013269
196.000000,1.066265
198.000000,1.121481
200.000000,1.178804
202.000000,1.238662
204.000000,1.300761
206.000000,1.365352
208.000000,1.432512
210.000000,1.502108
212.000000,1.574628
214.000000,1.649727
216.000000,1.727694
218.000000,1.808612
220.000000,1.892325
222.000000,1.979388
224.000000,2.069404
226.000000,2.162697
228.000000,2.259358
230.000000,2.359205
232.000000,2.462866
234.000000,2.569885
236.000000,2.680626
238.000000,2.795188
240.000000,2.913358
242.000000,3.035846
244.000000,3.162130
246.000000,3.292618
248.000000,3.427415
250.000000,3.566281
252.000000,3.710007
254.000000,3.858000
256.000000,4.010717
258.000000,4.168273
260.000000,4.330388
262.000000,4.497948
264.000000,4.670284
266.000000,4.847901
268.000000,5.030922
270.000000,5.219032
272.000000,5.413215
274.000000,5.612717
276.000000,5.818098
278.000000,6.029488
280.000000,6.246534
282.000000,6.470320
284.000000,6.700010
286.000000,6.936213
288.000000,7.179074
290.000000,7.428194
292.000000,7.684766
294.000000,7.947862
296.000000,8.218152
298.000000,8.495785
300.000000,8.780319
302.000000,9.073065
304.000000,9.372991
306.000000,9.680833
308.000000,9.996746
310.000000,10.320241
312.000000,10.652752
314.000000,10.993140
316.000000,11.342206
318.000000,11.700116
320.000000,12.066328
322.000000,12.442406
324.000000,12.827095
326.000000,13.221270
328.000000,13.625105
330.000000,14.038000
332.000000,14.461658
334.000000,14.894697
336.000000,15.338008
338.000000,15.791835
340.000000,16.255522
342.000000,16.730913
344.000000,17.216510
346.000000,17.713331
348.000000,18.221572
350.000000,18.740513
352.000000,19.272149
354.000000,19.814849
356.000000,20.369710
358.000000,20.936939
360.000000,21.515748
362.000000,22.108293
364.000000,22.712797
366.000000,23.330447
368.000000,23.961455
370.000000,24.604969
372.000000,25.263302
374.000000,25.934536
376.000000,26.619942
378.000000,27.319742
380.000000,28.033013
382.000000,28.762035
384.000000,29.504910
386.000000,30.263021
388.000000,31.036604
390.000000,31.824657
392.000000,32.629842
394.000000,33.449928
396.000000,34.286370
398.000000,35.139405
400.000000,36.007959
402.000000,36.894876
404.000000,37.797757
406.000000,38.718154
408.000000,39.656316
410.000000,40.611084
412.000000,41.585385
414.000000,42.576477
416.000000,43.586250
418.000000,44.614995
420.000000,45.661468
422.000000,46.728900
424.000000,47.814542
426.000000,48.920145
428.000000,50.045979
430.000000,51.190708
432.000000,52.357773
434.000000,53.544234
436.000000,54.751839
438.000000,55.980421
440.000000,57.229034
442.000000,58.501389
444.000000,59.794353
446.000000,61.109896
448.000000,62.448306
450.000000,63.808059
452.000000,65.193022
454.000000,66.599860
456.000000,68.030499
458.000000,69.484581
460.000000,70.961187
462.000000,72.464496
464.000000,73.990970
466.000000,75.542807
468.000000,77.120311
470.000000,78.721759
472.000000,80.351470
474.000000,82.004986
476.000000,83.684569
478.000000,85.391270
480.000000,87.123259
482.000000,88.885087
484.000000,90.672782
486.000000,92.488784
488.000000,94.333176
490.000000,96.202954
492.000000,98.103840
494.000000,100.031983
496.000000,101.989946
498.000000,103.978061
500.000000,105.994278
502.000000,108.043025
504.000000,110.118892
506.000000,112.225941
508.000000,114.364696
510.000000,116.532993
512.000000,118.736123
514.000000,120.969107
516.000000,123.232672
518.000000,125.529319
520.000000,127.856979
522.000000,130.221191
524.000000,132.617054
526.000000,135.046069
528.000000,137.508034
530.000000,140.002430
532.000000,142.535133
534.000000,145.100993
536.000000,147.702137
538.000000,150.336972
540.000000,153.005558
542.000000,155.714230
544.000000,158.457592
546.000000,161.237275
548.000000,164.052202
550.000000,166.902497
552.000000,169.794683
554.000000,172.722878
556.000000,175.687217
558.000000,178.689665
560.000000,181.729244
562.000000,184.812541
564.000000,187.931171
566.000000,191.087328
568.000000,194.285088
570.000000,197.521560
572.000000,200.801237
574.000000,204.115834
576.000000,207.473203
578.000000,210.873902
580.000000,214.311556
582.000000,217.792156
584.000000,221.313682
586.000000,224.879886
588.000000,228.484878
590.000000,232.129372
592.000000,235.823076
594.000000,239.557539
596.000000,243.330695
598.000000,247.150560
600.000000,251.013862
602.000000,254.920036
604.000000,258.868124
606.000000,262.864278
608.000000,266.902908
610.000000,270.981238
612.000000,275.112421
614.000000,279.284499
616.000000,283.498898
618.000000,287.763384
620.000000,292.069668
622.000000,296.422223
624.000000,300.821931
626.000000,305.266743
628.000000,309.755693
630.000000,314.292496
632.000000,318.876639
634.000000,323.503453
636.000000,328.183291
638.000000,332.902679
640.000000,337.669313
642.000000,342.489516
644.000000,347.348555
646.000000,352.260962
648.000000,357.217247
650.000000,362.217424
652.000000,367.273440
654.000000,372.367966
656.000000,377.516461
658.000000,382.708341
660.000000,387.945425
662.000000,393.237411
664.000000,398.568533
666.000000,403.955204
668.000000,409.381060
670.000000,414.858049
672.000000,420.382473
674.000000,425.953229
676.000000,431.571827
678.000000,437.236655
680.000000,442.949092
682.000000,448.707454
684.000000,454.517106
686.000000,460.364611
688.000000,466.267642
690.000000,472.206983
692.000000,478.204130
694.000000,484.238009
696.000000,490.325368
698.000000,496.451594
700.000000,502.629304
702.000000,508.846193
704.000000,515.114905
706.000000,521.420123
708.000000,527.778307
710.000000,534.171587
712.000000,540.617625
714.000000,547.102617
716.000000,553.630862
718.000000,560.205936
720.000000,566.815913
722.000000,573.478643
724.000000,580.175549
726.000000,586.917710
728.000000,593.701789
730.000000,600.519943
732.000000,607.388469
734.000000,614.289102
736.000000,621.233222
738.000000,628.216830
740.000000,635.232599
742.000000,642.296082
744.000000,649.390859
746.000000,656.523859
748.000000,663.696205
750.000000,670.898139
752.000000,678.142993
754.000000,685.420884
756.000000,692.728768
758.000000,700.074557
760.000000,707.456586
762.000000,714.862597
764.000000,722.302724
766.000000,729.777852
768.000000,737.281850
770.000000,744.811256
772.000000,752.378821
774.000000,759.970815
776.000000,767.588854
778.000000,775.235776
780.000000,782.909859
782.000000,790.609629
784.000000,798.331182
786.000000,806.079371
788.000000,813.855341
790.000000,821.651622
792.000000,829.465671
794.000000,837.300276
796.000000,845.158605
798.000000,853.039538
800.000000,860.938499
802.000000,868.851765
804.000000,876.780703
806.000000,884.729295
808.000000,892.696513
810.000000,900.676197
812.000000,908.666664
814.000000,916.671359
816.000000,924.690796
818.000000,932.720866
820.000000,940.758723
822.000000,948.812067
824.000000,956.873621
826.000000,964.938480
828.000000,973.012181
830.000000,981.096439
832.000000,989.182346
834.000000,997.270265
836.000000,1005.367292
838.000000,1013.465944
840.000000,1021.563174
842.000000,1029.667747
844.000000,1037.769088
846.000000,1045.870580
848.000000,1053.973002
850.000000,1062.069074
852.000000,1070.168001
854.000000,1078.259466
856.000000,1086.346069
858.000000,1094.430957
860.000000,1102.504756
862.000000,1110.577315
864.000000,1118.638278
866.000000,1126.692458
868.000000,1134.738231
870.000000,1142.770631
872.000000,1150.798081
874.000000,1158.806740
876.000000,1166.811811
878.000000,1174.794151
880.000000,1182.772909
882.000000,1190.726985
884.000000,1198.674006
886.000000,1206.599679
888.000000,1214.513953
890.000000,1222.406961
892.000000,1230.284619
894.000000,1238.143297
896.000000,1245.981017
898.000000,1253.803624
900.000000,1261.599314
902.000000,1269.380784
904.000000,1277.134346
906.000000,1284.869193
908.000000,1292.583039
910.000000,1300.268191
912.000000,1307.935088
914.000000,1315.573693
916.000000,1323.187076
918.000000,1330.779392
920.000000,1338.341729
922.000000,1345.876854
924.000000,1353.390512
926.000000,1360.871211
928.000000,1368.324179
930.000000,1375.754514
932.000000,1383.151318
934.000000,1390.517520
936.000000,1397.857185
938.000000,1405.168586
940.000000,1412.446895
942.000000,1419.691851
944.000000,1426.909981
946.000000,1434.098388
948.000000,1441.250757
950.000000,1448.371783
952.000000,1455.459379
954.000000,1462.517761
956.000000,1469.543977
958.000000,1476.533374
960.000000,1483.490100
962.000000,1490.411153
964.000000,1497.301199
966.000000,1504.157269
968.000000,1510.978963
970.000000,1517.768624
972.000000,1524.517285
974.000000,1531.233075
976.000000,1537.913650
978.000000,1544.558728
980.000000,1551.170829
982.000000,1557.744210
984.000000,1564.284207
986.000000,1570.787872
988.000000,1577.255036
990.000000,1583.688390
992.000000,1590.082172
994.000000,1596.441939
996.000000,1602.764786
998.000000,1609.050638
1000.000000,1615.302304
1002.000000,1621.514032
1004.000000,1627.691508
1006.000000,1633.831875
1008.000000,1639.935155
1010.000000,1646.004221
1012.000000,1652.033395
1014.000000,1658.028419
1016.000000,1663.986499
1018.000000,1669.907726
1020.000000,1675.795003
1022.000000,1681.642025
1024.000000,1687.453352
1026.000000,1693.227825
1028.000000,1698.965772
1030.000000,1704.670129
1032.000000,1710.335487
1034.000000,1715.967528
1036.000000,1721.561581
1038.000000,1727.118041
1040.000000,1732.641515
1042.000000,1738.126724
1044.000000,1743.579148
1046.000000,1748.993649
1048.000000,1754.371595
1050.000000,1759.717349
1052.000000,1765.025798
1054.000000,1770.299244
1056.000000,1775.536887
1058.000000,1780.740467
1060.000000,1785.911913
1062.000000,1791.042870
1064.000000,1796.142994
1066.000000,1801.209317
1068.000000,1806.238443
1070.000000,1811.236778
1072.000000,1816.198768
1074.000000,1821.127245
1076.000000,1826.023161
1078.000000,1830.884666
1080.000000,1835.714002
1082.000000,1840.508842
1084.000000,1845.270914
1086.000000,1850.001174
1088.000000,1854.697319
1090.000000,1859.363138
1092.000000,1863.994361
1094.000000,1868.594354
1096.000000,1873.163039
1098.000000,1877.698451
1100.000000,1882.205577
1102.000000,1886.676790
1104.000000,1891.120316
1106.000000,1895.530855
1108.000000,1899.911392
1110.000000,1904.262215
1112.000000,1908.580363
1114.000000,1912.870041
1116.000000,1917.128843
1118.000000,1921.358051
1120.000000,1925.558576
1122.000000,1929.727850
1124.000000,1933.869079
1126.000000,1937.980685
1128.000000,1942.063637
1130.000000,1946.118934
1132.000000,1950.143400
1134.000000,1954.141963
1136.000000,1958.111021
1138.000000,1962.052075
1140.000000,1965.967713
1142.000000,1969.852895
1144.000000,1973.712024
1146.000000,1977.544175
1148.000000,1981.349100
1150.000000,1985.128825
1152.000000,1988.879623
1154.000000,1992.605944
1156.000000,1996.305707
1158.000000,1999.979001
1160.000000,2003.628184
1162.000000,2007.249813
1164.000000,2010.847698
1166.000000,2014.419921
1168.000000,2017.966837
1170.000000,2021.490744
1172.000000,2024.987817
1174.000000,2028.461946
1176.000000,2031.911675
1178.000000,2035.337403
1180.000000,2038.740556
1182.000000,2042.117848
1184.000000,2045.473657
1186.000000,2048.805860
1188.000000,2052.114271
1190.000000,2055.401846
1192.000000,2058.664665
1194.000000,2061.906074
1196.000000,2065.125450
1198.000000,2068.322140
1200.000000,2071.498412
1202.000000,2074.651297
1204.000000,2077.783507
1206.000000,2080.894687
1208.000000,2083.983905
1210.000000,2087.053973
1212.000000,2090.100941
1214.000000,2093.128913
1216.000000,2096.135982
1218.000000,2099.122674
1220.000000,2102.090421
1222.000000,2105.036622
1224.000000,2107.964187
1226.000000,2110.872116
1228.000000,2113.760204
1230.000000,2116.630698
1232.000000,2119.479828
1234.000000,2122.311855
1236.000000,2125.124450
1238.000000,2127.918603
1240.000000,2130.695455
1242.000000,2133.452254
1244.000000,2136.192563
1246.000000,2138.914317
1248.000000,2141.618311
1250.000000,2144.306156
1252.000000,2146.974387
1254.000000,2149.626831
1256.000000,2152.262140
1258.000000,2154.879856
1260.000000,2157.482056
1262.000000,2160.066382
1264.000000,2162.634913
1266.000000,2165.186901
1268.000000,2167.722712
1270.000000,2170.243689
1272.000000,2172.746875
1274.000000,2175.235458
1276.000000,2177.708384
1278.000000,2180.165786
1280.000000,2182.608723
1282.000000,2185.034968
1284.000000,2187.447260
1286.000000,2189.844552
1288.000000,2192.226975
1290.000000,2194.595786
1292.000000,2196.948605
1294.000000,2199.287998
1296.000000,2201.613048
1298.000000,2203.923887
1300.000000,2206.221717
1302.000000,2208.504515
1304.000000,2210.774550
1306.000000,2213.030873
1308.000000,2215.273615
1310.000000,2217.503924
1312.000000,2219.719813
1314.000000,2221.923497
1316.000000,2224.114119
1318.000000,2226.291805
1320.000000,2228.457651
1322.000000,2230.609819
1324.000000,2232.750379
1326.000000,2234.878476
1328.000000,2236.994240
1330.000000,2239.098721
1332.000000,2241.190169
1334.000000,2243.270494
1336.000000,2245.338917
1338.000000,2247.395581
1340.000000,2249.441493
1342.000000,2251.474992
1344.000000,2253.497962
1346.000000,2255.509631
1348.000000,2257.510119
1350.000000,2259.500380
1352.000000,2261.478838
1354.000000,2263.447169
1356.000000,2265.404661
1358.000000,2267.351523
1360.000000,2269.288663
1362.000000,2271.214582
1364.000000,2273.130976
1366.000000,2275.037004
1368.000000,2276.932838
1370.000000,2278.819437
1372.000000,2280.695378
1374.000000,2282.562250
1376.000000,2284.419181
1378.000000,2286.266505
1380.000000,2288.105059
1382.000000,2289.933418
1384.000000,2291.752985
1386.000000,2293.563313
1388.000000,2295.364532
1390.000000,2297.157220
1392.000000,2298.940182
1394.000000,2300.715001
1396.000000,2302.480931
1398.000000,2304.238045
1400.000000,2305.987261
1402.000000,2307.727189
1404.000000,2309.459227
1406.000000,2311.182983
1408.000000,2312.898279
1410.000000,2314.606008
1412.000000,2316.305011
1414.000000,2317.996454
1416.000000,2319.680017
1418.000000,2321.355556
1420.000000,2323.023893
1422.000000,2324.683909
1424.000000,2326.336757
1426.000000,2327.982094
1428.000000,2329.619807
1430.000000,2331.250773
1432.000000,2332.873633
1434.000000,2334.489878
1436.000000,2336.098808
1438.000000,2337.700660
1440.000000,2339.295896
1442.000000,2340.883671
1444.000000,2342.464956
1446.000000,2344.039467
1448.000000,2345.607082
1450.000000,2347.168589
1452.000000,2348.722817
1454.000000,2350.271040
1456.000000,2351.812687
1458.000000,2353.347888
1460.000000,2354.877219
1462.000000,2356.399673
1464.000000,2357.916445
1466.000000,2359.426924
1468.000000,2360.931329
1470.000000,2362.430149
1472.000000,2363.922437
1474.000000,2365.409308
1476.000000,2366.890253
1478.000000,2368.365368
1480.000000,2369.835218
1482.000000,2371.298883
1484.000000,2372.757344
1486.000000,2374.210258
1488.000000,2375.657635
1490.000000,2377.099941
1492.000000,2378.536464
1494.000000,2379.968021
1496.000000,2381.394269
1498.000000,2382.815303
1500.000000,2384.231568
1502.000000,2385.642244
1504.000000,2387.048261
1506.000000,2388.449277
1508.000000,2389.845329
1510.000000,2391.236832
1512.000000,2392.623109
1514.000000,2394.004953
1516.000000,2395.382024
1518.000000,2396.754372
1520.000000,2398.122416
1522.000000,2399.485537
1524.000000,2400.844457
1526.000000,2402.198853
1528.000000,2403.548776
1530.000000,2404.894631
1532.000000,2406.235816
1534.000000,2407.573013
1536.000000,2408.905918
1538.000000,2410.234595
1540.000000,2411.559425
1542.000000,2412.879818
1544.000000,2414.196437
1546.000000,2415.509018
1548.000000,2416.817626
1550.000000,2418.122602
1552.000000,2419.423323
1554.000000,2420.720493
1556.000000,2422.013853
1558.000000,2423.303430
1560.000000,2424.589542
1562.000000,2425.871706
1564.000000,2427.150492
1566.000000,2428.425658
1568.000000,2429.697275
1570.000000,2430.965660
1572.000000,2432.230244
1574.000000,2433.491671
1576.000000,2434.749704
1578.000000,2436.004344
1580.000000,2437.255913
1582.000000,2438.503949
1584.000000,2439.748966
1586.000000,2440.990782
1588.000000,2442.229427
1590.000000,2443.465162
1592.000000,2444.697583
1594.000000,2445.927165
1596.000000,2447.153719
1598.000000,2448.377293
1600.000000,2449.598118
1602.000000,2450.815812
1604.000000,2452.030826
1606.000000,2453.242987
1608.000000,2454.452344
1610.000000,2455.659118
1612.000000,2456.862958
1614.000000,2458.064284
1616.000000,2459.262936
1618.000000,2460.458954
1620.000000,2461.652546
1622.000000,2462.843379
1624.000000,2464.031844
1626.000000,2465.217804
1628.000000,2466.401269
1630.000000,2467.582475
1632.000000,2468.761079
1634.000000,2469.937474
1636.000000,2471.111529
1638.000000,2472.283244
1640.000000,2473.452867
1642.000000,2474.620027
1644.000000,2475.785152
1646.000000,2476.948051
1648.000000,2478.108795
1650.000000,2479.267536
1652.000000,2480.424014
1654.000000,2481.578549
1656.000000,2482.731044
1658.000000,2483.881496
1660.000000,2485.030121
1662.000000,2486.176607
1664.000000,2487.321323
1666.000000,2488.464104
1668.000000,2489.605019
1670.000000,2490.744201
1672.000000,2491.881425
1674.000000,2493.016969
1676.000000,2494.150745
1678.000000,2495.282752
1680.000000,2496.413186
1682.000000,2497.541769
1684.000000,2498.668829
1686.000000,2499.794234
1688.000000,2500.918034
1690.000000,2502.040354
1692.000000,2503.160998
1694.000000,2504.280215
1696.000000,2505.397915
1698.000000,2506.514128
1700.000000,2507.628976
1702.000000,2508.742279
1704.000000,2509.854264
1706.000000,2510.964869
1708.000000,2512.074093
1710.000000,2513.182091
1712.000000,2514.288659
1714.000000,2515.394042
1716.000000,2516.498152
1718.000000,2517.601018
1720.000000,2518.702758
1722.000000,2519.803197
1724.000000,2520.902562
1726.000000,2522.000760
1728.000000,2523.097834
1730.000000,2524.193879
1732.000000,2525.288762
1734.000000,2526.382664
1736.000000,2527.475528
1738.000000,2528.567382
1740.000000,2529.658313
1742.000000,2530.748208
1744.000000,2531.837221
1746.000000,2532.925316
1748.000000,2534.012503
1750.000000,2535.098876
1752.000000,2536.184323
1754.000000,2537.268993
1756.000000,2538.352850
1758.000000,2539.435907
1760.000000,2540.518255
1762.000000,2541.599790
1764.000000,2542.680655
1766.000000,2543.760811
1768.000000,2544.840280
1770.000000,2545.919137
1772.000000,2546.997293
1774.000000,2548.074879
1776.000000,2549.151858
1778.000000,2550.228255
1780.000000,2551.304133
1782.000000,2552.379426
1784.000000,2553.454242
1786.000000,2554.528554
1788.000000,2555.602390
1790.000000,2556.675800
1792.000000,2557.748740
1794.000000,2558.821293
1796.000000,2559.893449
1798.000000,2560.965229
1800.000000,2562.036677
1802.000000,2563.107763
1804.000000,2564.178557
1806.000000,2565.249053
1808.000000,2566.319273
1810.000000,2567.389253
1812.000000,2568.458980
1814.000000,2569.528506
1816.000000,2570.597835
1818.000000,2571.666986
1820.000000,2572.735991
1822.000000,2573.804848
1824.000000,2574.873597
1826.000000,2575.942249
1828.000000,2577.010820
1830.000000,2578.079341
1832.000000,2579.147816
1834.000000,2580.216278
1836.000000,2581.284738
1838.000000,2582.353219
1840.000000,2583.421736
1842.000000,2584.490314
1844.000000,2585.558965
1846.000000,2586.627712
1848.000000,2587.696578
1850.000000,2588.765566
1852.000000,2589.834724
1854.000000,2590.904041
1856.000000,2591.973559
1858.000000,2593.043287
1860.000000,2594.113237
1862.000000,2595.183456
1864.000000,2596.253930
1866.000000,2597.324693
1868.000000,2598.395769
1870.000000,2599.467145
1872.000000,2600.538901
1874.000000,2601.610994
1876.000000,2602.683477
1878.000000,2603.756367
1880.000000,2604.829653
1882.000000,2605.903421
1884.000000,2606.977621
1886.000000,2608.052312
1888.000000,2609.127507
1890.000000,2610.203192
1892.000000,2611.279457
1894.000000,2612.356249
1896.000000,2613.433618
1898.000000,2614.511594
1900.000000,2615.590143
1902.000000,2616.669379
1904.000000,2617.749235
1906.000000,2618.829762
1908.000000,2619.911007
1910.000000,2620.992907
1912.000000,2622.075619
1914.000000,2623.159033
1916.000000,2624.243224
1918.000000,2625.328230
1920.000000,2626.413978
1922.000000,2627.500642
1924.000000,2628.588097
1926.000000,2629.676421
1928.000000,2630.765662
1930.000000,2631.855739
1932.000000,2632.946833
1934.000000,2634.038822
1936.000000,2635.131783
1938.000000,2636.225756
1940.000000,2637.320677
1942.000000,2638.416714
1944.000000,2639.513740
1946.000000,2640.611845
1948.000000,2641.711052
1950.000000,2642.811299
1952.000000,2643.912768
1954.000000,2645.015314
1956.000000,2646.119052
1958.000000,2647.223992
1960.000000,2648.330057
1962.000000,2649.437486
1964.000000,2650.546092
1966.000000,2651.655983
1968.000000,2652.767190
1970.000000,2653.879631
1972.000000,2654.993520
1974.000000,2656.108672
1976.000000,2657.225232
1978.000000,2658.343209
1980.000000,2659.462507
1982.000000,2660.583372
1984.000000,2661.705608
1986.000000,2662.829349
1988.000000,2663.954615
1990.000000,2665.081309
1992.000000,2666.209705
1994.000000,2667.339572
1996.000000,2668.471044
1998.000000,2669.604142
2000.000000,2670.738768
2002.000000,2671.875210
2004.000000,2673.013218
2006.000000,2674.152940
2008.000000,2675.294403
2010.000000,2676.437500
2012.000000,2677.582531
2014.000000,2678.729234
2016.000000,2679.877773
2018.000000,2681.028180
2020.000000,2682.180329
2022.000000,2683.334507
2024.000000,2684.490468
2026.000000,2685.648383
2028.000000,2686.808260
2030.000000,2687.969960
2032.000000,2689.133859
2034.000000,2690.299641
2036.000000,2691.467472
2038.000000,2692.637400
2040.000000,2693.809296
2042.000000,2694.983469
2044.000000,2696.159651
2046.000000,2697.338014
2048.000000,2698.518566
2050.000000,2699.701195
2052.000000,2700.886232
2054.000000,2702.073367
2056.000000,2703.262821
2058.000000,2704.454567
2060.000000,2705.648517
2062.000000,2706.845012
2064.000000,2708.043718
2066.000000,2709.244873
2068.000000,2710.448443
2070.000000,2711.654330
2072.000000,2712.862868
2074.000000,2714.073756
2076.000000,2715.287177
2078.000000,2716.503165
2080.000000,2717.721560
2082.000000,2718.942755
2084.000000,2720.166422
2086.000000,2721.392739
2088.000000,2722.621781
2090.000000,2723.853323
2092.000000,2725.087829
2094.000000,2726.324896
2096.000000,2727.564752
2098.000000,2728.807446
2100.000000,2730.052730
2102.000000,2731.301164
2104.000000,2732.552218
2106.000000,2733.806255
2108.000000,2735.063203
2110.000000,2736.322925
2112.000000,2737.585898
2114.000000,2738.851621
2116.000000,2740.120470
2118.000000,2741.392357
2120.000000,2742.667103
2122.000000,2743.945276
2124.000000,2745.226312
2126.000000,2746.510555
2128.000000,2747.798046
2130.000000,2749.088482
2132.000000,2750.382453
2134.000000,2751.679520
2136.000000,2752.979861
2138.000000,2754.283535
2140.000000,2755.590394
2142.000000,2756.900884
2144.000000,2758.214504
2146.000000,2759.531603
2148.000000,2760.852230
2150.000000,2762.176069
2152.000000,2763.503687
2154.000000,2764.834602
2156.000000,2766.169188
2158.000000,2767.507371
2160.000000,2768.848896
2162.000000,2770.194356
2164.000000,2771.543233
2166.000000,2772.895912
2168.000000,2774.252331
2170.000000,2775.612228
2172.000000,2776.976216
2174.000000,2778.343744
2176.000000,2779.715132
2178.000000,2781.090435
2180.000000,2782.469406
2182.000000,2783.852622
2184.000000,2785.239503
2186.000000,2786.630384
2188.000000,2788.025294
2190.000000,2789.423950
2192.000000,2790.827008
2194.000000,2792.233869
2196.000000,2793.644877
2198.000000,2795.060062
2200.000000,2796.479124
2202.000000,2797.902742
2204.000000,2799.330293
2206.000000,2800.762127
2208.000000,2802.198276
2210.000000,2803.638430
2212.000000,2805.083291
2214.000000,2806.532211
2216.000000,2807.985553
2218.000000,2809.443347
2220.000000,2810.905270
2222.000000,2812.372037
2224.000000,2813.842981
2226.000000,2815.318472
2228.000000,2816.798543
2230.000000,2818.282932
2232.000000,2819.772341
2234.000000,2821.266048
2236.000000,2822.764432
2238.000000,2824.267517
2240.000000,2825.774957
2242.000000,2827.287543
2244.000000,2828.804659
2246.000000,2830.326594
2248.000000,2831.853346
2250.000000,2833.384559
2252.000000,2834.921062
2254.000000,2836.462240
2256.000000,2838.008340
2258.000000,2839.559359
2260.000000,2841.114967
2262.000000,2842.676187
2264.000000,2844.242004
2266.000000,2845.812811
2268.000000,2847.388837
2270.000000,2848.969658
2272.000000,2850.555907
2274.000000,2852.146994
2276.000000,2853.743404
2278.000000,2855.344901
2280.000000,2856.951346
2282.000000,2858.563536
2284.000000,2860.180494
2286.000000,2861.802950
2288.000000,2863.430692
2290.000000,2865.063365
2292.000000,2866.702015
2294.000000,2868.345500
2296.000000,2869.994641
2298.000000,2871.649093
2300.000000,2873.308771
2302.000000,2874.974296
2304.000000,2876.644995
2306.000000,2878.321266
2308.000000,2880.003090
2310.000000,2881.690164
2312.000000,2883.383234
2314.000000,2885.081576
2316.000000,2886.785597
2318.000000,2888.495263
2320.000000,2890.210330
2322.000000,2891.931400
2324.000000,2893.657967
2326.000000,2895.390153
2328.000000,2897.128232
2330.000000,2898.871691
2332.000000,2900.621322
2334.000000,2902.376533
2336.000000,2904.137477
2338.000000,2905.904340
2340.000000,2907.676759
2342.000000,2909.455391
2344.000000,2911.239606
2346.000000,2913.029793
2348.000000,2914.825805
2350.000000,2916.627478
2352.000000,2918.435685
2354.000000,2920.249340
2356.000000,2922.068998
2358.000000,2923.894792
2360.000000,2925.726240
2362.000000,2927.564026
2364.000000,2929.407464
2366.000000,2931.257092
2368.000000,2933.112885
2370.000000,2934.974316
2372.000000,2936.842203
2374.000000,2938.715740
2376.000000,2940.595484
2378.000000,2942.481502
2380.000000,2944.373259
2382.000000,2946.271443
2384.000000,2948.175404
2386.000000,2950.085647
2388.000000,2952.002027
2390.000000,2953.923989
2392.000000,2955.852847
2394.000000,2957.787519
2396.000000,2959.728216
2398.000000,2961.675189
2400.000000,2963.628059
2402.000000,2965.587384
2404.000000,2967.552623
2406.000000,2969.524099
2408.000000,2971.501692
2410.000000,2973.485275
2412.000000,2975.475298
2414.000000,2977.471272
2416.000000,2979.473486
2418.000000,2981.481778
2420.000000,2983.496092
2422.000000,2985.516777
2424.000000,2987.543521
2426.000000,2989.576214
2428.000000,2991.615357
2430.000000,2993.659985
2432.000000,2995.711557
2434.000000,2997.768548
2436.000000,2999.832095
2438.000000,3001.901395
2440.000000,3003.976914
2442.000000,3006.058548
2444.000000,3008.146313
2446.000000,3010.239696
2448.000000,3012.339748
2450.000000,3014.445185
2452.000000,3016.557059
2454.000000,3018.674948
2456.000000,3020.798270
2458.000000,3022.928321
2460.000000,3025.063661
2462.000000,3027.205209
2464.000000,3029.352817
2466.000000,3031.506042
2468.000000,3033.665068
2470.000000,3035.830202
2472.000000,3038.001265
2474.000000,3040.177514
2476.000000,3042.360334
2478.000000,3044.548723
2480.000000,3046.742142
2482.000000,3048.942031
2484.000000,3051.147576
2486.000000,3053.358540
2488.000000,3055.574923
2490.000000,3057.796822
2492.000000,3060.025155
2494.000000,3062.258451
2496.000000,3064.497114
2498.000000,3066.741137
2500.000000,3068.990708
2502.000000,3071.246360
2504.000000,3073.506896
2506.000000,3075.772704
2508.000000,3078.043755
2510.000000,3080.319634
2512.000000,3082.601337
2514.000000,3084.888280
2516.000000,3087.180392
2518.000000,3089.477603
2520.000000,3091.779493
2522.000000,3094.086808
2524.000000,3096.398742
2526.000000,3098.715652
2528.000000,3101.037499
2530.000000,3103.363870
2532.000000,3105.695467
2534.000000,3108.031501
2536.000000,3110.372306
2538.000000,3112.717838
2540.000000,3115.067694
2542.000000,3117.422539
2544.000000,3119.781608
2546.000000,3122.145201
2548.000000,3124.513255
2550.000000,3126.885374
2552.000000,3129.262164
2554.000000,3131.642886
2556.000000,3134.027800
2558.000000,3136.416820
2560.000000,3138.809572
2562.000000,3141.206593
2564.000000,3143.607200
2566.000000,3146.011610
2568.000000,3148.419732
2570.000000,3150.831354
2572.000000,3153.247677
2574.000000,3155.667248
2576.000000,3158.090241
2578.000000,3160.516543
2580.000000,3162.945801
2582.000000,3165.378377
2584.000000,3167.814606
2586.000000,3170.254418
2588.000000,3172.697058
2590.000000,3175.142196
2592.000000,3177.590094
2594.000000,3180.041406
2596.000000,3182.495952
2598.000000,3184.952764
2600.000000,3187.411542
2602.000000,3189.873339
2604.000000,3192.338401
2606.000000,3194.805260
2608.000000,3197.273749
2610.000000,3199.745361
2612.000000,3202.219487
2614.000000,3204.694738
2616.000000,3207.172052
2618.000000,3209.652317
2620.000000,3212.133478
2622.000000,3214.616188
2624.000000,3217.101700
2626.000000,3219.587856
2628.000000,3222.075215
2630.000000,3224.565408
2632.000000,3227.055450
2634.000000,3229.547472
2636.000000,3232.040935
2638.000000,3234.534326
2640.000000,3237.030076
2642.000000,3239.525530
2644.000000,3242.022272
2646.000000,3244.520094
2648.000000,3247.017389
2650.000000,3249.516844
2652.000000,3252.014937
2654.000000,3254.515019
2656.000000,3257.013882
2658.000000,3259.514139
2660.000000,3262.013718
2662.000000,3264.513547
2664.000000,3267.013119
2666.000000,3269.512564
2668.000000,3272.011531
2670.000000,3274.510490
2672.000000,3277.008291
2674.000000,3279.506238
2676.000000,3282.002598
2678.000000,3284.499313
2680.000000,3286.993667
2682.000000,3289.488916
2684.000000,3291.981102
2686.000000,3294.474187
2688.000000,3296.964139
2690.000000,3299.454231
2692.000000,3301.942132
2694.000000,3304.428207
2696.000000,3306.913649
2698.000000,3309.395753
2700.000000,3311.877700
2702.000000,3314.356891
2704.000000,3316.833560
2706.000000,3319.309504
2708.000000,3321.781950
2710.000000,3324.252281
2712.000000,3326.721372
2714.000000,3329.186649
2716.000000,3331.649478
2718.000000,3334.110983
2720.000000,3336.568623
2722.000000,3339.023123
2724.000000,3341.475850
2726.000000,3343.924720
2728.000000,3346.370257
2730.000000,3348.813434
2732.000000,3351.252450
2734.000000,3353.687443
2736.000000,3356.119984
2738.000000,3358.549686
2740.000000,3360.975317
2742.000000,3363.396235
2744.000000,3365.813978
2746.000000,3368.227805
2748.000000,3370.637040
2750.000000,3373.042114
2752.000000,3375.443702
2754.000000,3377.841542
2756.000000,3380.234357
2758.000000,3382.621841
2760.000000,3385.005069
2762.000000,3387.384986
2764.000000,3389.760519
2766.000000,3392.130382
2768.000000,3394.494673
2770.000000,3396.854602
2772.000000,3399.210268
2774.000000,3401.560867
2776.000000,3403.905681
2778.000000,3406.245248
2780.000000,3408.580348
2782.000000,3410.909014
2784.000000,3413.231879
2786.000000,3415.549642
2788.000000,3417.863561
2790.000000,3420.171296
2792.000000,3422.471832
2794.000000,3424.767735
2796.000000,3427.057752
2798.000000,3429.340220
2800.000000,3431.618575
2802.000000,3433.891176
2804.000000,3436.156573
2806.000000,3438.415119
2808.000000,3440.670122
2810.000000,3442.917643
2812.000000,3445.157620
2814.000000,3447.393136
2816.000000,3449.621022
2818.000000,3451.842277
2820.000000,3454.058716
2822.000000,3456.265909
2824.000000,3458.468220
2826.000000,3460.664093
2828.000000,3462.851435
2830.000000,3465.034567
2832.000000,3467.208977
2834.000000,3469.376669
2836.000000,3471.539095
2838.000000,3473.691740
2840.000000,3475.840605
2842.000000,3477.980681
2844.000000,3480.113327
2846.000000,3482.240769
2848.000000,3484.358270
2850.000000,3486.471909
2852.000000,3488.575579
2854.000000,3490.673380
2856.000000,3492.764357
2858.000000,3494.846375
2860.000000,3496.923880
2862.000000,3498.990626
2864.000000,3501.052895
2866.000000,3503.105855
2868.000000,3505.152557
2870.000000,3507.191775
2872.000000,3509.222795
2874.000000,3511.247508
2876.000000,3513.263534
2878.000000,3515.273504
2880.000000,3517.274685
2882.000000,3519.269675
2884.000000,3521.255706
2886.000000,3523.235956
2888.000000,3525.206373
2890.000000,3527.172314
2892.000000,3529.126575
2894.000000,3531.077597
2896.000000,3533.017758
2898.000000,3534.952923
2900.000000,3536.879177
2902.000000,3538.798255
2904.000000,3540.709682
2906.000000,3542.613583
2908.000000,3544.510341
2910.000000,3546.398715
2912.000000,3548.281101
2914.000000,3550.152662
2916.000000,3552.021919
2918.000000,3553.879023
2920.000000,3555.732766
2922.000000,3557.574358
2924.000000,3559.412568
2926.000000,3561.241594
2928.000000,3563.062360
2930.000000,3564.879030
2932.000000,3566.683833
2934.000000,3568.485635
2936.000000,3570.276025
2938.000000,3572.062421
2940.000000,3573.841042
2942.000000,3575.609915
2944.000000,3577.375460
2946.000000,3579.128854
2948.000000,3580.880269
2950.000000,3582.622500
2952.000000,3584.355753
2954.000000,3586.085817
2956.000000,3587.803904
2958.000000,3589.519763
2960.000000,3591.227317
2962.000000,3592.925292
2964.000000,3594.620689
2966.000000,3596.305206
2968.000000,3597.984957
2970.000000,3599.659593
2972.000000,3601.322675
2974.000000,3602.984259
2976.000000,3604.636993
2978.000000,3606.280980
2980.000000,3607.923636
2982.000000,3609.556339
2984.000000,3611.183174
2986.000000,3612.803516
2988.000000,3614.417421
2990.000000,3616.025425
2992.000000,3617.626607
2994.000000,3619.221998
2996.000000,3620.811164
2998.000000,3622.394157
3000.000000,3623.971496
3002.000000,3625.542307
3004.000000,3627.107587
3006.000000,3628.666913
3008.000000,3630.220344
3010.000000,3631.768401
3012.000000,3633.310230
3014.000000,3634.846785
3016.000000,3636.377688
3018.000000,3637.902985
3020.000000,3639.423179
3022.000000,3640.937462
3024.000000,3642.446754
3026.000000,3643.950676
3028.000000,3645.449310
3030.000000,3646.943098
3032.000000,3648.431312
3034.000000,3649.914806
3036.000000,3651.393233
3038.000000,3652.866669
3040.000000,3654.335545
3042.000000,3655.799162
3044.000000,3657.258338
3046.000000,3658.712752
3048.000000,3660.162465
3050.000000,3661.607893
3052.000000,3663.048400
3054.000000,3664.484737
3056.000000,3665.916611
3058.000000,3667.344083
3060.000000,3668.767551
3062.000000,3670.186418
3064.000000,3671.601388
3066.000000,3673.012194
3068.000000,3674.418903
3070.000000,3675.821883
3072.000000,3677.220568
3074.000000,3678.615638
3076.000000,3680.006842
3078.000000,3681.394240
3080.000000,3682.778182
3082.000000,3684.158146
3084.000000,3685.534767
3086.000000,3686.907813
3088.000000,3688.277347
3090.000000,3689.643695
3092.000000,3691.006377
3094.000000,3692.365989
3096.000000,3693.722312
3098.000000,3695.075422
3100.000000,3696.425605
3102.000000,3697.772445
3104.000000,3699.116478
3106.000000,3700.457514
3108.000000,3701.795630
3110.000000,3703.131080
3112.000000,3704.463510
3114.000000,3705.793391
3116.000000,3707.120570
3118.000000,3708.445116
3120.000000,3709.767267
3122.000000,3711.086701
3124.000000,3712.403866
3126.000000,3713.718609
3128.000000,3715.031006
3130.000000,3716.341289
3132.000000,3717.649154
3134.000000,3718.955008
3136.000000,3720.258753
3138.000000,3721.560426
3140.000000,3722.860242
3142.000000,3724.157965
3144.000000,3725.453947
3146.000000,3726.748090
3148.000000,3728.040453
3150.000000,3729.331233
3152.000000,3730.620226
3154.000000,3731.907739
3156.000000,3733.193697
3158.000000,3734.478164
3160.000000,3735.761315
3162.000000,3737.042983
3164.000000,3738.323431
3166.000000,3739.602610
3168.000000,3740.880585
3170.000000,3742.157501
3172.000000,3743.433240
3174.000000,3744.708021
3176.000000,3745.981815
3178.000000,3747.254683
3180.000000,3748.526743
3182.000000,3749.797933
3184.000000,3751.068423
3186.000000,3752.338206
3188.000000,3753.607338
3190.000000,3754.875916
3192.000000,3756.143910
3194.000000,3757.411459
3196.000000,3758.678579
3198.000000,3759.945319
3200.000000,3761.211754
3202.000000,3762.477893
3204.000000,3763.743827
3206.000000,3765.009589
3208.000000,3766.275236
3210.000000,3767.540823
3212.000000,3768.806394
3214.000000,3770.071997
3216.000000,3771.337681
3218.000000,3772.603499
3220.000000,3773.869481
3222.000000,3775.135711
3224.000000,3776.402206
3226.000000,3777.669028
3228.000000,3778.936224
3230.000000,3780.203804
3232.000000,3781.471886
3234.000000,3782.740441
3236.000000,3784.009550
3238.000000,3785.279270
3240.000000,3786.549584
3242.000000,3787.820638
3244.000000,3789.092368
3246.000000,3790.364867
3248.000000,3791.638180
3250.000000,3792.912285
3252.000000,3794.187357
3254.000000,3795.463291
3256.000000,3796.740194
3258.000000,3798.018105
3260.000000,3799.296980
3262.000000,3800.577031
3264.000000,3801.858115
3266.000000,3803.140349
3268.000000,3804.423768
3270.000000,3805.708311
3272.000000,3806.994214
3274.000000,3808.281303
3276.000000,3809.569705
3278.000000,3810.859450
3280.000000,3812.150469
3282.000000,3813.443007
3284.000000,3814.736864
3286.000000,3816.032177
3288.000000,3817.328979
3290.000000,3818.627183
3292.000000,3819.927035
3294.000000,3821.228324
3296.000000,3822.531203
3298.000000,3823.835687
3300.000000,3825.141668
3302.000000,3826.449422
3304.000000,3827.758723
3306.000000,3829.069703
3308.000000,3830.382384
3310.000000,3831.696661
3312.000000,3833.012804
3314.000000,3834.330559
3316.000000,3835.650093
3318.000000,3836.971401
3320.000000,3838.294361
3322.000000,3839.619277
3324.000000,3840.945864
3326.000000,3842.274281
3328.000000,3843.604539
3330.000000,3844.936494
3332.000000,3846.270460
3334.000000,3847.606139
3336.000000,3848.943689
3338.000000,3850.283119
3340.000000,3851.624279
3342.000000,3852.967482
3344.000000,3854.312421
3346.000000,3855.659261
3348.000000,3857.007991
3350.000000,3858.358480
3352.000000,3859.711010
3354.000000,3861.065297
3356.000000,3862.421484
3358.000000,3863.779570
3360.000000,3865.139410
3362.000000,3866.501291
3364.000000,3867.864921
3366.000000,3869.230444
3368.000000,3870.597852
3370.000000,3871.967004
3372.000000,3873.338173
3374.000000,3874.711078
3376.000000,3876.085846
3378.000000,3877.462481
3380.000000,3878.840826
3382.000000,3880.221162
3384.000000,3881.603202
3386.000000,3882.987068
3388.000000,3884.372769
3390.000000,3885.760140
3392.000000,3887.149459
3394.000000,3888.540443
3396.000000,3889.933210
3398.000000,3891.327758
3400.000000,3892.723942
3402.000000,3894.122015
3404.000000,3895.521705
3406.000000,3896.923130
3408.000000,3898.326280
3410.000000,3899.731017
3412.000000,3901.137586
3414.000000,3902.545713
3416.000000,3903.955526
3418.000000,3905.367004
3420.000000,3906.780010
3422.000000,3908.194787
3424.000000,3909.611073
3426.000000,3911.028977
3428.000000,3912.448485
3430.000000,3913.869469
3432.000000,3915.292158
3434.000000,3916.716297
3436.000000,3918.141993
3438.000000,3919.569237
3440.000000,3920.997899
3442.000000,3922.428197
3444.000000,3923.859889
3446.000000,3925.293083
3448.000000,3926.727766
3450.000000,3928.163814
3452.000000,3929.601435
3454.000000,3931.040397
3456.000000,3932.480806
3458.000000,3933.922649
3460.000000,3935.365805
3462.000000,3936.810478
3464.000000,3938.256446
3466.000000,3939.703808
3468.000000,3941.152553
3470.000000,3942.602565
3472.000000,3944.054048
3474.000000,3945.506785
3476.000000,3946.960869
3478.000000,3948.416291
3480.000000,3949.872946
3482.000000,3951.331029
3484.000000,3952.790326
3486.000000,3954.250935
3488.000000,3955.712858
3490.000000,3957.175977
3492.000000,3958.640489
3494.000000,3960.106194
3496.000000,3961.573183
3498.000000,3963.041452
3500.000000,3964.510903
3502.000000,3965.981725
3504.000000,3967.453717
3506.000000,3968.926984
3508.000000,3970.401514
3510.000000,3971.877208
3512.000000,3973.354271
3514.000000,3974.832493
3516.000000,3976.311976
3518.000000,3977.792728
3520.000000,3979.274636
3522.000000,3980.757910
3524.000000,3982.242352
3526.000000,3983.728053
3528.000000,3985.215031
3530.000000,3986.703174
3532.000000,3988.192691
3534.000000,3989.683388
3536.000000,3991.175359
3538.000000,3992.668623
3540.000000,3994.163067
3542.000000,3995.658913
3544.000000,3997.155952
3546.000000,3998.654299
3548.000000,4000.153955
3550.000000,4001.654824
3552.000000,4003.157122
3554.000000,4004.660645
3556.000000,4006.165510
3558.000000,4007.671716
3560.000000,4009.179177
3562.000000,4010.688099
3564.000000,4012.198292
3566.000000,4013.709858
3568.000000,4015.222822
3570.000000,4016.737066
3572.000000,4018.252839
3574.000000,4019.769914
3576.000000,4021.288423
3578.000000,4022.808365
3580.000000,4024.329653
3582.000000,4025.852506
3584.000000,4027.376727
3586.000000,4028.902426
3588.000000,4030.429621
3590.000000,4031.958209
3592.000000,4033.488428
3594.000000,4035.020065
3596.000000,4036.553237
3598.000000,4038.087973
3600.000000,4039.624151
3602.000000,4041.162028
3604.000000,4042.701381
3606.000000,4044.242330
3608.000000,4045.784905
3610.000000,4047.328980
3612.000000,4048.874821
3614.000000,4050.422195
3616.000000,4051.971231
3618.000000,4053.521949
3620.000000,4055.074233
3622.000000,4056.628346
3624.000000,4058.184047
3626.000000,4059.741482
3628.000000,4061.300651
3630.000000,4062.861442
3632.000000,4064.424137
3634.000000,4065.988470
3636.000000,4067.554589
3638.000000,4069.122517
3640.000000,4070.692114
3642.000000,4072.263672
3644.000000,4073.836927
3646.000000,4075.412031
3648.000000,4076.988987
3650.000000,4078.567663
3652.000000,4080.148363
3654.000000,4081.730808
3656.000000,4083.315147
3658.000000,4084.901389
3660.000000,4086.489395
3662.000000,4088.079481
3664.000000,4089.671349
3666.000000,4091.265154
3668.000000,4092.860906
3670.000000,4094.458462
3672.000000,4096.058133
3674.000000,4097.659626
3676.000000,4099.263094
3678.000000,4100.868544
3680.000000,4102.475828
3682.000000,4104.085258
3684.000000,4105.696532
3686.000000,4107.309810
3688.000000,4108.925100
3690.000000,4110.542247
3692.000000,4112.161564
3694.000000,4113.782745
3696.000000,4115.405946
3698.000000,4117.031173
3700.000000,4118.658268
3702.000000,4120.287546
3704.000000,4121.918697
3706.000000,4123.551878
3708.000000,4125.187089
3710.000000,4126.824172
3712.000000,4128.463441
3714.000000,4130.104581
3716.000000,4131.747750
3718.000000,4133.392942
3720.000000,4135.040001
3722.000000,4136.689237
3724.000000,4138.340336
3726.000000,4139.993448
3728.000000,4141.648573
3730.000000,4143.305548
3732.000000,4144.964680
3734.000000,4146.625657
3736.000000,4148.288625
3738.000000,4149.953578
3740.000000,4151.620361
3742.000000,4153.289273
3744.000000,4154.960001
3746.000000,4156.632689
3748.000000,4158.307330
3750.000000,4159.983765
3752.000000,4161.662284
3754.000000,4163.342583
3756.000000,4165.024805
3758.000000,4166.708941
3760.000000,4168.394832
3762.000000,4170.082760
3764.000000,4171.772425
3766.000000,4173.463962
3768.000000,4175.157368
3770.000000,4176.852484
3772.000000,4178.549582
3774.000000,4180.248366
3776.000000,4181.948973
3778.000000,4183.651392
3780.000000,4185.355467
3782.000000,4187.061462
3784.000000,4188.769094
3786.000000,4190.478493
3788.000000,4192.189636
3790.000000,4193.902380
3792.000000,4195.616986
3794.000000,4197.333173
3796.000000,4199.051056
3798.000000,4200.770625
3800.000000,4202.491747
3802.000000,4204.214652
3804.000000,4205.939078
3806.000000,4207.665148
3808.000000,4209.392836
3810.000000,4211.122011
3812.000000,4212.852913
3814.000000,4214.585272
3816.000000,4216.319207
3818.000000,4218.054704
3820.000000,4219.791626
3822.000000,4221.530206
3824.000000,4223.270193
3826.000000,4225.011688
3828.000000,4226.754689
3830.000000,4228.499058
3832.000000,4230.245020
3834.000000,4231.992334
3836.000000,4233.741101
3838.000000,4235.491313
3840.000000,4237.242841
3842.000000,4238.995907
3844.000000,4240.750270
3846.000000,4242.506036
3848.000000,4244.263191
3850.000000,4246.021620
3852.000000,4247.781528
3854.000000,4249.542688
3856.000000,4251.305209
3858.000000,4253.069068
3860.000000,4254.834167
3862.000000,4256.600691
3864.000000,4258.368440
3866.000000,4260.137497
3868.000000,4261.907868
3870.000000,4263.679431
3872.000000,4265.452397
3874.000000,4267.226545
3876.000000,4269.001983
3878.000000,4270.778692
3880.000000,4272.556582
3882.000000,4274.335835
3884.000000,4276.116258
3886.000000,4277.897940
3888.000000,4279.680882
3890.000000,4281.464984
3892.000000,4283.250430
3894.000000,4285.037036
3896.000000,4286.824887
3898.000000,4288.613988
3900.000000,4290.404240
3902.000000,4292.195832
3904.000000,4293.988580
3906.000000,4295.782571
3908.000000,4297.577814
3910.000000,4299.374210
3912.000000,4301.171951
3914.000000,4302.970854
3916.000000,4304.771010
3918.000000,4306.572426
3920.000000,4308.375008
3922.000000,4310.178950
3924.000000,4311.984067
3926.000000,4313.790456
3928.000000,4315.598122
3930.000000,4317.406975
3932.000000,4319.217212
3934.000000,4321.028645
3936.000000,4322.841379
3938.000000,4324.655420
3940.000000,4326.470671
3942.000000,4328.287349
3944.000000,4330.105251
3946.000000,4331.924489
3948.000000,4333.745072
3950.000000,4335.566905
3952.000000,4337.390198
3954.000000,4339.214757
3956.000000,4341.040694
3958.000000,4342.868016
3960.000000,4344.696625
3962.000000,4346.526751
3964.000000,4348.358183
3966.000000,4350.191036
3968.000000,4352.025324
3970.000000,4353.860945
3972.000000,4355.698133
3974.000000,4357.536672
3976.000000,4359.376686
3978.000000,4361.218187
3980.000000,4363.061067
3982.000000,4364.905570
3984.000000,4366.751472
3986.000000,4368.598902
3988.000000,4370.447872
3990.000000,4372.298271
3992.000000,4374.150347
3994.000000,4376.003874
3996.000000,4377.858980
3998.000000,4379.715677
4000.000000,4381.573850
4002.000000,4383.433758
4004.000000,4385.295161
4006.000000,4387.158193
4008.000000,4389.022863
4010.000000,4390.889055
4012.000000,4392.757034
4014.000000,4394.626549
4016.000000,4396.497740
4018.000000,4398.370617
4020.000000,4400.245057
4022.000000,4402.121324
4024.000000,4403.999172
4026.000000,4405.878733
4028.000000,4407.760016
4030.000000,4409.642897
4032.000000,4411.527644
4034.000000,4413.413997
4036.000000,4415.302098
4038.000000,4417.191946
4040.000000,4419.083414
4042.000000,4420.976780
4044.000000,4422.871768
4046.000000,4424.768527
4048.000000,4426.667054
4050.000000,4428.567214
4052.000000,4430.469289
4054.000000,4432.372996
4056.000000,4434.278485
4058.000000,4436.185746
4060.000000,4438.094650
4062.000000,4440.005462
4064.000000,4441.917913
4066.000000,4443.832135
4068.000000,4445.748125
4070.000000,4447.665749
4072.000000,4449.585266
4074.000000,4451.506412
4076.000000,4453.429306
4078.000000,4455.353954
4080.000000,4457.280208
4082.000000,4459.208334
4084.000000,4461.138053
4086.000000,4463.069497
4088.000000,4465.002651
4090.000000,4466.937382
4092.000000,4468.873937
4094.000000,4470.812046
4096.000000,4472.751832
4098.000000,4474.693276
4100.000000,4476.636249
4102.000000,4478.580982
4104.000000,4480.527219
4106.000000,4482.475066
4108.000000,4484.424508
4110.000000,4486.375416
4112.000000,4488.328005
4114.000000,4490.282028
4116.000000,4492.237587
4118.000000,4494.194661
4120.000000,4496.153124
4122.000000,4498.113183
4124.000000,4500.074591
4126.000000,4502.037452
4128.000000,4504.001735
4130.000000,4505.967316
4132.000000,4507.934394
4134.000000,4509.902730
4136.000000,4511.872409
4138.000000,4513.843414
4140.000000,4515.815617
4142.000000,4517.789194
4144.000000,4519.763933
4146.000000,4521.739903
4148.000000,4523.717080
4150.000000,4525.695352
4152.000000,4527.674880
4154.000000,4529.655454
4156.000000,4531.637141
4158.000000,4533.619920
4160.000000,4535.603683
4162.000000,4537.588563
4164.000000,4539.574379
4166.000000,4541.561187
4168.000000,4543.548957
4170.000000,4545.537594
4172.000000,4547.527213
4174.000000,4549.517654
4176.000000,4551.508958
4178.000000,4553.501096
4180.000000,4555.493984
4182.000000,4557.487721
4184.000000,4559.482161
4186.000000,4561.477337
4188.000000,4563.473223
4190.000000,4565.469744
4192.000000,4567.466981
4194.000000,4569.464804
4196.000000,4571.463240
4198.000000,4573.462264
4200.000000,4575.461811
4202.000000,4577.461946
4204.000000,4579.462560
4206.000000,4581.463670
4208.000000,4583.465253
4210.000000,4585.467256
4212.000000,4587.469729
4214.000000,4589.472579
4216.000000,4591.475820
4218.000000,4593.479433
4220.000000,4595.483371
4222.000000,4597.487671
4224.000000,4599.492262
4226.000000,4601.497152
4228.000000,4603.502320
4230.000000,4605.507734
4232.000000,4607.513416
4234.000000,4609.519317
4236.000000,4611.525437
4238.000000,4613.531763
4240.000000,4615.538268
4242.000000,4617.544966
4244.000000,4619.551822
4246.000000,4621.558839
4248.000000,4623.566005
4250.000000,4625.573301
4252.000000,4627.580737
4254.000000,4629.588288
4256.000000,4631.595959
4258.000000,4633.603742
4260.000000,4635.611623
4262.000000,4637.619615
4264.000000,4639.627698
4266.000000,4641.635879
4268.000000,4643.644155
4270.000000,4645.652522
4272.000000,4647.660990
4274.000000,4649.669547
4276.000000,4651.678200
4278.000000,4653.686956
4280.000000,4655.695808
4282.000000,4657.704778
4284.000000,4659.713854
4286.000000,4661.723048
4288.000000,4663.732370
4290.000000,4665.741815
4292.000000,4667.751413
4294.000000,4669.761153
4296.000000,4671.771054
4298.000000,4673.781127
4300.000000,4675.791367
4302.000000,4677.801819
4304.000000,4679.812464
4306.000000,4681.823333
4308.000000,4683.834438
4310.000000,4685.845774
4312.000000,4687.857397
4314.000000,4689.869282
4316.000000,4691.881465
4318.000000,4693.893967
4320.000000,4695.906777
4322.000000,4697.919964
4324.000000,4699.933494
4326.000000,4701.947412
4328.000000,4703.961738
4330.000000,4705.976458
4332.000000,4707.991663
4334.000000,4710.007299
4336.000000,4712.023422
4338.000000,4714.040054
4340.000000,4716.057174
4342.000000,4718.074886
4344.000000,4720.093126
4346.000000,4722.111956
4348.000000,4724.131401
4350.000000,4726.151429
4352.000000,4728.172159
4354.000000,4730.193512
4356.000000,4732.215557
4358.000000,4734.238316
4360.000000,4736.261749
4362.000000,4738.285993
4364.000000,4740.310950
4366.000000,4742.336694
4368.000000,4744.363244
4370.000000,4746.390554
4372.000000,4748.418768
4374.000000,4750.447771
4376.000000,4752.477644
4378.000000,4754.508402
4380.000000,4756.539986
4382.000000,4758.572553
4384.000000,4760.605968
4386.000000,4762.640317
4388.000000,4764.675607
4390.000000,4766.711773
4392.000000,4768.748971
4394.000000,4770.787055
4396.000000,4772.826105
4398.000000,4774.866126
4400.000000,4776.907044
4402.000000,4778.949009
4404.000000,4780.991870
4406.000000,4783.035699
4408.000000,4785.080494
4410.000000,4787.126173
4412.000000,4789.172876
4414.000000,4791.220448
4416.000000,4793.268950
4418.000000,4795.318369
4420.000000,4797.368620
4422.000000,4799.419825
4424.000000,4801.471829
4426.000000,4803.524677
4428.000000,4805.578348
4430.000000,4807.632756
4432.000000,4809.687993
4434.000000,4811.743914
4436.000000,4813.800546
4438.000000,4815.857853
4440.000000,4817.915753
4442.000000,4819.974301
4444.000000,4822.033365
4446.000000,4824.092949
4448.000000,4826.153004
4450.000000,4828.213454
4452.000000,4830.274307
4454.000000,4832.335456
4456.000000,4834.396872
4458.000000,4836.458496
4460.000000,4838.520259
4462.000000,4840.582116
4464.000000,4842.643991
4466.000000,4844.705820
4468.000000,4846.767531
4470.000000,4848.829072
4472.000000,4850.890327
4474.000000,4852.951264
4476.000000,4855.011782
4478.000000,4857.071792
4480.000000,4859.131261
4482.000000,4861.190000
4484.000000,4863.248028
4486.000000,4865.305197
4488.000000,4867.361409
4490.000000,4869.416652
4492.000000,4871.470653
4494.000000,4873.523493
4496.000000,4875.574975
4498.000000,4877.624988
4500.000000,4879.673549
4502.000000,4881.720296
4504.000000,4883.765375
4506.000000,4885.808541
4508.000000,4887.849670
4510.000000,4889.888816
4512.000000,4891.925513
4514.000000,4893.959990
4516.000000,4895.991948
4518.000000,4898.021251
4520.000000,4900.047994
4522.000000,4902.071602
4524.000000,4904.092397
4526.000000,4906.110019
4528.000000,4908.124324
4530.000000,4910.135451
4532.000000,4912.142716
4534.000000,4914.146537
4536.000000,4916.146494
4538.000000,4918.142439
4540.000000,4920.134556
4542.000000,4922.122050
4544.000000,4924.105439
4546.000000,4926.084248
4548.000000,4928.058322
4550.000000,4930.027900
4552.000000,4931.992067
4554.000000,4933.951453
4556.000000,4935.905525
4558.000000,4937.854124
4560.000000,4939.797544
4562.000000,4941.734758
4564.000000,4943.666507
4566.000000,4945.592202
4568.000000,4947.511682
4570.000000,4949.425302
4572.000000,4951.331918
4574.000000,4953.232391
4576.000000,4955.126073
4578.000000,4957.012811
4580.000000,4958.893013
4582.000000,4960.765430
4584.000000,4962.631039
4586.000000,4964.489140
4588.000000,4966.339586
4590.000000,4968.182844
4592.000000,4970.017562
4594.000000,4971.844833
4596.000000,4973.663909
4598.000000,4975.474649
4600.000000,4977.277581
4602.000000,4979.071263
4604.000000,4980.856890
4606.000000,4982.633674
4608.000000,4984.401488
4610.000000,4986.160916
4612.000000,4987.910427
4614.000000,4989.651325
4616.000000,4991.382787
4618.000000,4993.104694
4620.000000,4994.817688
4622.000000,4996.520162
4624.000000,4998.213520
4626.000000,4999.896908
4628.000000,5001.570220
4630.000000,5003.234150
4632.000000,5004.887028
4634.000000,5006.530345
4636.000000,5008.163227
4638.000000,5009.785582
4640.000000,5011.398148
4642.000000,5012.999207
4644.000000,5014.590331
4646.000000,5016.170624
4648.000000,5017.740010
4650.000000,5019.299273
4652.000000,5020.846653
4654.000000,5022.383791
4656.000000,5023.909777
4658.000000,5025.424554
4660.000000,5026.928942
4662.000000,5028.421153
4664.000000,5029.902884
4666.000000,5031.373222
4668.000000,5032.832124
4670.000000,5034.280439
4672.000000,5035.716364
4674.000000,5037.141642
4676.000000,5038.555358
4678.000000,5039.957487
4680.000000,5041.348896
4682.000000,5042.727785
4684.000000,5044.095920
4686.000000,5045.452394
4688.000000,5046.797193
4690.000000,5048.131209
4692.000000,5049.452634
4694.000000,5050.763262
4696.000000,5052.062193
4698.000000,5053.349423
4700.000000,5054.625856
4702.000000,5055.889692
4704.000000,5057.142737
4706.000000,5058.384099
4708.000000,5059.613787
4710.000000,5060.832707
4712.000000,5062.039073
4714.000000,5063.234699
4716.000000,5064.418695
4718.000000,5065.591081
4720.000000,5066.752762
4722.000000,5067.901975
4724.000000,5069.040518
4726.000000,5070.167521
4728.000000,5071.283001
4730.000000,5072.387864
4732.000000,5073.480365
4734.000000,5074.562284
4736.000000,5075.632765
4738.000000,5076.691828
4740.000000,5077.740367
4742.000000,5078.776660
4744.000000,5079.802469
4746.000000,5080.816940
4748.000000,5081.820097
4750.000000,5082.812826
4752.000000,5083.793409
4754.000000,5084.763605
4756.000000,5085.722557
4758.000000,5086.670286
4760.000000,5087.607665
4762.000000,5088.532995
4764.000000,5089.448004
4766.000000,5090.351846
4768.000000,5091.244535
4770.000000,5092.126936
4772.000000,5092.997349
4774.000000,5093.857489
4776.000000,5094.706514
4778.000000,5095.544422
4780.000000,5096.372078
4782.000000,5097.187771
4784.000000,5097.993216
4786.000000,5098.787558
4788.000000,5099.570795
4790.000000,5100.343780
4792.000000,5101.104800
4794.000000,5101.855562
4796.000000,5102.595206
4798.000000,5103.323722
4800.000000,5104.041961
4802.000000,5104.748204
4804.000000,5105.444148
4806.000000,5106.128936
4808.000000,5106.802547
4810.000000,5107.465843
4812.000000,5108.117073
4814.000000,5108.757964
4816.000000,5109.387636
4818.000000,5110.006076
4820.000000,5110.614139
4822.000000,5111.210084
4824.000000,5111.795631
4826.000000,5112.369900
4828.000000,5112.932883
4830.000000,5113.485449
4832.000000,5114.025839
4834.000000,5114.555797
4836.000000,5115.074443
4838.000000,5115.581782
4840.000000,5116.078676
4842.000000,5116.563391
4844.000000,5117.037676
4846.000000,5117.500663
4848.000000,5117.952367
4850.000000,5118.393668
4852.000000,5118.822846
4854.000000,5119.241664
4856.000000,5119.649277
4858.000000,5120.045708
4860.000000,5120.431865
4862.000000,5120.806065
4864.000000,5121.170057
4866.000000,5121.523046
4868.000000,5121.865084
4870.000000,5122.197072
4872.000000,5122.517395
4874.000000,5122.827799
4876.000000,5123.127527
4878.000000,5123.416678
4880.000000,5123.696136
4882.000000,5123.964392
4884.000000,5124.223161
4886.000000,5124.471747
4888.000000,5124.710284
4890.000000,5124.939646
4892.000000,5125.158462
4894.000000,5125.368373
4896.000000,5125.568772
4898.000000,5125.759838
4900.000000,5125.942408
4902.000000,5126.115280
4904.000000,5126.280008
4906.000000,5126.436081
4908.000000,5126.583700
4910.000000,5126.723695
4912.000000,5126.855018
4914.000000,5126.979114
4916.000000,5127.095588
4918.000000,5127.204679
4920.000000,5127.307141
4922.000000,5127.402147
4924.000000,5127.490987
4926.000000,5127.573374
4928.000000,5127.649566
4930.000000,5127.720265
4932.000000,5127.784843
4934.000000,5127.844407
4936.000000,5127.898792
4938.000000,5127.948266
4940.000000,5127.993440
4942.000000,5128.033876
4944.000000,5128.070507
4946.000000,5128.103247
4948.000000,5128.132373
4950.000000,5128.158370
4952.000000,5128.181009
4954.000000,5128.200987
4956.000000,5128.218326
4958.000000,5128.233250
4960.000000,5128.246142
4962.000000,5128.256914
4964.000000,5128.266059
4966.000000,5128.273633
4968.000000,5128.279826
4970.000000,5128.284908
4972.000000,5128.288873
4974.000000,5128.292022
4976.000000,5128.294430
4978.000000,5128.296232
4980.000000,5128.297561
4982.000000,5128.298475
4984.000000,5128.299114
4986.000000,5128.299515
4988.000000,5128.299767
4990.000000,5128.299908
4992.000000,5128.299973
4994.000000,5128.300000
4996.000000,5128.300000
4998.000000,5128.300000
5000.000000,5128.300000
5002.000000,5128.300000
5004.000000,5128.300000
5006.000000,5128.300000
5008.000000,5128.300000
5010.000000,5128.300000
5012.000000,5128.300000
5014.000000,5128.300000
5016.000000,5128.300000
5018.000000,5128.300000
5020.000000,5128.300000
5022.000000,5128.300000
5024.000000,5128.300000
5026.000000,5128.300000
5028.000000,5128.300000
5030.000000,5128.300000
5032.000000,5128.300000
5034.000000,5128.300000
5036.000000,5128.300000
5038.000000,5128.300000
5040.000000,5128.300000
5042.000000,5128.300000
5044.000000,5128.300000
5046.000000,5128.300000
5048.000000,5128.300000
5050.000000,5128.300000
5052.000000,5128.300000
5054.000000,5128.300000
5056.000000,5128.300000
5058.000000,5128.300000
5060.000000,5128.300000
5062.000000,5128.300000
5064.000000,5128.300000
5066.000000,5128.300000
5068.000000,5128.300000
5070.000000,5128.300000
5072.000000,5128.300000
5074.000000,5128.300000
5076.000000,5128.300000
5078.000000,5128.300000
5080.000000,5128.300000
5082.000000,5128.300000
5084.000000,5128.300000
5086.000000,5128.300000
5088.000000,5128.300000
5090.000000,5128.300000
5092.000000,5128.300000
5094.000000,5128.300000
5096.000000,5128.300000
5098.000000,5128.300000
5100.000000,5128.300000
5102.000000,5128.300000
5104.000000,5128.300000
5106.000000,5128.300000
5108.000000,5128.300000
5110.000000,5128.300000
5112.000000,5128.300000
5114.000000,5128.300000
5116.000000,5128.300000
5118.000000,5128.300000
5120.000000,5128.300000
5122.000000,5128.300000
5124.000000,5128.300000
5126.000000,5128.300000
5128.000000,5128.300000
5130.000000,5128.300000
5132.000000,5128.300000
5134.000000,5128.300000
5136.000000,5128.300000
5138.000000,5128.300000
5140.000000,5128.300000
5142.000000,5128.300000
5144.000000,5128.300000
5146.000000,5128.300000
5148.000000,5128.300000
5150.000000,5128.300000
5152.000000,5128.300000
5154.000000,5128.300000
5156.000000,5128.300000
5158.000000,5128.300000
5160.000000,5128.300000
5162.000000,5128.300000
5164.000000,5128.300000
5166.000000,5128.300000
5168.000000,5128.300000
5170.000000,5128.300000
5172.000000,5128.300000
5174.000000,5128.300000
5176.000000,5128.300000
5178.000000,5128.300000
5180.000000,5128.300000
5182.000000,5128.300000
5184.000000,5128.300000
5186.000000,5128.300000
5188.000000,5128.300000
5190.000000,5128.300000
5192.000000,5128.300000
5194.000000,5128.300000
5196.000000,5128.300000
5198.000000,5128.300000
5200.000000,5128.300000
5202.000000,5128.300000
5204.000000,5128.300000
5206.000000,5128.300000
5208.000000,5128.300000
5210.000000,5128.300000
5212.000000,5128.300000
5214.000000,5128.300000
5216.000000,5128.300000
5218.000000,5128.300000
5220.000000,5128.300000
5222.000000,5128.300000
5224.000000,5128.300000
5226.000000,5128.300000
5228.000000,5128.300000
5230.000000,5128.300000
5232.000000,5128.300000
5234.000000,5128.300000
5236.000000,5128.300000
5238.000000,5128.300000
5240.000000,5128.300000
5242.000000,5128.300000
5244.000000,5128.300000
5246.000000,5128.300000
5248.000000,5128.300000
5250.000000,5128.300000
5252.000000,5128.300000
5254.000000,5128.300000
5256.000000,5128.300000
5258.000000,5128.300000
5260.000000,5128.300000
5262.000000,5128.300000
5264.000000,5128.300000
5266.000000,5128.300000
5268.000000,5128.300000
5270.000000,5128.300000
5272.000000,5128.300000
5274.000000,5128.300000
5276.000000,5128.300000
5278.000000,5128.300000
5280.000000,5128.300000
5282.000000,5128.300000
5284.000000,5128.300000
5286.000000,5128.300000
5288.000000,5128.300000
5290.000000,5128.300000
5292.000000,5128.300000
5294.000000,5128.300000
5296.000000,5128.300000
5298.000000,5128.300000
5300.000000,5128.300000
5302.000000,5128.300000
5304.000000,5128.300000
5306.000000,5128.300000
5308.000000,5128.300000
5310.000000,5128.300000
5312.000000,5128.300000
5314.000000,5128.300000
5316.000000,5128.300000
5318.000000,5128.300000
5320.000000,5128.300000
5322.000000,5128.300000
5324.000000,5128.300000
5326.000000,5128.300000
5328.000000,5128.300000
5330.000000,5128.300000
5332.000000,5128.300000
5334.000000,5128.300000
5336.000000,5128.300000
5338.000000,5128.300000
5340.000000,5128.300000
5342.000000,5128.300000
5344.000000,5128.300000
5346.000000,5128.300000
5348.000000,5128.300000
5350.000000,5128.300000
5352.000000,5128.300000
5354.000000,5128.300000
5356.000000,5128.300000
5358.000000,5128.300000
5360.000000,5128.300000
5362.000000,5128.300000
5364.000000,5128.300000
5366.000000,5128.300000
5368.000000,5128.300000
5370.000000,5128.300000
5372.000000,5128.300000
5374.000000,5128.300000
5376.000000,5128.300000
5378.000000,5128.300000
5380.000000,5128.300000
5382.000000,5128.300000
5384.000000,5128.300000
5386.000000,5128.300000
5388.000000,5128.300000
5390.000000,5128.300000
5392.000000,5128.300000
5394.000000,5128.300000
5396.000000,5128.300000
5398.000000,5128.300000
5400.000000,5128.300000
5402.000000,5128.300000
5404.000000,5128.300000
5406.000000,5128.300000
5408.000000,5128.300000
5410.000000,5128.300000
5412.000000,5128.300000
5414.000000,5128.300000
5416.000000,5128.300000
5418.000000,5128.300000
5420.000000,5128.300000
5422.000000,5128.300000
5424.000000,5128.300000
5426.000000,5128.300000
5428.000000,5128.300000
5430.000000,5128.300000
5432.000000,5128.300000
5434.000000,5128.300000
5436.000000,5128.300000
5438.000000,5128.300000
5440.000000,5128.300000
5442.000000,5128.300000
5444.000000,5128.300000
5446.000000,5128.300000
5448.000000,5128.300000
5450.000000,5128.300000
5452.000000,5128.300000
5454.000000,5128.300000
5456.000000,5128.300000
5458.000000,5128.300000
5460.000000,5128.300000
5462.000000,5128.300000
5464.000000,5128.300000
5466.000000,5128.300000
5468.000000,5128.300000
5470.000000,5128.300000
5472.000000,5128.300000
5474.000000,5128.300000
5476.000000,5128.300000
5478.000000,5128.300000
5480.000000,5128.300000
5482.000000,5128.300000
5484.000000,5128.300000
5486.000000,5128.300000
5488.000000,5128.300000
5490.000000,5128.300000
5492.000000,5128.300000
5494.000000,5128.300000
5496.000000,5128.300000
5498.000000,5128.300000
5500.000000,5128.300000
5502.000000,5128.300000
5504.000000,5128.300000
5506.000000,5128.300000
5508.000000,5128.300000
5510.000000,5128.300000
5512.000000,5128.300000
5514.000000,5128.300000
5516.000000,5128.300000
5518.000000,5128.300000
5520.000000,5128.300000
5522.000000,5128.300000
5524.000000,5128.300000
5526.000000,5128.300000
5528.000000,5128.300000
5530.000000,5128.300000
5532.000000,5128.300000
5534.000000,5128.300000
5536.000000,5128.300000
5538.000000,5128.300000
5540.000000,5128.300000
5542.000000,5128.300000
5544.000000,5128.300000
5546.000000,5128.300000
5548.000000,5128.300000
5550.000000,5128.300000
5552.000000,5128.300000
5554.000000,5128.300000
5556.000000,5128.300000
5558.000000,5128.300000
5560.000000,5128.300000
5562.000000,5128.300000
5564.000000,5128.300000
5566.000000,5128.300000
5568.000000,5128.300000
5570.000000,5128.300000
5572.000000,5128.300000
5574.000000,5128.300000
5576.000000,5128.300000
5578.000000,5128.300000
5580.000000,5128.300000
5582.000000,5128.300000
5584.000000,5128.300000
5586.000000,5128.300000
5588.000000,5128.300000
5590.000000,5128.300000
5592.000000,5128.300000
5594.000000,5128.300000
5596.000000,5128.300000
5598.000000,5128.300000
5600.000000,5128.300000
5602.000000,5128.300000
5604.000000,5128.300000
5606.000000,5128.300000
5608.000000,5128.300000
5610.000000,5128.300000
5612.000000,5128.300000
5614.000000,5128.300000
5616.000000,5128.300000
5618.000000,5128.300000
5620.000000,5128.300000
5622.000000,5128.300000
5624.000000,5128.300000
5626.000000,5128.300000
5628.000000,5128.300000
5630.000000,5128.300000
5632.000000,5128.300000
5634.000000,5128.300000
5636.000000,5128.300000
5638.000000,5128.300000
5640.000000,5128.300000
5642.000000,5128.300000
5644.000000,5128.300000
5646.000000,5128.300000
5648.000000,5128.300000
5650.000000,5128.300000
5652.000000,5128.300000
5654.000000,5128.300000
5656.000000,5128.300000
5658.000000,5128.300000
5660.000000,5128.300000
5662.000000,5128.300000
5664.000000,5128.300000
5666.000000,5128.300000
5668.000000,5128.300000
5670.000000,5128.300000
5672.000000,5128.300000
5674.000000,5128.300000
5676.000000,5128.300000
5678.000000,5128.300000
5680.000000,5128.300000
5682.000000,5128.300000
5684.000000,5128.300000
5686.000000,5128.300000
5688.000000,5128.300000
5690.000000,5128.300000
5692.000000,5128.300000
5694.000000,5128.300000
5696.000000,5128.300000
5698.000000,5128.300000
5700.000000,5128.300000
5702.000000,5128.300000
5704.000000,5128.300000
5706.000000,5128.300000
5708.000000,5128.300000
5710.000000,5128.300000
5712.000000,5128.300000
5714.000000,5128.300000
5716.000000,5128.300000
5718.000000,5128.300000
5720.000000,5128.300000
5722.000000,5128.300000
5724.000000,5128.300000
5726.000000,5128.300000
5728.000000,5128.300000
5730.000000,5128.300000
5732.000000,5128.300000
5734.000000,5128.300000
5736.000000,5128.300000
5738.000000,5128.300000
5740.000000,5128.300000
5742.000000,5128.300000
5744.000000,5128.300000
5746.000000,5128.300000
5748.000000,5128.300000
5750.000000,5128.300000
5752.000000,5128.300000
5754.000000,5128.300000
5756.000000,5128.300000
5758.000000,5128.300000
5760.000000,5128.300000
5762.000000,5128.300000
5764.000000,5128.300000
5766.000000,5128.300000
5768.000000,5128.300000
5770.000000,5128.300000
5772.000000,5128.300000
5774.000000,5128.300000
5776.000000,5128.300000
5778.000000,5128.300000
5780.000000,5128.300000
5782.000000,5128.300000
5784.000000,5128.300000
5786.000000,5128.300000
5788.000000,5128.300000
5790.000000,5128.300000
5792.000000,5128.300000
5794.000000,5128.300000
5796.000000,5128.300000
5798.000000,5128.300000
5800.000000,5128.300000
5802.000000,5128.300000
5804.000000,5128.300000
5806.000000,5128.300000
5808.000000,5128.300000
5810.000000,5128.300000
5812.000000,5128.300000
5814.000000,5128.300000
5816.000000,5128.300000
5818.000000,5128.300000
5820.000000,5128.300000
5822.000000,5128.300000
5824.000000,5128.300000
5826.000000,5128.300000
5828.000000,5128.300000
5830.000000,5128.300000
5832.000000,5128.300000
5834.000000,5128.300000
5836.000000,5128.300000
5838.000000,5128.300000
5840.000000,5128.300000
5842.000000,5128.300000
5844.000000,5128.300000
5846.000000,5128.300000
5848.000000,5128.300000
5850.000000,5128.300000
5852.000000,5128.300000
5854.000000,5128.300000
5856.000000,5128.300000
5858.000000,5128.300000
5860.000000,5128.300000
5862.000000,5128.300000
5864.000000,5128.300000
5866.000000,5128.300000
5868.000000,5128.300000
5870.000000,5128.300000
5872.000000,5128.300000
5874.000000,5128.300000
5876.000000,5128.300000
5878.000000,5128.300000
5880.000000,5128.300000
5882.000000,5128.300000
5884.000000,5128.300000
5886.000000,5128.300000
5888.000000,5128.300000
5890.000000,5128.300000
5892.000000,5128.300000
5894.000000,5128.300000
5896.000000,5128.300000
5898.000000,5128.300000
5900.000000,5128.300000
5902.000000,5128.300000
5904.000000,5128.300000
5906.000000,5128.300000
5908.000000,5128.300000
5910.000000,5128.300000
5912.000000,5128.300000
5914.000000,5128.300000
5916.000000,5128.300000
5918.000000,5128.300000
5920.000000,5128.300000
5922.000000,5128.300000
5924.000000,5128.300000
5926.000000,5128.300000
5928.000000,5128.300000
5930.000000,5128.300000
5932.000000,5128.300000
5934.000000,5128.300000
5936.000000,5128.300000
5938.000000,5128.300000
5940.000000,5128.300000
5942.000000,5128.300000
5944.000000,5128.300000
5946.000000,5128.300000
5948.000000,5128.300000
5950.000000,5128.300000
5952.000000,5128.300000
5954.000000,5128.300000
5956.000000,5128.300000
5958.000000,5128.300000
5960.000000,5128.300000
5962.000000,5128.300000
5964.000000,5128.300000
5966.000000,5128.300000
5968.000000,5128.300000
5970.000000,5128.300000
5972.000000,5128.300000
5974.000000,5128.300000
5976.000000,5128.300000
5978.000000,5128.300000
5980.000000,5128.300000
5982.000000,5128.300000
5984.000000,5128.300000
5986.000000,5128.300000
5988.000000,5128.300000
5990.000000,5128.300000
5992.000000,5128.300000
5994.000000,5128.300000
5996.000000,5128.300000
5998.000000,5128.300000
6000.000000,5128.300000
6002.000000,5128.300000
6004.000000,5128.300000
6006.000000,5128.300000
6008.000000,5128.299973
6010.000000,5128.299908
6012.000000,5128.299767
6014.000000,5128.299515
6016.000000,5128.299114
6018.000000,5128.298475
6020.000000,5128.297561
6022.000000,5128.296232
6024.000000,5128.294430
6026.000000,5128.292022
6028.000000,5128.288873
6030.000000,5128.284908
6032.000000,5128.279826
6034.000000,5128.273633
6036.000000,5128.266059
6038.000000,5128.256914
6040.000000,5128.246142
6042.000000,5128.233250
6044.000000,5128.218326
6046.000000,5128.200987
6048.000000,5128.181009
6050.000000,5128.158370
6052.000000,5128.132373
6054.000000,5128.103247
6056.000000,5128.070507
6058.000000,5128.033876
6060.000000,5127.993440
6062.000000,5127.948266
6064.000000,5127.898792
6066.000000,5127.844407
6068.000000,5127.784843
6070.000000,5127.720265
6072.000000,5127.649566
6074.000000,5127.573374
6076.000000,5127.490987
6078.000000,5127.402147
6080.000000,5127.307141
6082.000000,5127.204679
6084.000000,5127.095588
6086.000000,5126.979114
6088.000000,5126.855018
6090.000000,5126.723695
6092.000000,5126.583700
6094.000000,5126.436081
6096.000000,5126.280008
6098.000000,5126.115280
6100.000000,5125.942408
6102.000000,5125.759838
6104.000000,5125.568772
6106.000000,5125.368373
6108.000000,5125.158462
6110.000000,5124.939646
6112.000000,5124.710284
6114.000000,5124.471747
6116.000000,5124.223161
6118.000000,5123.964392
6120.000000,5123.696136
6122.000000,5123.416678
6124.000000,5123.127527
6126.000000,5122.827799
6128.000000,5122.517395
6130.000000,5122.197072
6132.000000,5121.865084
6134.000000,5121.523046
6136.000000,5121.170057
6138.000000,5120.806065
6140.000000,5120.431865
6142.000000,5120.045708
6144.000000,5119.649277
6146.000000,5119.241664
6148.000000,5118.822846
6150.000000,5118.393668
6152.000000,5117.952367
6154.000000,5117.500663
6156.000000,5117.037676
6158.000000,5116.563391
6160.000000,5116.078676
6162.000000,5115.581782
6164.000000,5115.074443
6166.000000,5114.555797
6168.000000,5114.025839
6170.000000,5113.485449
6172.000000,5112.932883
6174.000000,5112.369900
6176.000000,5111.795631
6178.000000,5111.210084
6180.000000,5110.614139
6182.000000,5110.006076
6184.000000,5109.387636
6186.000000,5108.757964
6188.000000,5108.117073
6190.000000,5107.465843
6192.000000,5106.802547
6194.000000,5106.128936
6196.000000,5105.444148
6198.000000,5104.748204
6200.000000,5104.041961
6202.000000,5103.323722
6204.000000,5102.595206
6206.000000,5101.855562
6208.000000,5101.104800
6210.000000,5100.343780
6212.000000,5099.570795
6214.000000,5098.787558
6216.000000,5097.993216
6218.000000,5097.187771
6220.000000,5096.372078
6222.000000,5095.544422
6224.000000,5094.706514
6226.000000,5093.857489
6228.000000,5092.997349
6230.000000,5092.126936
6232.000000,5091.244535
6234.000000,5090.351846
6236.000000,5089.448004
6238.000000,5088.532995
6240.000000,5087.607665
6242.000000,5086.670286
6244.000000,5085.722557
6246.000000,5084.763605
6248.000000,5083.793409
6250.000000,5082.812826
6252.000000,5081.820097
6254.000000,5080.816940
6256.000000,5079.802469
6258.000000,5078.776660
6260.000000,5077.740367
6262.000000,5076.691828
6264.000000,5075.632765
6266.000000,5074.562284
6268.000000,5073.480365
6270.000000,5072.387864
6272.000000,5071.283001
6274.000000,5070.167521
6276.000000,5069.040518
6278.000000,5067.901975
6280.000000,5066.752762
6282.000000,5065.591081
6284.000000,5064.418695
6286.000000,5063.234699
6288.000000,5062.039073
6290.000000,5060.832707
6292.000000,5059.613787
6294.000000,5058.384099
6296.000000,5057.142737
6298.000000,5055.889692
6300.000000,5054.625856
6302.000000,5053.349423
6304.000000,5052.062193
6306.000000,5050.763262
6308.000000,5049.452634
6310.000000,5048.131209
6312.000000,5046.797193
6314.000000,5045.452394
6316.000000,5044.095920
6318.000000,5042.727785
6320.000000,5041.348896
6322.000000,5039.957487
6324.000000,5038.555358
6326.000000,5037.141642
6328.000000,5035.716364
6330.000000,5034.280439
6332.000000,5032.832124
6334.000000,5031.373222
6336.000000,5029.902884
6338.000000,5028.421153
6340.000000,5026.928942
6342.000000,5025.424554
6344.000000,5023.909777
6346.000000,5022.383791
6348.000000,5020.846653
6350.000000,5019.299273
6352.000000,5017.740010
6354.000000,5016.170624
6356.000000,5014.590331
6358.000000,5012.999207
6360.000000,5011.398148
6362.000000,5009.785582
6364.000000,5008.163227
6366.000000,5006.530345
6368.000000,5004.887028
6370.000000,5003.234150
6372.000000,5001.570220
6374.000000,4999.896908
6376.000000,4998.213520
6378.000000,4996.520162
6380.000000,4994.817688
6382.000000,4993.104694
6384.000000,4991.382787
6386.000000,4989.651325
6388.000000,4987.910427
6390.000000,4986.160916
6392.000000,4984.401488
6394.000000,4982.633674
6396.000000,4980.856890
6398.000000,4979.071263
6400.000000,4977.277581
6402.000000,4975.474649
6404.000000,4973.663909
6406.000000,4971.844833
6408.000000,4970.017562
6410.000000,4968.182844
6412.000000,4966.339586
6414.000000,4964.489140
6416.000000,4962.631039
6418.000000,4960.765430
6420.000000,4958.893013
6422.000000,4957.012811
6424.000000,4955.126073
6426.000000,4953.232391
6428.000000,4951.331918
6430.000000,4949.425302
6432.000000,4947.511682
6434.000000,4945.592202
6436.000000,4943.666507
6438.000000,4941.734758
6440.000000,4939.797544
6442.000000,4937.854124
6444.000000,4935.905525
6446.000000,4933.951453
6448.000000,4931.992067
6450.000000,4930.027900
6452.000000,4928.058322
6454.000000,4926.084248
6456.000000,4924.105439
6458.000000,4922.122050
6460.000000,4920.134556
6462.000000,4918.142439
6464.000000,4916.146494
6466.000000,4914.146537
6468.000000,4912.142716
6470.000000,4910.135451
6472.000000,4908.124324
6474.000000,4906.110019
6476.000000,4904.092397
6478.000000,4902.071602
6480.000000,4900.047994
6482.000000,4898.021251
6484.000000,4895.991948
6486.000000,4893.959990
6488.000000,4891.925513
6490.000000,4889.888816
6492.000000,4887.849670
6494.000000,4885.808541
6496.000000,4883.765375
6498.000000,4881.720296
6500.000000,4879.673549
6502.000000,4877.624988
6504.000000,4875.574975
6506.000000,4873.523493
6508.000000,4871.470653
6510.000000,4869.416652
6512.000000,4867.361409
6514.000000,4865.305197
6516.000000,4863.248028
6518.000000,4861.190000
6520.000000,4859.131261
6522.000000,4857.071792
6524.000000,4855.011782
6526.000000,4852.951264
6528.000000,4850.890327
6530.000000,4848.829072
6532.000000,4846.767531
6534.000000,4844.705820
6536.000000,4842.643991
6538.000000,4840.582116
6540.000000,4838.520259
6542.000000,4836.458496
6544.000000,4834.396872
6546.000000,4832.335456
6548.000000,4830.274307
6550.000000,4828.213454
6552.000000,4826.153004
6554.000000,4824.092949
6556.000000,4822.033365
6558.000000,4819.974301
6560.000000,4817.915753
6562.000000,4815.857853
6564.000000,4813.800546
6566.000000,4811.743914
6568.000000,4809.687993
6570.000000,4807.632756
6572.000000,4805.578348
6574.000000,4803.524677
6576.000000,4801.471829
6578.000000,4799.419825
6580.000000,4797.368620
6582.000000,4795.318369
6584.000000,4793.268950
6586.000000,4791.220448
6588.000000,4789.172876
6590.000000,4787.126173
6592.000000,4785.080494
6594.000000,4783.035699
6596.000000,4780.991870
6598.000000,4778.949009
6600.000000,4776.907044
6602.000000,4774.866126
6604.000000,4772.826105
6606.000000,4770.787055
6608.000000,4768.748971
6610.000000,4766.711773
6612.000000,4764.675607
6614.000000,4762.640317
6616.000000,4760.605968
6618.000000,4758.572553
6620.000000,4756.539986
6622.000000,4754.508402
6624.000000,4752.477644
6626.000000,4750.447771
6628.000000,4748.418768
6630.000000,4746.390554
6632.000000,4744.363244
6634.000000,4742.336694
6636.000000,4740.310950
6638.000000,4738.285993
6640.000000,4736.261749
6642.000000,4734.238316
6644.000000,4732.215557
6646.000000,4730.193512
6648.000000,4728.172159
6650.000000,4726.151429
6652.000000,4724.131401
6654.000000,4722.111956
6656.000000,4720.093126
6658.000000,4718.074886
6660.000000,4716.057174
6662.000000,4714.040054
6664.000000,4712.023422
6666.000000,4710.007299
6668.000000,4707.991663
6670.000000,4705.976458
6672.000000,4703.961738
6674.000000,4701.947412
6676.000000,4699.933494
6678.000000,4697.919964
6680.000000,4695.906777
6682.000000,4693.893967
6684.000000,4691.881465
6686.000000,4689.869282
6688.000000,4687.857397
6690.000000,4685.845774
6692.000000,4683.834438
6694.000000,4681.823333
6696.000000,4679.812464
6698.000000,4677.801819
6700.000000,4675.791367
6702.000000,4673.781127
6704.000000,4671.771054
6706.000000,4669.761153
6708.000000,4667.751413
6710.000000,4665.741815
6712.000000,4663.732370
6714.000000,4661.723048
6716.000000,4659.713854
6718.000000,4657.704778
6720.000000,4655.695808
6722.000000,4653.686956
6724.000000,4651.678200
6726.000000,4649.669547
6728.000000,4647.660990
6730.000000,4645.652522
6732.000000,4643.644155
6734.000000,4641.635879
6736.000000,4639.627698
6738.000000,4637.619615
6740.000000,4635.611623
6742.000000,4633.603742
6744.000000,4631.595959
6746.000000,4629.588288
6748.000000,4627.580737
6750.000000,4625.573301
6752.000000,4623.566005
6754.000000,4621.558839
6756.000000,4619.551822
6758.000000,4617.544966
6760.000000,4615.538268
6762.000000,4613.531763
6764.000000,4611.525437
6766.000000,4609.519317
6768.000000,4607.513416
6770.000000,4605.507734
6772.000000,4603.502320
6774.000000,4601.497152
6776.000000,4599.492262
6778.000000,4597.487671
6780.000000,4595.483371
6782.000000,4593.479433
6784.000000,4591.475820
6786.000000,4589.472579
6788.000000,4587.469729
6790.000000,4585.467256
6792.000000,4583.465253
6794.000000,4581.463670
6796.000000,4579.462560
6798.000000,4577.461946
6800.000000,4575.461811
6802.000000,4573.462264
6804.000000,4571.463240
6806.000000,4569.464804
6808.000000,4567.466981
6810.000000,4565.469744
6812.000000,4563.473223
6814.000000,4561.477337
6816.000000,4559.482161
6818.000000,4557.487721
6820.000000,4555.493984
6822.000000,4553.501096
6824.000000,4551.508958
6826.000000,4549.517654
6828.000000,4547.527213
6830.000000,4545.537594
6832.000000,4543.548957
6834.000000,4541.561187
6836.000000,4539.574379
6838.000000,4537.588563
6840.000000,4535.603683
6842.000000,4533.619920
6844.000000,4531.637141
6846.000000,4529.655454
6848.000000,4527.674880
6850.000000,4525.695352
6852.000000,4523.717080
6854.000000,4521.739903
6856.000000,4519.763933
6858.000000,4517.789194
6860.000000,4515.815617
6862.000000,4513.843414
6864.000000,4511.872409
6866.000000,4509.902730
6868.000000,4507.934394
6870.000000,4505.967316
6872.000000,4504.001735
6874.000000,4502.037452
6876.000000,4500.074591
6878.000000,4498.113183
6880.000000,4496.153124
6882.000000,4494.194661
6884.000000,4492.237587
6886.000000,4490.282028
6888.000000,4488.328005
6890.000000,4486.375416
6892.000000,4484.424508
6894.000000,4482.475066
6896.000000,4480.527219
6898.000000,4478.580982
6900.000000,4476.636249
6902.000000,4474.693276
6904.000000,4472.751832
6906.000000,4470.812046
6908.000000,4468.873937
6910.000000,4466.937382
6912.000000,4465.002651
6914.000000,4463.069497
6916.000000,4461.138053
6918.000000,4459.208334
6920.000000,4457.280208
6922.000000,4455.353954
6924.000000,4453.429306
6926.000000,4451.506412
6928.000000,4449.585266
6930.000000,4447.665749
6932.000000,4445.748125
6934.000000,4443.832135
6936.000000,4441.917913
6938.000000,4440.005462
6940.000000,4438.094650
6942.000000,4436.185746
6944.000000,4434.278485
6946.000000,4432.372996
6948.000000,4430.469289
6950.000000,4428.567214
6952.000000,4426.667054
6954.000000,4424.768527
6956.000000,4422.871768
6958.000000,4420.976780
6960.000000,4419.083414
6962.000000,4417.191946
6964.000000,4415.302098
6966.000000,4413.413997
6968.000000,4411.527644
6970.000000,4409.642897
6972.000000,4407.760016
6974.000000,4405.878733
6976.000000,4403.999172
6978.000000,4402.121324
6980.000000,4400.245057
6982.000000,4398.370617
6984.000000,4396.497740
6986.000000,4394.626549
6988.000000,4392.757034
6990.000000,4390.889055
6992.000000,4389.022863
6994.000000,4387.158193
6996.000000,4385.295161
6998.000000,4383.433758
7000.000000,4381.573850
7002.000000,4379.715677
7004.000000,4377.858980
7006.000000,4376.003874
7008.000000,4374.150347
7010.000000,4372.298271
7012.000000,4370.447872
7014.000000,4368.598902
7016.000000,4366.751472
7018.000000,4364.905570
7020.000000,4363.061067
7022.000000,4361.218187
7024.000000,4359.376686
7026.000000,4357.536672
7028.000000,4355.698133
7030.000000,4353.860945
7032.000000,4352.025324
7034.000000,4350.191036
7036.000000,4348.358183
7038.000000,4346.526751
7040.000000,4344.696625
7042.000000,4342.868016
7044.000000,4341.040694
7046.000000,4339.214757
7048.000000,4337.390198
7050.000000,4335.566905
7052.000000,4333.745072
7054.000000,4331.924489
7056.000000,4330.105251
7058.000000,4328.287349
7060.000000,4326.470671
7062.000000,4324.655420
7064.000000,4322.841379
7066.000000,4321.028645
7068.000000,4319.217212
7070.000000,4317.406975
7072.000000,4315.598122
7074.000000,4313.790456
7076.000000,4311.984067
7078.000000,4310.178950
7080.000000,4308.375008
7082.000000,4306.572426
7084.000000,4304.771010
7086.000000,4302.970854
7088.000000,4301.171951
7090.000000,4299.374210
7092.000000,4297.577814
7094.000000,4295.782571
7096.000000,4293.988580
7098.000000,4292.195832
7100.000000,4290.404240
7102.000000,4288.613988
7104.000000,4286.824887
7106.000000,4285.037036
7108.000000,4283.250430
7110.000000,4281.464984
7112.000000,4279.680882
7114.000000,4277.897940
7116.000000,4276.116258
7118.000000,4274.335835
7120.000000,4272.556582
7122.000000,4270.778692
7124.000000,4269.001983
7126.000000,4267.226545
7128.000000,4265.452397
7130.000000,4263.679431
7132.000000,4261.907868
7134.000000,4260.137497
7136.000000,4258.368440
7138.000000,4256.600691
7140.000000,4254.834167
7142.000000,4253.069068
7144.000000,4251.305209
7146.000000,4249.542688
7148.000000,4247.781528
7150.000000,4246.021620
7152.000000,4244.263191
7154.000000,4242.506036
7156.000000,4240.750270
7158.000000,4238.995907
7160.000000,4237.242841
7162.000000,4235.491313
7164.000000,4233.741101
7166.000000,4231.992334
7168.000000,4230.245020
7170.000000,4228.499058
7172.000000,4226.754689
7174.000000,4225.011688
7176.000000,4223.270193
7178.000000,4221.530206
7180.000000,4219.791626
7182.000000,4218.054704
7184.000000,4216.319207
7186.000000,4214.585272
7188.000000,4212.852913
7190.000000,4211.122011
7192.000000,4209.392836
7194.000000,4207.665148
7196.000000,4205.939078
7198.000000,4204.214652
7200.000000,4202.491747
7202.000000,4200.770625
7204.000000,4199.051056
7206.000000,4197.333173
7208.000000,4195.616986
7210.000000,4193.902380
7212.000000,4192.189636
7214.000000,4190.478493
7216.000000,4188.769094
7218.000000,4187.061462
7220.000000,4185.355467
7222.000000,4183.651392
7224.000000,4181.948973
7226.000000,4180.248366
7228.000000,4178.549582
7230.000000,4176.852484
7232.000000,4175.157368
7234.000000,4173.463962
7236.000000,4171.772425
7238.000000,4170.082760
7240.000000,4168.394832
7242.000000,4166.708941
7244.000000,4165.024805
7246.000000,4163.342583
7248.000000,4161.662284
7250.000000,4159.983765
7252.000000,4158.307330
7254.000000,4156.632689
7256.000000,4154.960001
7258.000000,4153.289273
7260.000000,4151.620361
7262.000000,4149.953578
7264.000000,4148.288625
7266.000000,4146.625657
7268.000000,4144.964680
7270.000000,4143.305548
7272.000000,4141.648573
7274.000000,4139.993448
7276.000000,4138.340336
7278.000000,4136.689237
7280.000000,4135.040001
7282.000000,4133.392942
7284.000000,4131.747750
7286.000000,4130.104581
7288.000000,4128.463441
7290.000000,4126.824172
7292.000000,4125.187089
7294.000000,4123.551878
7296.000000,4121.918697
7298.000000,4120.287546
7300.000000,4118.658268
7302.000000,4117.031173
7304.000000,4115.405946
7306.000000,4113.782745
7308.000000,4112.161564
7310.000000,4110.542247
7312.000000,4108.925100
7314.000000,4107.309810
7316.000000,4105.696532
7318.000000,4104.085258
7320.000000,4102.475828
7322.000000,4100.868544
7324.000000,4099.263094
7326.000000,4097.659626
7328.000000,4096.058133
7330.000000,4094.458462
7332.000000,4092.860906
7334.000000,4091.265154
7336.000000,4089.671349
7338.000000,4088.079481
7340.000000,4086.489395
7342.000000,4084.901389
7344.000000,4083.315147
7346.000000,4081.730808
7348.000000,4080.148363
7350.000000,4078.567663
7352.000000,4076.988987
7354.000000,4075.412031
7356.000000,4073.836927
7358.000000,4072.263672
7360.000000,4070.692114
7362.000000,4069.122517
7364.000000,4067.554589
7366.000000,4065.988470
7368.000000,4064.424137
7370.000000,4062.861442
7372.000000,4061.300651
7374.000000,4059.741482
7376.000000,4058.184047
7378.000000,4056.628346
7380.000000,4055.074233
7382.000000,4053.521949
7384.000000,4051.971231
7386.000000,4050.422195
7388.000000,4048.874821
7390.000000,4047.328980
7392.000000,4045.784905
7394.000000,4044.242330
7396.000000,4042.701381
7398.000000,4041.162028
7400.000000,4039.624151
7402.000000,4038.087973
7404.000000,4036.553237
7406.000000,4035.020065
7408.000000,4033.488428
7410.000000,4031.958209
7412.000000,4030.429621
7414.000000,4028.902426
7416.000000,4027.376727
7418.000000,4025.852506
7420.000000,4024.329653
7422.000000,4022.808365
7424.000000,4021.288423
7426.000000,4019.769914
7428.000000,4018.252839
7430.000000,4016.737066
7432.000000,4015.222822
7434.000000,4013.709858
7436.000000,4012.198292
7438.000000,4010.688099
7440.000000,4009.179177
7442.000000,4007.671716
7444.000000,4006.165510
7446.000000,4004.660645
7448.000000,4003.157122
7450.000000,4001.654824
7452.000000,4000.153955
7454.000000,3998.654299
7456.000000,3997.155952
7458.000000,3995.658913
7460.000000,3994.163067
7462.000000,3992.668623
7464.000000,3991.175359
7466.000000,3989.683388
7468.000000,3988.192691
7470.000000,3986.703174
7472.000000,3985.215031
7474.000000,3983.728053
7476.000000,3982.242352
7478.000000,3980.757910
7480.000000,3979.274636
7482.000000,3977.792728
7484.000000,3976.311976
7486.000000,3974.832493
7488.000000,3973.354271
7490.000000,3971.877208
7492.000000,3970.401514
7494.000000,3968.926984
7496.000000,3967.453717
7498.000000,3965.981725
7500.000000,3964.510903
7502.000000,3963.041452
7504.000000,3961.573183
7506.000000,3960.106194
7508.000000,3958.640489
7510.000000,3957.175977
7512.000000,3955.712858
7514.000000,3954.250935
7516.000000,3952.790326
7518.000000,3951.331029
7520.000000,3949.872946
7522.000000,3948.416291
7524.000000,3946.960869
7526.000000,3945.506785
7528.000000,3944.054048
7530.000000,3942.602565
7532.000000,3941.152553
7534.000000,3939.703808
7536.000000,3938.256446
7538.000000,3936.810478
7540.000000,3935.365805
7542.000000,3933.922649
7544.000000,3932.480806
7546.000000,3931.040397
7548.000000,3929.601435
7550.000000,3928.163814
7552.000000,3926.727766
7554.000000,3925.293083
7556.000000,3923.859889
7558.000000,3922.428197
7560.000000,3920.997899
7562.000000,3919.569237
7564.000000,3918.141993
7566.000000,3916.716297
7568.000000,3915.292158
7570.000000,3913.869469
7572.000000,3912.448485
7574.000000,3911.028977
7576.000000,3909.611073
7578.000000,3908.194787
7580.000000,3906.780010
7582.000000,3905.367004
7584.000000,3903.955526
7586.000000,3902.545713
7588.000000,3901.137586
7590.000000,3899.731017
7592.000000,3898.326280
7594.000000,3896.923130
7596.000000,3895.521705
7598.000000,3894.122015
7600.000000,3892.723942
7602.000000,3891.327758
7604.000000,3889.933210
7606.000000,3888.540443
7608.000000,3887.149459
7610.000000,3885.760140
7612.000000,3884.372769
7614.000000,3882.987068
7616.000000,3881.603202
7618.000000,3880.221162
7620.000000,3878.840826
7622.000000,3877.462481
7624.000000,3876.085846
7626.000000,3874.711078
7628.000000,3873.338173
7630.000000,3871.967004
7632.000000,3870.597852
7634.000000,3869.230444
7636.000000,3867.864921
7638.000000,3866.501291
7640.000000,3865.139410
7642.000000,3863.779570
7644.000000,3862.421484
7646.000000,3861.065297
7648.000000,3859.711010
7650.000000,3858.358480
7652.000000,3857.007991
7654.000000,3855.659261
7656.000000,3854.312421
7658.000000,3852.967482
7660.000000,3851.624279
7662.000000,3850.283119
7664.000000,3848.943689
7666.000000,3847.606139
7668.000000,3846.270460
7670.000000,3844.936494
7672.000000,3843.604539
7674.000000,3842.274281
7676.000000,3840.945864
7678.000000,3839.619277
7680.000000,3838.294361
7682.000000,3836.971401
7684.000000,3835.650093
7686.000000,3834.330559
7688.000000,3833.012804
7690.000000,3831.696661
7692.000000,3830.382384
7694.000000,3829.069703
7696.000000,3827.758723
7698.000000,3826.449422
7700.000000,3825.141668
7702.000000,3823.835687
7704.000000,3822.531203
7706.000000,3821.228324
7708.000000,3819.927035
7710.000000,3818.627183
7712.000000,3817.328979
7714.000000,3816.032177
7716.000000,3814.736864
7718.000000,3813.443007
7720.000000,3812.150469
7722.000000,3810.859450
7724.000000,3809.569705
7726.000000,3808.281303
7728.000000,3806.994214
7730.000000,3805.708311
7732.000000,3804.423768
7734.000000,3803.140349
7736.000000,3801.858115
7738.000000,3800.577031
7740.000000,3799.296980
7742.000000,3798.018105
7744.000000,3796.740194
7746.000000,3795.463291
7748.000000,3794.187357
7750.000000,3792.912285
7752.000000,3791.638180
7754.000000,3790.364867
7756.000000,3789.092368
7758.000000,3787.820638
7760.000000,3786.549584
7762.000000,3785.279270
7764.000000,3784.009550
7766.000000,3782.740441
7768.000000,3781.471886
7770.000000,3780.203804
7772.000000,3778.936224
7774.000000,3777.669028
7776.000000,3776.402206
7778.000000,3775.135711
7780.000000,3773.869481
7782.000000,3772.603499
7784.000000,3771.337681
7786.000000,3770.071997
7788.000000,3768.806394
7790.000000,3767.540823
7792.000000,3766.275236
7794.000000,3765.009589
7796.000000,3763.743827
7798.000000,3762.477893
7800.000000,3761.211754
7802.000000,3759.945319
7804.000000,3758.678579
7806.000000,3757.411459
7808.000000,3756.143910
7810.000000,3754.875916
7812.000000,3753.607338
7814.000000,3752.338206
7816.000000,3751.068423
7818.000000,3749.797933
7820.000000,3748.526743
7822.000000,3747.254683
7824.000000,3745.981815
7826.000000,3744.708021
7828.000000,3743.433240
7830.000000,3742.157501
7832.000000,3740.880585
7834.000000,3739.602610
7836.000000,3738.323431
7838.000000,3737.042983
7840.000000,3735.761315
7842.000000,3734.478164
7844.000000,3733.193697
7846.000000,3731.907739
7848.000000,3730.620226
7850.000000,3729.331233
7852.000000,3728.040453
7854.000000,3726.748090
7856.000000,3725.453947
7858.000000,3724.157965
7860.000000,3722.860242
7862.000000,3721.560426
7864.000000,3720.258753
7866.000000,3718.955008
7868.000000,3717.649154
7870.000000,3716.341289
7872.000000,3715.031006
7874.000000,3713.718609
7876.000000,3712.403866
7878.000000,3711.086701
7880.000000,3709.767267
7882.000000,3708.445116
7884.000000,3707.120570
7886.000000,3705.793391
7888.000000,3704.463510
7890.000000,3703.131080
7892.000000,3701.795630
7894.000000,3700.457514
7896.000000,3699.116478
7898.000000,3697.772445
7900.000000,3696.425605
7902.000000,3695.075422
7904.000000,3693.722312
7906.000000,3692.365989
7908.000000,3691.006377
7910.000000,3689.643695
7912.000000,3688.277347
7914.000000,3686.907813
7916.000000,3685.534767
7918.000000,3684.158146
7920.000000,3682.778182
7922.000000,3681.394240
7924.000000,3680.006842
7926.000000,3678.615638
7928.000000,3677.220568
7930.000000,3675.821883
7932.000000,3674.418903
7934.000000,3673.012194
7936.000000,3671.601388
7938.000000,3670.186418
7940.000000,3668.767551
7942.000000,3667.344083
7944.000000,3665.916611
7946.000000,3664.484737
7948.000000,3663.048400
7950.000000,3661.607893
7952.000000,3660.162465
7954.000000,3658.712752
7956.000000,3657.258338
7958.000000,3655.799162
7960.000000,3654.335545
7962.000000,3652.866669
7964.000000,3651.393233
7966.000000,3649.914806
7968.000000,3648.431312
7970.000000,3646.943098
7972.000000,3645.449310
7974.000000,3643.950676
7976.000000,3642.446754
7978.000000,3640.937462
7980.000000,3639.423179
7982.000000,3637.902985
7984.000000,3636.377688
7986.000000,3634.846785
7988.000000,3633.310230
7990.000000,3631.768401
7992.000000,3630.220344
7994.000000,3628.666913
7996.000000,3627.107587
7998.000000,3625.542307
8000.000000,3623.971496
8002.000000,3622.394157
8004.000000,3620.811164
8006.000000,3619.221998
8008.000000,3617.626607
8010.000000,3616.025425
8012.000000,3614.417421
8014.000000,3612.803516
8016.000000,3611.183174
8018.000000,3609.556339
8020.000000,3607.923636
8022.000000,3606.280980
8024.000000,3604.636993
8026.000000,3602.984259
8028.000000,3601.322675
8030.000000,3599.659593
8032.000000,3597.984957
8034.000000,3596.305206
8036.000000,3594.620689
8038.000000,3592.925292
8040.000000,3591.227317
8042.000000,3589.519763
8044.000000,3587.803904
8046.000000,3586.085817
8048.000000,3584.355753
8050.000000,3582.622500
8052.000000,3580.880269
8054.000000,3579.128854
8056.000000,3577.375460
8058.000000,3575.609915
8060.000000,3573.841042
8062.000000,3572.062421
8064.000000,3570.276025
8066.000000,3568.485635
8068.000000,3566.683833
8070.000000,3564.879030
8072.000000,3563.062360
8074.000000,3561.241594
8076.000000,3559.412568
8078.000000,3557.574358
8080.000000,3555.732766
8082.000000,3553.879023
8084.000000,3552.021919
8086.000000,3550.152662
8088.000000,3548.281101
8090.000000,3546.398715
8092.000000,3544.510341
8094.000000,3542.613583
8096.000000,3540.709682
8098.000000,3538.798255
8100.000000,3536.879177
8102.000000,3534.952923
8104.000000,3533.017758
8106.000000,3531.077597
8108.000000,3529.126575
8110.000000,3527.172314
8112.000000,3525.206373
8114.000000,3523.235956
8116.000000,3521.255706
8118.000000,3519.269675
8120.000000,3517.274685
8122.000000,3515.273504
8124.000000,3513.263534
8126.000000,3511.247508
8128.000000,3509.222795
8130.000000,3507.191775
8132.000000,3505.152557
8134.000000,3503.105855
8136.000000,3501.052895
8138.000000,3498.990626
8140.000000,3496.923880
8142.000000,3494.846375
8144.000000,3492.764357
8146.000000,3490.673380
8148.000000,3488.575579
8150.000000,3486.471909
8152.000000,3484.358270
8154.000000,3482.240769
8156.000000,3480.113327
8158.000000,3477.980681
8160.000000,3475.840605
8162.000000,3473.691740
8164.000000,3471.539095
8166.000000,3469.376669
8168.000000,3467.208977
8170.000000,3465.034567
8172.000000,3462.851435
8174.000000,3460.664093
8176.000000,3458.468220
8178.000000,3456.265909
8180.000000,3454.058716
8182.000000,3451.842277
8184.000000,3449.621022
8186.000000,3447.393136
8188.000000,3445.157620
8190.000000,3442.917643
8192.000000,3440.670122
8194.000000,3438.415119
8196.000000,3436.156573
8198.000000,3433.891176
8200.000000,3431.618575
8202.000000,3429.340220
8204.000000,3427.057752
8206.000000,3424.767735
8208.000000,3422.471832
8210.000000,3420.171296
8212.000000,3417.863561
8214.000000,3415.549642
8216.000000,3413.231879
8218.000000,3410.909014
8220.000000,3408.580348
8222.000000,3406.245248
8224.000000,3403.905681
8226.000000,3401.560867
8228.000000,3399.210268
8230.000000,3396.854602
8232.000000,3394.494673
8234.000000,3392.130382
8236.000000,3389.760519
8238.000000,3387.384986
8240.000000,3385.005069
8242.000000,3382.621841
8244.000000,3380.234357
8246.000000,3377.841542
8248.000000,3375.443702
8250.000000,3373.042114
8252.000000,3370.637040
8254.000000,3368.227805
8256.000000,3365.813978
8258.000000,3363.396235
8260.000000,3360.975317
8262.000000,3358.549686
8264.000000,3356.119984
8266.000000,3353.687443
8268.000000,3351.252450
8270.000000,3348.813434
8272.000000,3346.370257
8274.000000,3343.924720
8276.000000,3341.475850
8278.000000,3339.023123
8280.000000,3336.568623
8282.000000,3334.110983
8284.000000,3331.649478
8286.000000,3329.186649
8288.000000,3326.721372
8290.000000,3324.252281
8292.000000,3321.781950
8294.000000,3319.309504
8296.000000,3316.833560
8298.000000,3314.356891
8300.000000,3311.877700
8302.000000,3309.395753
8304.000000,3306.913649
8306.000000,3304.428207
8308.000000,3301.942132
8310.000000,3299.454231
8312.000000,3296.964139
8314.000000,3294.474187
8316.000000,3291.981102
8318.000000,3289.488916
8320.000000,3286.993667
8322.000000,3284.499313
8324.000000,3282.002598
8326.000000,3279.506238
8328.000000,3277.008291
8330.000000,3274.510490
8332.000000,3272.011531
8334.000000,3269.512564
8336.000000,3267.013119
8338.000000,3264.513547
8340.000000,3262.013718
8342.000000,3259.514139
8344.000000,3257.013882
8346.000000,3254.515019
8348.000000,3252.014937
8350.000000,3249.516844
8352.000000,3247.017389
8354.000000,3244.520094
8356.000000,3242.022272
8358.000000,3239.525530
8360.000000,3237.030076
8362.000000,3234.534326
8364.000000,3232.040935
8366.000000,3229.547472
8368.000000,3227.055450
8370.000000,3224.565408
8372.000000,3222.075215
8374.000000,3219.587856
8376.000000,3217.101700
8378.000000,3214.616188
8380.000000,3212.133478
8382.000000,3209.652317
8384.000000,3207.172052
8386.000000,3204.694738
8388.000000,3202.219487
8390.000000,3199.745361
8392.000000,3197.273749
8394.000000,3194.805260
8396.000000,3192.338401
8398.000000,3189.873339
8400.000000,3187.411542
8402.000000,3184.952764
8404.000000,3182.495952
8406.000000,3180.041406
8408.000000,3177.590094
8410.000000,3175.142196
8412.000000,3172.697058
8414.000000,3170.254418
8416.000000,3167.814606
8418.000000,3165.378377
8420.000000,3162.945801
8422.000000,3160.516543
8424.000000,3158.090241
8426.000000,3155.667248
8428.000000,3153.247677
8430.000000,3150.831354
8432.000000,3148.419732
8434.000000,3146.011610
8436.000000,3143.607200
8438.000000,3141.206593
8440.000000,3138.809572
8442.000000,3136.416820
8444.000000,3134.027800
8446.000000,3131.642886
8448.000000,3129.262164
8450.000000,3126.885374
8452.000000,3124.513255
8454.000000,3122.145201
8456.000000,3119.781608
8458.000000,3117.422539
8460.000000,3115.067694
8462.000000,3112.717838
8464.000000,3110.372306
8466.000000,3108.031501
8468.000000,3105.695467
8470.000000,3103.363870
8472.000000,3101.037499
8474.000000,3098.715652
8476.000000,3096.398742
8478.000000,3094.086808
8480.000000,3091.779493
8482.000000,3089.477603
8484.000000,3087.180392
8486.000000,3084.888280
8488.000000,3082.601337
8490.000000,3080.319634
8492.000000,3078.043755
8494.000000,3075.772704
8496.000000,3073.506896
8498.000000,3071.246360
8500.000000,3068.990708
8502.000000,3066.741137
8504.000000,3064.497114
8506.000000,3062.258451
8508.000000,3060.025155
8510.000000,3057.796822
8512.000000,3055.574923
8514.000000,3053.358540
8516.000000,3051.147576
8518.000000,3048.942031
8520.000000,3046.742142
8522.000000,3044.548723
8524.000000,3042.360334
8526.000000,3040.177514
8528.000000,3038.001265
8530.000000,3035.830202
8532.000000,3033.665068
8534.000000,3031.506042
8536.000000,3029.352817
8538.000000,3027.205209
8540.000000,3025.063661
8542.000000,3022.928321
8544.000000,3020.798270
8546.000000,3018.674948
8548.000000,3016.557059
8550.000000,3014.445185
8552.000000,3012.339748
8554.000000,3010.239696
8556.000000,3008.146313
8558.000000,3006.058548
8560.000000,3003.976914
8562.000000,3001.901395
8564.000000,2999.832095
8566.000000,2997.768548
8568.000000,2995.711557
8570.000000,2993.659985
8572.000000,2991.615357
8574.000000,2989.576214
8576.000000,2987.543521
8578.000000,2985.516777
8580.000000,2983.496092
8582.000000,2981.481778
8584.000000,2979.473486
8586.000000,2977.471272
8588.000000,2975.475298
8590.000000,2973.485275
8592.000000,2971.501692
8594.000000,2969.524099
8596.000000,2967.552623
8598.000000,2965.587384
8600.000000,2963.628059
8602.000000,2961.675189
8604.000000,2959.728216
8606.000000,2957.787519
8608.000000,2955.852847
8610.000000,2953.923989
8612.000000,2952.002027
8614.000000,2950.085647
8616.000000,2948.175404
8618.000000,2946.271443
8620.000000,2944.373259
8622.000000,2942.481502
8624.000000,2940.595484
8626.000000,2938.715740
8628.000000,2936.842203
8630.000000,2934.974316
8632.000000,2933.112885
8634.000000,2931.257092
8636.000000,2929.407464
8638.000000,2927.564026
8640.000000,2925.726240
8642.000000,2923.894792
8644.000000,2922.068998
8646.000000,2920.249340
8648.000000,2918.435685
8650.000000,2916.627478
8652.000000,2914.825805
8654.000000,2913.029793
8656.000000,2911.239606
8658.000000,2909.455391
8660.000000,2907.676759
8662.000000,2905.904340
8664.000000,2904.137477
8666.000000,2902.376533
8668.000000,2900.621322
8670.000000,2898.871691
8672.000000,2897.128232
8674.000000,2895.390153
8676.000000,2893.657967
8678.000000,2891.931400
8680.000000,2890.210330
8682.000000,2888.495263
8684.000000,2886.785597
8686.000000,2885.081576
8688.000000,2883.383234
8690.000000,2881.690164
8692.000000,2880.003090
8694.000000,2878.321266
8696.000000,2876.644995
8698.000000,2874.974296
8700.000000,2873.308771
8702.000000,2871.649093
8704.000000,2869.994641
8706.000000,2868.345500
8708.000000,2866.702015
8710.000000,2865.063365
8712.000000,2863.430692
8714.000000,2861.802950
8716.000000,2860.180494
8718.000000,2858.563536
8720.000000,2856.951346
8722.000000,2855.344901
8724.000000,2853.743404
8726.000000,2852.146994
8728.000000,2850.555907
8730.000000,2848.969658
8732.000000,2847.388837
8734.000000,2845.812811
8736.000000,2844.242004
8738.000000,2842.676187
8740.000000,2841.114967
8742.000000,2839.559359
8744.000000,2838.008340
8746.000000,2836.462240
8748.000000,2834.921062
8750.000000,2833.384559
8752.000000,2831.853346
8754.000000,2830.326594
8756.000000,2828.804659
8758.000000,2827.287543
8760.000000,2825.774957
8762.000000,2824.267517
8764.000000,2822.764432
8766.000000,2821.266048
8768.000000,2819.772341
8770.000000,2818.282932
8772.000000,2816.798543
8774.000000,2815.318472
8776.000000,2813.842981
8778.000000,2812.372037
8780.000000,2810.905270
8782.000000,2809.443347
8784.000000,2807.985553
8786.000000,2806.532211
8788.000000,2805.083291
8790.000000,2803.638430
8792.000000,2802.198276
8794.000000,2800.762127
8796.000000,2799.330293
8798.000000,2797.902742
8800.000000,2796.479124
8802.000000,2795.060062
8804.000000,2793.644877
8806.000000,2792.233869
8808.000000,2790.827008
8810.000000,2789.423950
8812.000000,2788.025294
8814.000000,2786.630384
8816.000000,2785.239503
8818.000000,2783.852622
8820.000000,2782.469406
8822.000000,2781.090435
8824.000000,2779.715132
8826.000000,2778.343744
8828.000000,2776.976216
8830.000000,2775.612228
8832.000000,2774.252331
8834.000000,2772.895912
8836.000000,2771.543233
8838.000000,2770.194356
8840.000000,2768.848896
8842.000000,2767.507371
8844.000000,2766.169188
8846.000000,2764.834602
8848.000000,2763.503687
8850.000000,2762.176069
8852.000000,2760.852230
8854.000000,2759.531603
8856.000000,2758.214504
8858.000000,2756.900884
8860.000000,2755.590394
8862.000000,2754.283535
8864.000000,2752.979861
8866.000000,2751.679520
8868.000000,2750.382453
8870.000000,2749.088482
8872.000000,2747.798046
8874.000000,2746.510555
8876.000000,2745.226312
8878.000000,2743.945276
8880.000000,2742.667103
8882.000000,2741.392357
8884.000000,2740.120470
8886.000000,2738.851621
8888.000000,2737.585898
8890.000000,2736.322925
8892.000000,2735.063203
8894.000000,2733.806255
8896.000000,2732.552218
8898.000000,2731.301164
8900.000000,2730.052730
8902.000000,2728.807446
8904.000000,2727.564752
8906.000000,2726.324896
8908.000000,2725.087829
8910.000000,2723.853323
8912.000000,2722.621781
8914.000000,2721.392739
8916.000000,2720.166422
8918.000000,2718.942755
8920.000000,2717.721560
8922.000000,2716.503165
8924.000000,2715.287177
8926.000000,2714.073756
8928.000000,2712.862868
8930.000000,2711.654330
8932.000000,2710.448443
8934.000000,2709.244873
8936.000000,2708.043718
8938.000000,2706.845012
8940.000000,2705.648517
8942.000000,2704.454567
8944.000000,2703.262821
8946.000000,2702.073367
8948.000000,2700.886232
8950.000000,2699.701195
8952.000000,2698.518566
8954.000000,2697.338014
8956.000000,2696.159651
8958.000000,2694.983469
8960.000000,2693.809296
8962.000000,2692.637400
8964.000000,2691.467472
8966.000000,2690.299641
8968.000000,2689.133859
8970.000000,2687.969960
8972.000000,2686.808260
8974.000000,2685.648383
8976.000000,2684.490468
8978.000000,2683.334507
8980.000000,2682.180329
8982.000000,2681.028180
8984.000000,2679.877773
8986.000000,2678.729234
8988.000000,2677.582531
8990.000000,2676.437500
8992.000000,2675.294403
8994.000000,2674.152940
8996.000000,2673.013218
8998.000000,2671.875210
9000.000000,2670.738768
9002.000000,2669.604142
9004.000000,2668.471044
9006.000000,2667.339572
9008.000000,2666.209705
9010.000000,2665.081309
9012.000000,2663.954615
9014.000000,2662.829349
9016.000000,2661.705608
9018.000000,2660.583372
9020.000000,2659.462507
9022.000000,2658.343209
9024.000000,2657.225232
9026.000000,2656.108672
9028.000000,2654.993520
9030.000000,2653.879631
9032.000000,2652.767190
9034.000000,2651.655983
9036.000000,2650.546092
9038.000000,2649.437486
9040.000000,2648.330057
9042.000000,2647.223992
9044.000000,2646.119052
9046.000000,2645.015314
9048.000000,2643.912768
9050.000000,2642.811299
9052.000000,2641.711052
9054.000000,2640.611845
9056.000000,2639.513740
9058.000000,2638.416714
9060.000000,2637.320677
9062.000000,2636.225756
9064.000000,2635.131783
9066.000000,2634.038822
9068.000000,2632.946833
9070.000000,2631.855739
9072.000000,2630.765662
9074.000000,2629.676421
9076.000000,2628.588097
9078.000000,2627.500642
9080.000000,2626.413978
9082.000000,2625.328230
9084.000000,2624.243224
9086.000000,2623.159033
9088.000000,2622.075619
9090.000000,2620.992907
9092.000000,2619.911007
9094.000000,2618.829762
9096.000000,2617.749235
9098.000000,2616.669379
9100.000000,2615.590143
9102.000000,2614.511594
9104.000000,2613.433618
9106.000000,2612.356249
9108.000000,2611.279457
9110.000000,2610.203192
9112.000000,2609.127507
9114.000000,2608.052312
9116.000000,2606.977621
9118.000000,2605.903421
9120.000000,2604.829653
9122.000000,2603.756367
9124.000000,2602.683477
9126.000000,2601.610994
9128.000000,2600.538901
9130.000000,2599.467145
9132.000000,2598.395769
9134.000000,2597.324693
9136.000000,2596.253930
9138.000000,2595.183456
9140.000000,2594.113237
9142.000000,2593.043287
9144.000000,2591.973559
9146.000000,2590.904041
9148.000000,2589.834724
9150.000000,2588.765566
9152.000000,2587.696578
9154.000000,2586.627712
9156.000000,2585.558965
9158.000000,2584.490314
9160.000000,2583.421736
9162.000000,2582.353219
9164.000000,2581.284738
9166.000000,2580.216278
9168.000000,2579.147816
9170.000000,2578.079341
9172.000000,2577.010820
9174.000000,2575.942249
9176.000000,2574.873597
9178.000000,2573.804848
9180.000000,2572.735991
9182.000000,2571.666986
9184.000000,2570.597835
9186.000000,2569.528506
9188.000000,2568.458980
9190.000000,2567.389253
9192.000000,2566.319273
9194.000000,2565.249053
9196.000000,2564.178557
9198.000000,2563.107763
9200.000000,2562.036677
9202.000000,2560.965229
9204.000000,2559.893449
9206.000000,2558.821293
9208.000000,2557.748740
9210.000000,2556.675800
9212.000000,2555.602390
9214.000000,2554.528554
9216.000000,2553.454242
9218.000000,2552.379426
9220.000000,2551.304133
9222.000000,2550.228255
9224.000000,2549.151858
9226.000000,2548.074879
9228.000000,2546.997293
9230.000000,2545.919137
9232.000000,2544.840280
9234.000000,2543.760811
9236.000000,2542.680655
9238.000000,2541.599790
9240.000000,2540.518255
9242.000000,2539.435907
9244.000000,2538.352850
9246.000000,2537.268993
9248.000000,2536.184323
9250.000000,2535.098876
9252.000000,2534.012503
9254.000000,2532.925316
9256.000000,2531.837221
9258.000000,2530.748208
9260.000000,2529.658313
9262.000000,2528.567382
9264.000000,2527.475528
9266.000000,2526.382664
9268.000000,2525.288762
9270.000000,2524.193879
9272.000000,2523.097834
9274.000000,2522.000760
9276.000000,2520.902562
9278.000000,2519.803197
9280.000000,2518.702758
9282.000000,2517.601018
9284.000000,2516.498152
9286.000000,2515.394042
9288.000000,2514.288659
9290.000000,2513.182091
9292.000000,2512.074093
9294.000000,2510.964869
9296.000000,2509.854264
9298.000000,2508.742279
9300.000000,2507.628976
9302.000000,2506.514128
9304.000000,2505.397915
9306.000000,2504.280215
9308.000000,2503.160998
9310.000000,2502.040354
9312.000000,2500.918034
9314.000000,2499.794234
9316.000000,2498.668829
9318.000000,2497.541769
9320.000000,2496.413186
9322.000000,2495.282752
9324.000000,2494.150745
9326.000000,2493.016969
9328.000000,2491.881425
9330.000000,2490.744201
9332.000000,2489.605019
9334.000000,2488.464104
9336.000000,2487.321323
9338.000000,2486.176607
9340.000000,2485.030121
9342.000000,2483.881496
9344.000000,2482.731044
9346.000000,2481.578549
9348.000000,2480.424014
9350.000000,2479.267536
9352.000000,2478.108795
9354.000000,2476.948051
9356.000000,2475.785152
9358.000000,2474.620027
9360.000000,2473.452867
9362.000000,2472.283244
9364.000000,2471.111529
9366.000000,2469.937474
9368.000000,2468.761079
9370.000000,2467.582475
9372.000000,2466.401269
9374.000000,2465.217804
9376.000000,2464.031844
9378.000000,2462.843379
9380.000000,2461.652546
9382.000000,2460.458954
9384.000000,2459.262936
9386.000000,2458.064284
9388.000000,2456.862958
9390.000000,2455.659118
9392.000000,2454.452344
9394.000000,2453.242987
9396.000000,2452.030826
9398.000000,2450.815812
9400.000000,2449.598118
9402.000000,2448.377293
9404.000000,2447.153719
9406.000000,2445.927165
9408.000000,2444.697583
9410.000000,2443.465162
9412.000000,2442.229427
9414.000000,2440.990782
9416.000000,2439.748966
9418.000000,2438.503949
9420.000000,2437.255913
9422.000000,2436.004344
9424.000000,2434.749704
9426.000000,2433.491671
9428.000000,2432.230244
9430.000000,2430.965660
9432.000000,2429.697275
9434.000000,2428.425658
9436.000000,2427.150492
9438.000000,2425.871706
9440.000000,2424.589542
9442.000000,2423.303430
9444.000000,2422.013853
9446.000000,2420.720493
9448.000000,2419.423323
9450.000000,2418.122602
9452.000000,2416.817626
9454.000000,2415.509018
9456.000000,2414.196437
9458.000000,2412.879818
9460.000000,2411.559425
9462.000000,2410.234595
9464.000000,2408.905918
9466.000000,2407.573013
9468.000000,2406.235816
9470.000000,2404.894631
9472.000000,2403.548776
9474.000000,2402.198853
9476.000000,2400.844457
9478.000000,2399.485537
9480.000000,2398.122416
9482.000000,2396.754372
9484.000000,2395.382024
9486.000000,2394.004953
9488.000000,2392.623109
9490.000000,2391.236832
9492.000000,2389.845329
9494.000000,2388.449277
9496.000000,2387.048261
9498.000000,2385.642244
9500.000000,2384.231568
9502.000000,2382.815303
9504.000000,2381.394269
9506.000000,2379.968021
9508.000000,2378.536464
9510.000000,2377.099941
9512.000000,2375.657635
9514.000000,2374.210258
9516.000000,2372.757344
9518.000000,2371.298883
9520.000000,2369.835218
9522.000000,2368.365368
9524.000000,2366.890253
9526.000000,2365.409308
9528.000000,2363.922437
9530.000000,2362.430149
9532.000000,2360.931329
9534.000000,2359.426924
9536.000000,2357.916445
9538.000000,2356.399673
9540.000000,2354.877219
9542.000000,2353.347888
9544.000000,2351.812687
9546.000000,2350.271040
9548.000000,2348.722817
9550.000000,2347.168589
9552.000000,2345.607082
9554.000000,2344.039467
9556.000000,2342.464956
9558.000000,2340.883671
9560.000000,2339.295896
9562.000000,2337.700660
9564.000000,2336.098808
9566.000000,2334.489878
9568.000000,2332.873633
9570.000000,2331.250773
9572.000000,2329.619807
9574.000000,2327.982094
9576.000000,2326.336757
9578.000000,2324.683909
9580.000000,2323.023893
9582.000000,2321.355556
9584.000000,2319.680017
9586.000000,2317.996454
9588.000000,2316.305011
9590.000000,2314.606008
9592.000000,2312.898279
9594.000000,2311.182983
9596.000000,2309.459227
9598.000000,2307.727189
9600.000000,2305.987261
9602.000000,2304.238045
9604.000000,2302.480931
9606.000000,2300.715001
9608.000000,2298.940182
9610.000000,2297.157220
9612.000000,2295.364532
9614.000000,2293.563313
9616.000000,2291.752985
9618.000000,2289.933418
9620.000000,2288.105059
9622.000000,2286.266505
9624.000000,2284.419181
9626.000000,2282.562250
9628.000000,2280.695378
9630.000000,2278.819437
9632.000000,2276.932838
9634.000000,2275.037004
9636.000000,2273.130976
9638.000000,2271.214582
9640.000000,2269.288663
9642.000000,2267.351523
9644.000000,2265.404661
9646.000000,2263.447169
9648.000000,2261.478838
9650.000000,2259.500380
9652.000000,2257.510119
9654.000000,2255.509631
9656.000000,2253.497962
9658.000000,2251.474992
9660.000000,2249.441493
9662.000000,2247.395581
9664.000000,2245.338917
9666.000000,2243.270494
9668.000000,2241.190169
9670.000000,2239.098721
9672.000000,2236.994240
9674.000000,2234.878476
9676.000000,2232.750379
9678.000000,2230.609819
9680.000000,2228.457651
9682.000000,2226.291805
9684.000000,2224.114119
9686.000000,2221.923497
9688.000000,2219.719813
9690.000000,2217.503924
9692.000000,2215.273615
9694.000000,2213.030873
9696.000000,2210.774550
9698.000000,2208.504515
9700.000000,2206.221717
9702.000000,2203.923887
9704.000000,2201.613048
9706.000000,2199.287998
9708.000000,2196.948605
9710.000000,2194.595786
9712.000000,2192.226975
9714.000000,2189.844552
9716.000000,2187.447260
9718.000000,2185.034968
9720.000000,2182.608723
9722.000000,2180.165786
9724.000000,2177.708384
9726.000000,2175.235458
9728.000000,2172.746875
9730.000000,2170.243689
9732.000000,2167.722712
9734.000000,2165.186901
9736.000000,2162.634913
9738.000000,2160.066382
9740.000000,2157.482056
9742.000000,2154.879856
9744.000000,2152.262140
9746.000000,2149.626831
9748.000000,2146.974387
9750.000000,2144.306156
9752.000000,2141.618311
9754.000000,2138.914317
9756.000000,2136.192563
9758.000000,2133.452254
9760.000000,2130.695455
9762.000000,2127.918603
9764.000000,2125.124450
9766.000000,2122.311855
9768.000000,2119.479828
9770.000000,2116.630698
9772.000000,2113.760204
9774.000000,2110.872116
9776.000000,2107.964187
9778.000000,2105.036622
9780.000000,2102.090421
9782.000000,2099.122674
9784.000000,2096.135982
9786.000000,2093.128913
9788.000000,2090.100941
9790.000000,2087.053973
9792.000000,2083.983905
9794.000000,2080.894687
9796.000000,2077.783507
9798.000000,2074.651297
9800.000000,2071.498412
9802.000000,2068.322140
9804.000000,2065.125450
9806.000000,2061.906074
9808.000000,2058.664665
9810.000000,2055.401846
9812.000000,2052.114271
9814.000000,2048.805860
9816.000000,2045.473657
9818.000000,2042.117848
9820.000000,2038.740556
9822.000000,2035.337403
9824.000000,2031.911675
9826.000000,2028.461946
9828.000000,2024.987817
9830.000000,2021.490744
9832.000000,2017.966837
9834.000000,2014.419921
9836.000000,2010.847698
9838.000000,2007.249813
9840.000000,2003.628184
9842.000000,1999.979001
9844.000000,1996.305707
9846.000000,1992.605944
9848.000000,1988.879623
9850.000000,1985.128825
9852.000000,1981.349100
9854.000000,1977.544175
9856.000000,1973.712024
9858.000000,1969.852895
9860.000000,1965.967713
9862.000000,1962.052075
9864.000000,1958.111021
9866.000000,1954.141963
9868.000000,1950.143400
9870.000000,1946.118934
9872.000000,1942.063637
9874.000000,1937.980685
9876.000000,1933.869079
9878.000000,1929.727850
9880.000000,1925.558576
9882.000000,1921.358051
9884.000000,1917.128843
9886.000000,1912.870041
9888.000000,1908.580363
9890.000000,1904.262215
9892.000000,1899.911392
9894.000000,1895.530855
9896.000000,1891.120316
9898.000000,1886.676790
9900.000000,1882.205577
9902.000000,1877.698451
9904.000000,1873.163039
9906.000000,1868.594354
9908.000000,1863.994361
9910.000000,1859.363138
9912.000000,1854.697319
9914.000000,1850.001174
9916.000000,1845.270914
9918.000000,1840.508842
9920.000000,1835.714002
9922.000000,1830.884666
9924.000000,1826.023161
9926.000000,1821.127245
9928.000000,1816.198768
9930.000000,1811.236778
9932.000000,1806.238443
9934.000000,1801.209317
9936.000000,1796.142994
9938.000000,1791.042870
9940.000000,1785.911913
9942.000000,1780.740467
9944.000000,1775.536887
9946.000000,1770.299244
9948.000000,1765.025798
9950.000000,1759.717349
9952.000000,1754.371595
9954.000000,1748.993649
9956.000000,1743.579148
9958.000000,1738.126724
9960.000000,1732.641515
9962.000000,1727.118041
9964.000000,1721.561581
9966.000000,1715.967528
9968.000000,1710.335487
9970.000000,1704.670129
9972.000000,1698.965772
9974.000000,1693.227825
9976.000000,1687.453352
9978.000000,1681.642025
9980.000000,1675.795003
9982.000000,1669.907726
9984.000000,1663.986499
9986.000000,1658.028419
9988.000000,1652.033395
9990.000000,1646.004221
9992.000000,1639.935155
9994.000000,1633.831875
9996.000000,1627.691508
9998.000000,1621.514032
10000.000000,1615.302304
10002.000000,1609.050638
10004.000000,1602.764786
10006.000000,1596.441939
10008.000000,1590.082172
10010.000000,1583.688390
10012.000000,1577.255036
10014.000000,1570.787872
10016.000000,1564.284207
10018.000000,1557.744210
10020.000000,1551.170829
10022.000000,1544.558728
10024.000000,1537.913650
10026.000000,1531.233075
10028.000000,1524.517285
10030.000000,1517.768624
10032.000000,1510.978963
10034.000000,1504.157269
10036.000000,1497.301199
10038.000000,1490.411153
10040.000000,1483.490100
10042.000000,1476.533374
10044.000000,1469.543977
10046.000000,1462.517761
10048.000000,1455.459379
10050.000000,1448.371783
10052.000000,1441.250757
10054.000000,1434.098388
10056.000000,1426.909981
10058.000000,1419.691851
10060.000000,1412.446895
10062.000000,1405.168586
10064.000000,1397.857185
10066.000000,1390.517520
10068.000000,1383.151318
10070.000000,1375.754514
10072.000000,1368.324179
10074.000000,1360.871211
10076.000000,1353.390512
10078.000000,1345.876854
10080.000000,1338.341729
10082.000000,1330.779392
10084.000000,1323.187076
10086.000000,1315.573693
10088.000000,1307.935088
10090.000000,1300.268191
10092.000000,1292.583039
10094.000000,1284.869193
10096.000000,1277.134346
10098.000000,1269.380784
10100.000000,1261.599314
10102.000000,1253.803624
10104.000000,1245.981017
10106.000000,1238.143297
10108.000000,1230.284619
10110.000000,1222.406961
10112.000000,1214.513953
10114.000000,1206.599679
10116.000000,1198.674006
10118.000000,1190.726985
10120.000000,1182.772909
10122.000000,1174.794151
10124.000000,1166.811811
10126.000000,1158.806740
10128.000000,1150.798081
10130.000000,1142.770631
10132.000000,1134.738231
10134.000000,1126.692458
10136.000000,1118.638278
10138.000000,1110.577315
10140.000000,1102.504756
10142.000000,1094.430957
10144.000000,1086.346069
10146.000000,1078.259466
10148.000000,1070.168001
10150.000000,1062.069074
10152.000000,1053.973002
10154.000000,1045.870580
10156.000000,1037.769088
10158.000000,1029.667747
10160.000000,1021.563174
10162.000000,1013.465944
10164.000000,1005.367292
10166.000000,997.270265
10168.000000,989.182346
10170.000000,981.096439
10172.000000,973.012181
10174.000000,964.938480
10176.000000,956.873621
10178.000000,948.812067
10180.000000,940.758723
10182.000000,932.720866
10184.000000,924.690796
10186.000000,916.671359
10188.000000,908.666664
10190.000000,900.676197
10192.000000,892.696513
10194.000000,884.729295
10196.000000,876.780703
10198.000000,868.851765
10200.000000,860.938499
10202.000000,853.039538
10204.000000,845.158605
10206.000000,837.300276
10208.000000,829.465671
10210.000000,821.651622
10212.000000,813.855341
10214.000000,806.079371
10216.000000,798.331182
10218.000000,790.609629
10220.000000,782.909859
10222.000000,775.235776
10224.000000,767.588854
10226.000000,759.970815
10228.000000,752.378821
10230.000000,744.811256
10232.000000,737.281850
10234.000000,729.777852
10236.000000,722.302724
10238.000000,714.862597
10240.000000,707.456586
10242.000000,700.074557
10244.000000,692.728768
10246.000000,685.420884
10248.000000,678.142993
10250.000000,670.898139
10252.000000,663.696205
10254.000000,656.523859
10256.000000,649.390859
10258.000000,642.296082
10260.000000,635.232599
10262.000000,628.216830
10264.000000,621.233222
10266.000000,614.289102
10268.000000,607.388469
10270.000000,600.519943
10272.000000,593.701789
10274.000000,586.917710
10276.000000,580.175549
10278.000000,573.478643
10280.000000,566.815913
10282.000000,560.205936
10284.000000,553.630862
10286.000000,547.102617
10288.000000,540.617625
10290.000000,534.171587
10292.000000,527.778307
10294.000000,521.420123
10296.000000,515.114905
10298.000000,508.846193
10300.000000,502.629304
10302.000000,496.451594
10304.000000,490.325368
10306.000000,484.238009
10308.000000,478.204130
10310.000000,472.206983
10312.000000,466.267642
10314.000000,460.364611
10316.000000,454.517106
10318.000000,448.707454
10320.000000,442.949092
10322.000000,437.236655
10324.000000,431.571827
10326.000000,425.953229
10328.000000,420.382473
10330.000000,414.858049
10332.000000,409.381060
10334.000000,403.955204
10336.000000,398.568533
10338.000000,393.237411
10340.000000,387.945425
10342.000000,382.708341
10344.000000,377.516461
10346.000000,372.367966
10348.000000,367.273440
10350.000000,362.217424
10352.000000,357.217247
10354.000000,352.260962
10356.000000,347.348555
10358.000000,342.489516
10360.000000,337.669313
10362.000000,332.902679
10364.000000,328.183291
10366.000000,323.503453
10368.000000,318.876639
10370.000000,314.292496
10372.000000,309.755693
10374.000000,305.266743
10376.000000,300.821931
10378.000000,296.422223
10380.000000,292.069668
10382.000000,287.763384
10384.000000,283.498898
10386.000000,279.284499
10388.000000,275.112421
10390.000000,270.981238
10392.000000,266.902908
10394.000000,262.864278
10396.000000,258.868124
10398.000000,254.920036
10400.000000,251.013862
10402.000000,247.150560
10404.000000,243.330695
10406.000000,239.557539
10408.000000,235.823076
10410.000000,232.129372
10412.000000,228.484878
10414.000000,224.879886
10416.000000,221.313682
10418.000000,217.792156
10420.000000,214.311556
10422.000000,210.873902
10424.000000,207.473203
10426.000000,204.115834
10428.000000,200.801237
10430.000000,197.521560
10432.000000,194.285088
10434.000000,191.087328
10436.000000,187.931171
10438.000000,184.812541
10440.000000,181.729244
10442.000000,178.689665
10444.000000,175.687217
10446.000000,172.722878
10448.000000,169.794683
10450.000000,166.902497
10452.000000,164.052202
10454.000000,161.237275
10456.000000,158.457592
10458.000000,155.714230
10460.000000,153.005558
10462.000000,150.336972
10464.000000,147.702137
10466.000000,145.100993
10468.000000,142.535133
10470.000000,140.002430
10472.000000,137.508034
10474.000000,135.046069
10476.000000,132.617054
10478.000000,130.221191
10480.000000,127.856979
10482.000000,125.529319
10484.000000,123.232672
10486.000000,120.969107
10488.000000,118.736123
10490.000000,116.532993
10492.000000,114.364696
10494.000000,112.225941
10496.000000,110.118892
10498.000000,108.043025
10500.000000,105.994278
10502.000000,103.978061
10504.000000,101.989946
10506.000000,100.031983
10508.000000,98.103840
10510.000000,96.202954
10512.000000,94.333176
10514.000000,92.488784
10516.000000,90.672782
10518.000000,88.885087
10520.000000,87.123259
10522.000000,85.391270
10524.000000,83.684569
10526.000000,82.004986
10528.000000,80.351470
10530.000000,78.721759
10532.000000,77.120311
10534.000000,75.542807
10536.000000,73.990970
10538.000000,72.464496
10540.000000,70.961187
10542.000000,69.484581
10544.000000,68.030499
10546.000000,66.599860
10548.000000,65.193022
10550.000000,63.808059
10552.000000,62.448306
10554.000000,61.109896
10556.000000,59.794353
10558.000000,58.501389
10560.000000,57.229034
10562.000000,55.980421
10564.000000,54.751839
10566.000000,53.544234
10568.000000,52.357773
10570.000000,51.190708
10572.000000,50.045979
10574.000000,48.920145
10576.000000,47.814542
10578.000000,46.728900
10580.000000,45.661468
10582.000000,44.614995
10584.000000,43.586250
10586.000000,42.576477
10588.000000,41.585385
10590.000000,40.611084
10592.000000,39.656316
10594.000000,38.718154
10596.000000,37.797757
10598.000000,36.894876
10600.000000,36.007959
10602.000000,35.139405
10604.000000,34.286370
10606.000000,33.449928
10608.000000,32.629842
10610.000000,31.824657
10612.000000,31.036604
10614.000000,30.263021
10616.000000,29.504910
10618.000000,28.762035
10620.000000,28.033013
10622.000000,27.319742
10624.000000,26.619942
10626.000000,25.934536
10628.000000,25.263302
10630.000000,24.604969
10632.000000,23.961455
10634.000000,23.330447
10636.000000,22.712797
10638.000000,22.108293
10640.000000,21.515748
10642.000000,20.936939
10644.000000,20.369710
10646.000000,19.814849
10648.000000,19.272149
10650.000000,18.740513
10652.000000,18.221572
10654.000000,17.713331
10656.000000,17.216510
10658.000000,16.730913
10660.000000,16.255522
10662.000000,15.791835
10664.000000,15.338008
10666.000000,14.894697
10668.000000,14.461658
10670.000000,14.038000
10672.000000,13.625105
10674.000000,13.221270
10676.000000,12.827095
10678.000000,12.442406
10680.000000,12.066328
10682.000000,11.700116
10684.000000,11.342206
10686.000000,10.993140
10688.000000,10.652752
10690.000000,10.320241
10692.000000,9.996746
10694.000000,9.680833
10696.000000,9.372991
10698.000000,9.073065
10700.000000,8.780319
10702.000000,8.495785
10704.000000,8.218152
10706.000000,7.947862
10708.000000,7.684766
10710.000000,7.428194
10712.000000,7.179074
10714.000000,6.936213
10716.000000,6.700010
10718.000000,6.470320
10720.000000,6.246534
10722.000000,6.029488
10724.000000,5.818098
10726.000000,5.612717
10728.000000,5.413215
10730.000000,5.219032
10732.000000,5.030922
10734.000000,4.847901
10736.000000,4.670284
10738.000000,4.497948
10740.000000,4.330388
10742.000000,4.168273
10744.000000,4.010717
10746.000000,3.858000
10748.000000,3.710007
10750.000000,3.566281
10752.000000,3.427415
10754.000000,3.292618
10756.000000,3.162130
10758.000000,3.035846
10760.000000,2.913358
10762.000000,2.795188
10764.000000,2.680626
10766.000000,2.569885
10768.000000,2.462866
10770.000000,2.359205
10772.000000,2.259358
10774.000000,2.162697
10776.000000,2.069404
10778.000000,1.979388
10780.000000,1.892325
10782.000000,1.808612
10784.000000,1.727694
10786.000000,1.649727
10788.000000,1.574628
10790.000000,1.502108
10792.000000,1.432512
10794.000000,1.365352
10796.000000,1.300761
10798.000000,1.238662
10800.000000,1.178804
10802.000000,1.121481
10804.000000,1.066265
10806.000000,1.013269
10808.000000,0.962425
10810.000000,0.913510
10812.000000,0.866775
10814.000000,0.821851
10816.000000,0.778829
10818.000000,0.737648
10820.000000,0.698116
10822.000000,0.660444
10824.000000,0.624312
10826.000000,0.589798
10828.000000,0.556844
10830.000000,0.525287
10832.000000,0.495300
10834.000000,0.466612
10836.000000,0.439285
10838.000000,0.413270
10840.000000,0.388423
10842.000000,0.364889
10844.000000,0.342439
10846.000000,0.321121
10848.000000,0.300892
10850.000000,0.281631
10852.000000,0.263456
10854.000000,0.246171
10856.000000,0.229819
10858.000000,0.214357
10860.000000,0.199687
10862.000000,0.185902
10864.000000,0.172841
10866.000000,0.160535
10868.000000,0.148949
10870.000000,0.138000
10872.000000,0.127761
10874.000000,0.118101
10876.000000,0.109042
10878.000000,0.100556
10880.000000,0.092574
10882.000000,0.085150
10884.000000,0.078182
10886.000000,0.071684
10888.000000,0.065631
10890.000000,0.059970
10892.000000,0.054740
10894.000000,0.049858
10896.000000,0.045337
10898.000000,0.041154
10900.000000,0.037267
10902.000000,0.033705
10904.000000,0.030403
10906.000000,0.027369
10908.000000,0.024587
10910.000000,0.022021
10912.000000,0.019694
10914.000000,0.017555
10916.000000,0.015609
10918.000000,0.013841
10920.000000,0.012228
10922.000000,0.010782
10924.000000,0.009469
10926.000000,0.008288
10928.000000,0.007230
10930.000000,0.006275
10932.000000,0.005434
10934.000000,0.004680
10936.000000,0.004013
10938.000000,0.003425
10940.000000,0.002905
10942.000000,0.002455
10944.000000,0.002059
10946.000000,0.001717
10948.000000,0.001422
10950.000000,0.001168
10952.000000,0.000955
10954.000000,0.000771
10956.000000,0.000617
10958.000000,0.000490
10960.000000,0.000383
10962.000000,0.000297
10964.000000,0.000226
10966.000000,0.000170
10968.000000,0.000126
10970.000000,0.000091
10972.000000,0.000064
10974.000000,0.000044
10976.000000,0.000030
10978.000000,0.000020
10980.000000,0.000013
10982.000000,0.000007
10984.000000,0.000004
10986.000000,0.000002
10988.000000,0.000001
10990.000000,0.000000
10992.000000,0.000000
10994.000000,0.000000
10996.000000,0.000000
10998.000000,0.000000
11000.000000,0.000000
