# from forward.csv + 1000 us hold + reverse.csv, 1.25 us -> 2 us linear
# split ramp target A (EO1): ramps first, then holds at the handoff level
# total stroke 10400 V across both EOMs, handed off at 5200.058 V (sample 902, t = 1804 us); this channel peaks at 5200.058 V
# 5501 pts at 2 us = 11.0020 ms period; first/last sample 0.000000/0.000000 V
# A + B reproduces the integrated stroke sample for sample
time_us,voltage_V
0.000000,0.000000
2.000000,0.000000
4.000000,0.000000
6.000000,0.000000
8.000000,0.000000
10.000000,0.000000
12.000000,0.000002
14.000000,0.000004
16.000000,0.000007
18.000000,0.000014
20.000000,0.000025
22.000000,0.000040
24.000000,0.000061
26.000000,0.000090
28.000000,0.000131
30.000000,0.000185
32.000000,0.000255
34.000000,0.000345
36.000000,0.000459
38.000000,0.000602
40.000000,0.000776
42.000000,0.000993
44.000000,0.001252
46.000000,0.001563
48.000000,0.001935
50.000000,0.002369
52.000000,0.002885
54.000000,0.003482
56.000000,0.004177
58.000000,0.004979
60.000000,0.005891
62.000000,0.006947
64.000000,0.008138
66.000000,0.009491
68.000000,0.011019
70.000000,0.012727
72.000000,0.014661
74.000000,0.016808
76.000000,0.019202
78.000000,0.021866
80.000000,0.024798
82.000000,0.028070
84.000000,0.031654
86.000000,0.035600
88.000000,0.039937
90.000000,0.044658
92.000000,0.049861
94.000000,0.055505
96.000000,0.061657
98.000000,0.068351
100.000000,0.075575
102.000000,0.083458
104.000000,0.091942
106.000000,0.101111
108.000000,0.111010
110.000000,0.121616
112.000000,0.133098
114.000000,0.145372
116.000000,0.158550
118.000000,0.172683
120.000000,0.187735
122.000000,0.203924
124.000000,0.221134
126.000000,0.239504
128.000000,0.259094
130.000000,0.279858
132.000000,0.302063
134.000000,0.325559
136.000000,0.350515
138.000000,0.377002
140.000000,0.404959
142.000000,0.434708
144.000000,0.466063
146.000000,0.499226
148.000000,0.534277
150.000000,0.571137
152.000000,0.610197
154.000000,0.651223
156.000000,0.694454
158.000000,0.739982
160.000000,0.787708
162.000000,0.838095
164.000000,0.890854
166.000000,0.946273
168.000000,1.004450
170.000000,1.065262
172.000000,1.129259
174.000000,1.196087
176.000000,1.266082
178.000000,1.339356
180.000000,1.415754
182.000000,1.495923
184.000000,1.579436
186.000000,1.666682
188.000000,1.757788
190.000000,1.852564
192.000000,1.951761
194.000000,2.054872
196.000000,2.162345
198.000000,2.274322
200.000000,2.390571
202.000000,2.511960
204.000000,2.637895
206.000000,2.768882
208.000000,2.905081
210.000000,3.046218
212.000000,3.193285
214.000000,3.345584
216.000000,3.503698
218.000000,3.667798
220.000000,3.837563
222.000000,4.014124
224.000000,4.196673
226.000000,4.385869
228.000000,4.581895
230.000000,4.784379
232.000000,4.994600
234.000000,5.211630
236.000000,5.436208
238.000000,5.668535
240.000000,5.908180
242.000000,6.156583
244.000000,6.412682
246.000000,6.677305
248.000000,6.950671
250.000000,7.232283
252.000000,7.523755
254.000000,7.823880
256.000000,8.133585
258.000000,8.453101
260.000000,8.781864
262.000000,9.121670
264.000000,9.471161
266.000000,9.831361
268.000000,10.202521
270.000000,10.584003
272.000000,10.977795
274.000000,11.382380
276.000000,11.798884
278.000000,12.227575
280.000000,12.667735
282.000000,13.121567
284.000000,13.587367
286.000000,14.066381
288.000000,14.558893
290.000000,15.064098
292.000000,15.584419
294.000000,16.117966
296.000000,16.666105
298.000000,17.229133
300.000000,17.806158
302.000000,18.399837
304.000000,19.008075
306.000000,19.632366
308.000000,20.273026
310.000000,20.929062
312.000000,21.603382
314.000000,22.293675
316.000000,23.001567
318.000000,23.727396
320.000000,24.470060
322.000000,25.232732
324.000000,26.012869
326.000000,26.812240
328.000000,27.631201
330.000000,28.468538
332.000000,29.327701
334.000000,30.205886
336.000000,31.104904
338.000000,32.025248
340.000000,32.965589
342.000000,33.929665
344.000000,34.914436
346.000000,35.921971
348.000000,36.952664
350.000000,38.005057
352.000000,39.083196
354.000000,40.183770
356.000000,41.309008
358.000000,42.459325
360.000000,43.633131
362.000000,44.834787
364.000000,46.060701
366.000000,47.313272
368.000000,48.592932
370.000000,49.897954
372.000000,51.233028
374.000000,52.594266
376.000000,53.984244
378.000000,55.403412
380.000000,56.849897
382.000000,58.328328
384.000000,59.834849
386.000000,61.372273
388.000000,62.941068
390.000000,64.539211
392.000000,66.172095
394.000000,67.835200
396.000000,69.531471
398.000000,71.261397
400.000000,73.022789
402.000000,74.821424
404.000000,76.652435
406.000000,78.518963
408.000000,80.421521
410.000000,82.357754
412.000000,84.333600
414.000000,86.343498
416.000000,88.391279
418.000000,90.477537
420.000000,92.599743
422.000000,94.764457
424.000000,96.966098
426.000000,99.208219
428.000000,101.491368
430.000000,103.812837
432.000000,106.179600
434.000000,108.585697
436.000000,111.034677
438.000000,113.526194
440.000000,116.058334
442.000000,118.638621
444.000000,121.260704
446.000000,123.928576
448.000000,126.642821
450.000000,129.400349
452.000000,132.209002
454.000000,135.062019
456.000000,137.963300
458.000000,140.912124
460.000000,143.906624
462.000000,146.955281
464.000000,150.050912
466.000000,153.197978
468.000000,156.397099
470.000000,159.644774
472.000000,162.949767
474.000000,166.303034
476.000000,169.709167
478.000000,173.170293
480.000000,176.682700
482.000000,180.255621
484.000000,183.881000
486.000000,187.563783
488.000000,191.304143
490.000000,195.095982
492.000000,198.950906
494.000000,202.861107
496.000000,206.831784
498.000000,210.863606
500.000000,214.952419
502.000000,219.107202
504.000000,223.316983
506.000000,227.589998
508.000000,231.927312
510.000000,236.324539
512.000000,240.792402
514.000000,245.320811
516.000000,249.911235
518.000000,254.568751
520.000000,259.289156
522.000000,264.083689
524.000000,268.942410
526.000000,273.868361
528.000000,278.861134
530.000000,283.919676
532.000000,289.055901
534.000000,294.259370
536.000000,299.534392
538.000000,304.877737
540.000000,310.289531
542.000000,315.782616
544.000000,321.346052
546.000000,326.983143
548.000000,332.691710
550.000000,338.472002
552.000000,344.337246
554.000000,350.275516
556.000000,356.287085
558.000000,362.375936
560.000000,368.540087
562.000000,374.792900
564.000000,381.117365
566.000000,387.517933
568.000000,394.002869
570.000000,400.566313
572.000000,407.217377
574.000000,413.939253
576.000000,420.747873
578.000000,427.644362
580.000000,434.615796
582.000000,441.674321
584.000000,448.815843
586.000000,456.047973
588.000000,463.358760
590.000000,470.749658
592.000000,478.240349
594.000000,485.813701
596.000000,493.465521
598.000000,501.212063
600.000000,509.046695
602.000000,516.968269
604.000000,524.974845
606.000000,533.078894
608.000000,541.269084
610.000000,549.539784
612.000000,557.917667
614.000000,566.378486
616.000000,574.925131
618.000000,583.573345
620.000000,592.306329
622.000000,601.133149
624.000000,610.055591
626.000000,619.069502
628.000000,628.172924
630.000000,637.373391
632.000000,646.669861
634.000000,656.052867
636.000000,665.543401
638.000000,675.114145
640.000000,684.780699
642.000000,694.555890
644.000000,704.409838
646.000000,714.372016
648.000000,724.423177
650.000000,734.563346
652.000000,744.816758
654.000000,755.148264
656.000000,765.589220
658.000000,776.118157
660.000000,786.738769
662.000000,797.470716
664.000000,808.282031
666.000000,819.205999
668.000000,830.209430
670.000000,841.316561
672.000000,852.519883
674.000000,863.817167
676.000000,875.211475
678.000000,886.699533
680.000000,898.284140
682.000000,909.961882
684.000000,921.743638
686.000000,933.602160
688.000000,945.573283
690.000000,957.618047
692.000000,969.780034
694.000000,982.016514
696.000000,994.361450
698.000000,1006.785209
700.000000,1019.313372
702.000000,1031.920988
704.000000,1044.633701
706.000000,1057.420449
708.000000,1070.314606
710.000000,1083.279939
712.000000,1096.352259
714.000000,1109.503582
716.000000,1122.742618
718.000000,1136.076619
720.000000,1149.481407
722.000000,1162.993172
724.000000,1176.574246
726.000000,1190.247096
728.000000,1204.004954
730.000000,1217.831915
732.000000,1231.761028
734.000000,1245.755252
736.000000,1259.837667
738.000000,1274.000161
740.000000,1288.227878
742.000000,1302.552358
744.000000,1316.940298
746.000000,1331.405755
748.000000,1345.951004
750.000000,1360.556255
752.000000,1375.248548
754.000000,1390.007838
756.000000,1404.827952
758.000000,1419.724936
760.000000,1434.695413
762.000000,1449.714527
764.000000,1464.802826
766.000000,1479.962105
768.000000,1495.179930
770.000000,1510.449285
772.000000,1525.796021
774.000000,1541.192299
776.000000,1556.641399
778.000000,1572.149068
780.000000,1587.711823
782.000000,1603.326666
784.000000,1618.985686
786.000000,1634.698721
788.000000,1650.468097
790.000000,1666.278663
792.000000,1682.125261
794.000000,1698.013545
796.000000,1713.949943
798.000000,1729.932181
800.000000,1745.950975
802.000000,1761.998782
804.000000,1778.078371
806.000000,1794.197818
808.000000,1810.355037
810.000000,1826.537536
812.000000,1842.741905
814.000000,1858.975126
816.000000,1875.238242
818.000000,1891.522925
820.000000,1907.823395
822.000000,1924.155274
824.000000,1940.503804
826.000000,1956.859037
828.000000,1973.232198
830.000000,1989.626769
832.000000,2006.024686
834.000000,2022.426682
836.000000,2038.847149
838.000000,2055.270913
840.000000,2071.691791
842.000000,2088.127560
844.000000,2104.556776
846.000000,2120.986297
848.000000,2137.417707
850.000000,2153.836237
852.000000,2170.260557
854.000000,2186.669743
856.000000,2203.069072
858.000000,2219.464920
860.000000,2235.838282
862.000000,2252.209129
864.000000,2268.556459
866.000000,2284.890034
868.000000,2301.206559
870.000000,2317.495966
872.000000,2333.775333
874.000000,2350.016593
876.000000,2366.250577
878.000000,2382.438463
880.000000,2398.619086
882.000000,2414.749652
884.000000,2430.865913
886.000000,2446.938881
888.000000,2462.988732
890.000000,2478.995457
892.000000,2494.971049
894.000000,2510.908153
896.000000,2526.802757
898.000000,2542.666711
900.000000,2558.476076
902.000000,2574.256606
904.000000,2589.980539
906.000000,2605.666517
908.000000,2621.309907
910.000000,2636.895107
912.000000,2652.443288
914.000000,2667.934091
916.000000,2683.373748
918.000000,2698.770680
920.000000,2714.106816
922.000000,2729.387767
924.000000,2744.625182
926.000000,2759.795761
928.000000,2774.910100
930.000000,2789.978539
932.000000,2804.978980
934.000000,2819.917361
936.000000,2834.801927
938.000000,2849.629174
940.000000,2864.389312
942.000000,2879.081810
944.000000,2893.719907
946.000000,2908.297727
948.000000,2922.802463
950.000000,2937.243637
952.000000,2951.617015
954.000000,2965.931150
956.000000,2980.180052
958.000000,2994.354286
960.000000,3008.462267
962.000000,3022.497902
964.000000,3036.470655
966.000000,3050.374511
968.000000,3064.208650
970.000000,3077.977825
972.000000,3091.663858
974.000000,3105.283229
976.000000,3118.831184
978.000000,3132.307153
980.000000,3145.716246
982.000000,3159.046815
984.000000,3172.309685
986.000000,3185.498872
988.000000,3198.614039
990.000000,3211.660641
992.000000,3224.626990
994.000000,3237.524359
996.000000,3250.346853
998.000000,3263.094326
1000.000000,3275.772469
1002.000000,3288.369622
1004.000000,3300.897312
1006.000000,3313.349747
1008.000000,3325.726967
1010.000000,3338.034806
1012.000000,3350.261745
1014.000000,3362.419427
1016.000000,3374.502192
1018.000000,3386.510217
1020.000000,3398.449394
1022.000000,3410.306936
1024.000000,3422.092089
1026.000000,3433.802503
1028.000000,3445.438846
1030.000000,3457.007066
1032.000000,3468.496200
1034.000000,3479.917769
1036.000000,3491.262298
1038.000000,3502.530589
1040.000000,3513.731988
1042.000000,3524.855787
1044.000000,3535.913098
1046.000000,3546.893501
1048.000000,3557.799775
1050.000000,3568.640764
1052.000000,3579.406099
1054.000000,3590.100449
1056.000000,3600.722194
1058.000000,3611.274857
1060.000000,3621.762356
1062.000000,3632.167747
1064.000000,3642.510607
1066.000000,3652.784918
1068.000000,3662.983799
1070.000000,3673.120235
1072.000000,3683.182962
1074.000000,3693.177730
1076.000000,3703.106464
1078.000000,3712.965412
1080.000000,3722.759125
1082.000000,3732.482880
1084.000000,3742.140183
1086.000000,3751.732974
1088.000000,3761.256579
1090.000000,3770.718686
1092.000000,3780.110631
1094.000000,3789.439246
1096.000000,3798.704367
1098.000000,3807.902013
1100.000000,3817.042295
1102.000000,3826.109747
1104.000000,3835.121051
1106.000000,3844.065458
1108.000000,3852.949024
1110.000000,3861.772329
1112.000000,3870.529372
1114.000000,3879.228678
1116.000000,3887.865368
1118.000000,3896.442043
1120.000000,3904.960550
1122.000000,3913.415682
1124.000000,3921.813939
1126.000000,3930.152121
1128.000000,3938.432194
1130.000000,3946.656183
1132.000000,3954.817652
1134.000000,3962.926585
1136.000000,3970.975687
1138.000000,3978.967998
1140.000000,3986.908763
1142.000000,3994.787768
1144.000000,4002.613935
1146.000000,4010.385393
1148.000000,4018.101639
1150.000000,4025.766780
1152.000000,4033.373258
1154.000000,4040.930098
1156.000000,4048.433077
1158.000000,4055.882379
1160.000000,4063.282787
1162.000000,4070.627313
1164.000000,4077.923690
1166.000000,4085.168025
1168.000000,4092.361036
1170.000000,4099.507389
1172.000000,4106.599319
1174.000000,4113.644723
1176.000000,4120.640646
1178.000000,4127.587891
1180.000000,4134.489360
1182.000000,4141.338379
1184.000000,4148.143836
1186.000000,4154.901418
1188.000000,4161.610752
1190.000000,4168.277830
1192.000000,4174.894706
1194.000000,4181.468160
1196.000000,4187.996934
1198.000000,4194.479702
1200.000000,4200.921061
1202.000000,4207.314995
1204.000000,4213.666999
1206.000000,4219.976355
1208.000000,4226.241175
1210.000000,4232.467156
1212.000000,4238.646295
1214.000000,4244.786905
1216.000000,4250.885129
1218.000000,4256.942030
1220.000000,4262.960510
1222.000000,4268.935295
1224.000000,4274.872287
1226.000000,4280.769458
1228.000000,4286.626392
1230.000000,4292.447646
1232.000000,4298.225573
1234.000000,4303.968818
1236.000000,4309.672657
1238.000000,4315.339095
1240.000000,4320.970443
1242.000000,4326.561130
1244.000000,4332.118375
1246.000000,4337.637987
1248.000000,4343.121586
1250.000000,4348.572436
1252.000000,4353.983507
1254.000000,4359.362566
1256.000000,4364.706872
1258.000000,4370.015502
1260.000000,4375.292667
1262.000000,4380.533582
1264.000000,4385.742469
1266.000000,4390.917803
1268.000000,4396.060333
1270.000000,4401.172780
1272.000000,4406.249145
1274.000000,4411.295899
1276.000000,4416.310900
1278.000000,4421.294419
1280.000000,4426.248603
1282.000000,4431.168938
1284.000000,4436.060977
1286.000000,4440.922593
1288.000000,4445.754058
1290.000000,4450.557917
1292.000000,4455.329348
1294.000000,4460.073548
1296.000000,4464.788662
1298.000000,4469.474957
1300.000000,4474.134870
1302.000000,4478.764299
1304.000000,4483.367847
1306.000000,4487.943585
1308.000000,4492.491779
1310.000000,4497.014764
1312.000000,4501.508503
1314.000000,4505.977493
1316.000000,4510.419990
1318.000000,4514.836256
1320.000000,4519.228511
1322.000000,4523.593026
1324.000000,4527.934001
1326.000000,4532.249703
1328.000000,4536.540392
1330.000000,4540.808203
1332.000000,4545.049581
1334.000000,4549.268400
1336.000000,4553.463084
1338.000000,4557.633921
1340.000000,4561.782953
1342.000000,4565.906813
1344.000000,4570.009322
1346.000000,4574.088912
1348.000000,4578.145825
1350.000000,4582.182001
1352.000000,4586.194237
1354.000000,4590.185939
1356.000000,4594.155661
1358.000000,4598.103824
1360.000000,4602.032271
1362.000000,4605.937962
1364.000000,4609.824338
1366.000000,4613.689691
1368.000000,4617.534372
1370.000000,4621.360324
1372.000000,4625.164662
1374.000000,4628.950607
1376.000000,4632.716395
1378.000000,4636.462698
1380.000000,4640.191215
1382.000000,4643.899060
1384.000000,4647.589074
1386.000000,4651.260349
1388.000000,4654.913153
1390.000000,4658.548660
1392.000000,4662.164439
1394.000000,4665.763707
1396.000000,4669.344946
1398.000000,4672.908305
1400.000000,4676.455649
1402.000000,4679.984160
1404.000000,4683.496668
1406.000000,4686.992381
1408.000000,4690.470936
1410.000000,4693.934145
1412.000000,4697.379660
1414.000000,4700.809844
1416.000000,4704.224047
1418.000000,4707.621976
1420.000000,4711.005302
1422.000000,4714.371752
1424.000000,4717.723665
1426.000000,4721.060347
1428.000000,4724.381568
1430.000000,4727.689106
1432.000000,4730.980204
1434.000000,4734.257889
1436.000000,4737.520737
1438.000000,4740.769233
1440.000000,4744.004312
1442.000000,4747.224261
1444.000000,4750.431047
1446.000000,4753.624098
1448.000000,4756.803162
1450.000000,4759.969841
1452.000000,4763.121757
1454.000000,4766.261494
1456.000000,4769.387896
1458.000000,4772.501227
1460.000000,4775.602653
1462.000000,4778.690132
1464.000000,4781.766088
1466.000000,4784.829283
1468.000000,4787.880159
1470.000000,4790.919709
1472.000000,4793.946014
1474.000000,4796.961332
1476.000000,4799.964634
1478.000000,4802.956111
1480.000000,4805.936913
1482.000000,4808.905170
1484.000000,4811.862873
1486.000000,4814.809331
1488.000000,4817.744557
1490.000000,4820.669499
1492.000000,4823.582711
1494.000000,4826.485857
1496.000000,4829.378234
1498.000000,4832.260038
1500.000000,4835.132170
1502.000000,4837.992968
1504.000000,4840.844318
1506.000000,4843.685527
1508.000000,4846.516666
1510.000000,4849.338582
1512.000000,4852.149900
1514.000000,4854.952229
1516.000000,4857.744877
1518.000000,4860.527945
1520.000000,4863.302288
1522.000000,4866.066646
1524.000000,4868.822487
1526.000000,4871.569150
1528.000000,4874.306744
1530.000000,4877.036085
1532.000000,4879.755960
1534.000000,4882.467743
1536.000000,4885.170826
1538.000000,4887.865334
1540.000000,4890.552039
1542.000000,4893.229745
1544.000000,4895.899800
1546.000000,4898.561666
1548.000000,4901.215475
1550.000000,4903.861916
1552.000000,4906.499728
1554.000000,4909.130339
1556.000000,4911.753227
1558.000000,4914.368440
1560.000000,4916.976628
1562.000000,4919.576808
1564.000000,4922.170138
1566.000000,4924.756126
1568.000000,4927.334919
1570.000000,4929.907156
1572.000000,4932.471684
1574.000000,4935.029810
1576.000000,4937.581053
1578.000000,4940.125419
1580.000000,4942.663552
1582.000000,4945.194521
1584.000000,4947.719369
1586.000000,4950.237725
1588.000000,4952.749651
1590.000000,4955.255675
1592.000000,4957.754980
1594.000000,4960.248525
1596.000000,4962.735933
1598.000000,4965.217294
1600.000000,4967.693080
1602.000000,4970.162519
1604.000000,4972.626523
1606.000000,4975.084738
1608.000000,4977.537270
1610.000000,4979.984562
1612.000000,4982.425903
1614.000000,4984.862149
1616.000000,4987.292971
1618.000000,4989.718448
1620.000000,4992.139008
1622.000000,4994.553975
1624.000000,4996.964136
1626.000000,4999.369218
1628.000000,5001.769240
1630.000000,5004.164682
1632.000000,5006.554845
1634.000000,5008.940532
1636.000000,5011.321471
1638.000000,5013.697667
1640.000000,5016.069616
1642.000000,5018.436575
1644.000000,5020.799405
1646.000000,5023.157719
1648.000000,5025.511664
1650.000000,5027.861548
1652.000000,5030.206842
1654.000000,5032.548197
1656.000000,5034.885411
1658.000000,5037.218486
1660.000000,5039.547854
1662.000000,5041.872883
1664.000000,5044.194326
1666.000000,5046.511842
1668.000000,5048.825577
1670.000000,5051.135794
1672.000000,5053.442042
1674.000000,5055.744881
1676.000000,5058.044138
1678.000000,5060.339804
1680.000000,5062.632282
1682.000000,5064.921006
1684.000000,5067.206642
1686.000000,5069.488921
1688.000000,5071.767946
1690.000000,5074.043969
1692.000000,5076.316592
1694.000000,5078.586322
1696.000000,5080.852977
1698.000000,5083.116615
1700.000000,5085.377484
1702.000000,5087.635220
1704.000000,5089.890284
1706.000000,5092.142549
1708.000000,5094.392014
1710.000000,5096.638991
1712.000000,5098.883072
1714.000000,5101.124747
1716.000000,5103.363841
1718.000000,5105.600411
1720.000000,5107.834697
1722.000000,5110.066349
1724.000000,5112.295819
1726.000000,5114.522921
1728.000000,5116.747748
1730.000000,5118.970486
1732.000000,5121.190867
1734.000000,5123.409260
1736.000000,5125.625545
1738.000000,5127.839786
1740.000000,5130.052152
1742.000000,5132.262418
1744.000000,5134.470897
1746.000000,5136.677512
1748.000000,5138.882286
1750.000000,5141.085410
1752.000000,5143.286657
1754.000000,5145.486325
1756.000000,5147.684348
1758.000000,5149.880747
1760.000000,5152.075708
1762.000000,5154.269021
1764.000000,5156.460974
1766.000000,5158.651491
1768.000000,5160.840611
1770.000000,5163.028493
1772.000000,5165.214954
1774.000000,5167.400258
1776.000000,5169.584331
1778.000000,5171.767225
1780.000000,5173.949063
1782.000000,5176.129719
1784.000000,5178.309404
1786.000000,5180.488069
1788.000000,5182.665767
1790.000000,5184.842603
1792.000000,5187.018485
1794.000000,5189.193583
1796.000000,5191.367874
1798.000000,5193.541403
1800.000000,5195.714260
1802.000000,5197.886383
1804.000000,5200.057911
1806.000000,5200.057911
1808.000000,5200.057911
1810.000000,5200.057911
1812.000000,5200.057911
1814.000000,5200.057911
1816.000000,5200.057911
1818.000000,5200.057911
1820.000000,5200.057911
1822.000000,5200.057911
1824.000000,5200.057911
1826.000000,5200.057911
1828.000000,5200.057911
1830.000000,5200.057911
1832.000000,5200.057911
1834.000000,5200.057911
1836.000000,5200.057911
1838.000000,5200.057911
1840.000000,5200.057911
1842.000000,5200.057911
1844.000000,5200.057911
1846.000000,5200.057911
1848.000000,5200.057911
1850.000000,5200.057911
1852.000000,5200.057911
1854.000000,5200.057911
1856.000000,5200.057911
1858.000000,5200.057911
1860.000000,5200.057911
1862.000000,5200.057911
1864.000000,5200.057911
1866.000000,5200.057911
1868.000000,5200.057911
1870.000000,5200.057911
1872.000000,5200.057911
1874.000000,5200.057911
1876.000000,5200.057911
1878.000000,5200.057911
1880.000000,5200.057911
1882.000000,5200.057911
1884.000000,5200.057911
1886.000000,5200.057911
1888.000000,5200.057911
1890.000000,5200.057911
1892.000000,5200.057911
1894.000000,5200.057911
1896.000000,5200.057911
1898.000000,5200.057911
1900.000000,5200.057911
1902.000000,5200.057911
1904.000000,5200.057911
1906.000000,5200.057911
1908.000000,5200.057911
1910.000000,5200.057911
1912.000000,5200.057911
1914.000000,5200.057911
1916.000000,5200.057911
1918.000000,5200.057911
1920.000000,5200.057911
1922.000000,5200.057911
1924.000000,5200.057911
1926.000000,5200.057911
1928.000000,5200.057911
1930.000000,5200.057911
1932.000000,5200.057911
1934.000000,5200.057911
1936.000000,5200.057911
1938.000000,5200.057911
1940.000000,5200.057911
1942.000000,5200.057911
1944.000000,5200.057911
1946.000000,5200.057911
1948.000000,5200.057911
1950.000000,5200.057911
1952.000000,5200.057911
1954.000000,5200.057911
1956.000000,5200.057911
1958.000000,5200.057911
1960.000000,5200.057911
1962.000000,5200.057911
1964.000000,5200.057911
1966.000000,5200.057911
1968.000000,5200.057911
1970.000000,5200.057911
1972.000000,5200.057911
1974.000000,5200.057911
1976.000000,5200.057911
1978.000000,5200.057911
1980.000000,5200.057911
1982.000000,5200.057911
1984.000000,5200.057911
1986.000000,5200.057911
1988.000000,5200.057911
1990.000000,5200.057911
1992.000000,5200.057911
1994.000000,5200.057911
1996.000000,5200.057911
1998.000000,5200.057911
2000.000000,5200.057911
2002.000000,5200.057911
2004.000000,5200.057911
2006.000000,5200.057911
2008.000000,5200.057911
2010.000000,5200.057911
2012.000000,5200.057911
2014.000000,5200.057911
2016.000000,5200.057911
2018.000000,5200.057911
2020.000000,5200.057911
2022.000000,5200.057911
2024.000000,5200.057911
2026.000000,5200.057911
2028.000000,5200.057911
2030.000000,5200.057911
2032.000000,5200.057911
2034.000000,5200.057911
2036.000000,5200.057911
2038.000000,5200.057911
2040.000000,5200.057911
2042.000000,5200.057911
2044.000000,5200.057911
2046.000000,5200.057911
2048.000000,5200.057911
2050.000000,5200.057911
2052.000000,5200.057911
2054.000000,5200.057911
2056.000000,5200.057911
2058.000000,5200.057911
2060.000000,5200.057911
2062.000000,5200.057911
2064.000000,5200.057911
2066.000000,5200.057911
2068.000000,5200.057911
2070.000000,5200.057911
2072.000000,5200.057911
2074.000000,5200.057911
2076.000000,5200.057911
2078.000000,5200.057911
2080.000000,5200.057911
2082.000000,5200.057911
2084.000000,5200.057911
2086.000000,5200.057911
2088.000000,5200.057911
2090.000000,5200.057911
2092.000000,5200.057911
2094.000000,5200.057911
2096.000000,5200.057911
2098.000000,5200.057911
2100.000000,5200.057911
2102.000000,5200.057911
2104.000000,5200.057911
2106.000000,5200.057911
2108.000000,5200.057911
2110.000000,5200.057911
2112.000000,5200.057911
2114.000000,5200.057911
2116.000000,5200.057911
2118.000000,5200.057911
2120.000000,5200.057911
2122.000000,5200.057911
2124.000000,5200.057911
2126.000000,5200.057911
2128.000000,5200.057911
2130.000000,5200.057911
2132.000000,5200.057911
2134.000000,5200.057911
2136.000000,5200.057911
2138.000000,5200.057911
2140.000000,5200.057911
2142.000000,5200.057911
2144.000000,5200.057911
2146.000000,5200.057911
2148.000000,5200.057911
2150.000000,5200.057911
2152.000000,5200.057911
2154.000000,5200.057911
2156.000000,5200.057911
2158.000000,5200.057911
2160.000000,5200.057911
2162.000000,5200.057911
2164.000000,5200.057911
2166.000000,5200.057911
2168.000000,5200.057911
2170.000000,5200.057911
2172.000000,5200.057911
2174.000000,5200.057911
2176.000000,5200.057911
2178.000000,5200.057911
2180.000000,5200.057911
2182.000000,5200.057911
2184.000000,5200.057911
2186.000000,5200.057911
2188.000000,5200.057911
2190.000000,5200.057911
2192.000000,5200.057911
2194.000000,5200.057911
2196.000000,5200.057911
2198.000000,5200.057911
2200.000000,5200.057911
2202.000000,5200.057911
2204.000000,5200.057911
2206.000000,5200.057911
2208.000000,5200.057911
2210.000000,5200.057911
2212.000000,5200.057911
2214.000000,5200.057911
2216.000000,5200.057911
2218.000000,5200.057911
2220.000000,5200.057911
2222.000000,5200.057911
2224.000000,5200.057911
2226.000000,5200.057911
2228.000000,5200.057911
2230.000000,5200.057911
2232.000000,5200.057911
2234.000000,5200.057911
2236.000000,5200.057911
2238.000000,5200.057911
2240.000000,5200.057911
2242.000000,5200.057911
2244.000000,5200.057911
2246.000000,5200.057911
2248.000000,5200.057911
2250.000000,5200.057911
2252.000000,5200.057911
2254.000000,5200.057911
2256.000000,5200.057911
2258.000000,5200.057911
2260.000000,5200.057911
2262.000000,5200.057911
2264.000000,5200.057911
2266.000000,5200.057911
2268.000000,5200.057911
2270.000000,5200.057911
2272.000000,5200.057911
2274.000000,5200.057911
2276.000000,5200.057911
2278.000000,5200.057911
2280.000000,5200.057911
2282.000000,5200.057911
2284.000000,5200.057911
2286.000000,5200.057911
2288.000000,5200.057911
2290.000000,5200.057911
2292.000000,5200.057911
2294.000000,5200.057911
2296.000000,5200.057911
2298.000000,5200.057911
2300.000000,5200.057911
2302.000000,5200.057911
2304.000000,5200.057911
2306.000000,5200.057911
2308.000000,5200.057911
2310.000000,5200.057911
2312.000000,5200.057911
2314.000000,5200.057911
2316.000000,5200.057911
2318.000000,5200.057911
2320.000000,5200.057911
2322.000000,5200.057911
2324.000000,5200.057911
2326.000000,5200.057911
2328.000000,5200.057911
2330.000000,5200.057911
2332.000000,5200.057911
2334.000000,5200.057911
2336.000000,5200.057911
2338.000000,5200.057911
2340.000000,5200.057911
2342.000000,5200.057911
2344.000000,5200.057911
2346.000000,5200.057911
2348.000000,5200.057911
2350.000000,5200.057911
2352.000000,5200.057911
2354.000000,5200.057911
2356.000000,5200.057911
2358.000000,5200.057911
2360.000000,5200.057911
2362.000000,5200.057911
2364.000000,5200.057911
2366.000000,5200.057911
2368.000000,5200.057911
2370.000000,5200.057911
2372.000000,5200.057911
2374.000000,5200.057911
2376.000000,5200.057911
2378.000000,5200.057911
2380.000000,5200.057911
2382.000000,5200.057911
2384.000000,5200.057911
2386.000000,5200.057911
2388.000000,5200.057911
2390.000000,5200.057911
2392.000000,5200.057911
2394.000000,5200.057911
2396.000000,5200.057911
2398.000000,5200.057911
2400.000000,5200.057911
2402.000000,5200.057911
2404.000000,5200.057911
2406.000000,5200.057911
2408.000000,5200.057911
2410.000000,5200.057911
2412.000000,5200.057911
2414.000000,5200.057911
2416.000000,5200.057911
2418.000000,5200.057911
2420.000000,5200.057911
2422.000000,5200.057911
2424.000000,5200.057911
2426.000000,5200.057911
2428.000000,5200.057911
2430.000000,5200.057911
2432.000000,5200.057911
2434.000000,5200.057911
2436.000000,5200.057911
2438.000000,5200.057911
2440.000000,5200.057911
2442.000000,5200.057911
2444.000000,5200.057911
2446.000000,5200.057911
2448.000000,5200.057911
2450.000000,5200.057911
2452.000000,5200.057911
2454.000000,5200.057911
2456.000000,5200.057911
2458.000000,5200.057911
2460.000000,5200.057911
2462.000000,5200.057911
2464.000000,5200.057911
2466.000000,5200.057911
2468.000000,5200.057911
2470.000000,5200.057911
2472.000000,5200.057911
2474.000000,5200.057911
2476.000000,5200.057911
2478.000000,5200.057911
2480.000000,5200.057911
2482.000000,5200.057911
2484.000000,5200.057911
2486.000000,5200.057911
2488.000000,5200.057911
2490.000000,5200.057911
2492.000000,5200.057911
2494.000000,5200.057911
2496.000000,5200.057911
2498.000000,5200.057911
2500.000000,5200.057911
2502.000000,5200.057911
2504.000000,5200.057911
2506.000000,5200.057911
2508.000000,5200.057911
2510.000000,5200.057911
2512.000000,5200.057911
2514.000000,5200.057911
2516.000000,5200.057911
2518.000000,5200.057911
2520.000000,5200.057911
2522.000000,5200.057911
2524.000000,5200.057911
2526.000000,5200.057911
2528.000000,5200.057911
2530.000000,5200.057911
2532.000000,5200.057911
2534.000000,5200.057911
2536.000000,5200.057911
2538.000000,5200.057911
2540.000000,5200.057911
2542.000000,5200.057911
2544.000000,5200.057911
2546.000000,5200.057911
2548.000000,5200.057911
2550.000000,5200.057911
2552.000000,5200.057911
2554.000000,5200.057911
2556.000000,5200.057911
2558.000000,5200.057911
2560.000000,5200.057911
2562.000000,5200.057911
2564.000000,5200.057911
2566.000000,5200.057911
2568.000000,5200.057911
2570.000000,5200.057911
2572.000000,5200.057911
2574.000000,5200.057911
2576.000000,5200.057911
2578.000000,5200.057911
2580.000000,5200.057911
2582.000000,5200.057911
2584.000000,5200.057911
2586.000000,5200.057911
2588.000000,5200.057911
2590.000000,5200.057911
2592.000000,5200.057911
2594.000000,5200.057911
2596.000000,5200.057911
2598.000000,5200.057911
2600.000000,5200.057911
2602.000000,5200.057911
2604.000000,5200.057911
2606.000000,5200.057911
2608.000000,5200.057911
2610.000000,5200.057911
2612.000000,5200.057911
2614.000000,5200.057911
2616.000000,5200.057911
2618.000000,5200.057911
2620.000000,5200.057911
2622.000000,5200.057911
2624.000000,5200.057911
2626.000000,5200.057911
2628.000000,5200.057911
2630.000000,5200.057911
2632.000000,5200.057911
2634.000000,5200.057911
2636.000000,5200.057911
2638.000000,5200.057911
2640.000000,5200.057911
2642.000000,5200.057911
2644.000000,5200.057911
2646.000000,5200.057911
2648.000000,5200.057911
2650.000000,5200.057911
2652.000000,5200.057911
2654.000000,5200.057911
2656.000000,5200.057911
2658.000000,5200.057911
2660.000000,5200.057911
2662.000000,5200.057911
2664.000000,5200.057911
2666.000000,5200.057911
2668.000000,5200.057911
2670.000000,5200.057911
2672.000000,5200.057911
2674.000000,5200.057911
2676.000000,5200.057911
2678.000000,5200.057911
2680.000000,5200.057911
2682.000000,5200.057911
2684.000000,5200.057911
2686.000000,5200.057911
2688.000000,5200.057911
2690.000000,5200.057911
2692.000000,5200.057911
2694.000000,5200.057911
2696.000000,5200.057911
2698.000000,5200.057911
2700.000000,5200.057911
2702.000000,5200.057911
2704.000000,5200.057911
2706.000000,5200.057911
2708.000000,5200.057911
2710.000000,5200.057911
2712.000000,5200.057911
2714.000000,5200.057911
2716.000000,5200.057911
2718.000000,5200.057911
2720.000000,5200.057911
2722.000000,5200.057911
2724.000000,5200.057911
2726.000000,5200.057911
2728.000000,5200.057911
2730.000000,5200.057911
2732.000000,5200.057911
2734.000000,5200.057911
2736.000000,5200.057911
2738.000000,5200.057911
2740.000000,5200.057911
2742.000000,5200.057911
2744.000000,5200.057911
2746.000000,5200.057911
2748.000000,5200.057911
2750.000000,5200.057911
2752.000000,5200.057911
2754.000000,5200.057911
2756.000000,5200.057911
2758.000000,5200.057911
2760.000000,5200.057911
2762.000000,5200.057911
2764.000000,5200.057911
2766.000000,5200.057911
2768.000000,5200.057911
2770.000000,5200.057911
2772.000000,5200.057911
2774.000000,5200.057911
2776.000000,5200.057911
2778.000000,5200.057911
2780.000000,5200.057911
2782.000000,5200.057911
2784.000000,5200.057911
2786.000000,5200.057911
2788.000000,5200.057911
2790.000000,5200.057911
2792.000000,5200.057911
2794.000000,5200.057911
2796.000000,5200.057911
2798.000000,5200.057911
2800.000000,5200.057911
2802.000000,5200.057911
2804.000000,5200.057911
2806.000000,5200.057911
2808.000000,5200.057911
2810.000000,5200.057911
2812.000000,5200.057911
2814.000000,5200.057911
2816.000000,5200.057911
2818.000000,5200.057911
2820.000000,5200.057911
2822.000000,5200.057911
2824.000000,5200.057911
2826.000000,5200.057911
2828.000000,5200.057911
2830.000000,5200.057911
2832.000000,5200.057911
2834.000000,5200.057911
2836.000000,5200.057911
2838.000000,5200.057911
2840.000000,5200.057911
2842.000000,5200.057911
2844.000000,5200.057911
2846.000000,5200.057911
2848.000000,5200.057911
2850.000000,5200.057911
2852.000000,5200.057911
2854.000000,5200.057911
2856.000000,5200.057911
2858.000000,5200.057911
2860.000000,5200.057911
2862.000000,5200.057911
2864.000000,5200.057911
2866.000000,5200.057911
2868.000000,5200.057911
2870.000000,5200.057911
2872.000000,5200.057911
2874.000000,5200.057911
2876.000000,5200.057911
2878.000000,5200.057911
2880.000000,5200.057911
2882.000000,5200.057911
2884.000000,5200.057911
2886.000000,5200.057911
2888.000000,5200.057911
2890.000000,5200.057911
2892.000000,5200.057911
2894.000000,5200.057911
2896.000000,5200.057911
2898.000000,5200.057911
2900.000000,5200.057911
2902.000000,5200.057911
2904.000000,5200.057911
2906.000000,5200.057911
2908.000000,5200.057911
2910.000000,5200.057911
2912.000000,5200.057911
2914.000000,5200.057911
2916.000000,5200.057911
2918.000000,5200.057911
2920.000000,5200.057911
2922.000000,5200.057911
2924.000000,5200.057911
2926.000000,5200.057911
2928.000000,5200.057911
2930.000000,5200.057911
2932.000000,5200.057911
2934.000000,5200.057911
2936.000000,5200.057911
2938.000000,5200.057911
2940.000000,5200.057911
2942.000000,5200.057911
2944.000000,5200.057911
2946.000000,5200.057911
2948.000000,5200.057911
2950.000000,5200.057911
2952.000000,5200.057911
2954.000000,5200.057911
2956.000000,5200.057911
2958.000000,5200.057911
2960.000000,5200.057911
2962.000000,5200.057911
2964.000000,5200.057911
2966.000000,5200.057911
2968.000000,5200.057911
2970.000000,5200.057911
2972.000000,5200.057911
2974.000000,5200.057911
2976.000000,5200.057911
2978.000000,5200.057911
2980.000000,5200.057911
2982.000000,5200.057911
2984.000000,5200.057911
2986.000000,5200.057911
2988.000000,5200.057911
2990.000000,5200.057911
2992.000000,5200.057911
2994.000000,5200.057911
2996.000000,5200.057911
2998.000000,5200.057911
3000.000000,5200.057911
3002.000000,5200.057911
3004.000000,5200.057911
3006.000000,5200.057911
3008.000000,5200.057911
3010.000000,5200.057911
3012.000000,5200.057911
3014.000000,5200.057911
3016.000000,5200.057911
3018.000000,5200.057911
3020.000000,5200.057911
3022.000000,5200.057911
3024.000000,5200.057911
3026.000000,5200.057911
3028.000000,5200.057911
3030.000000,5200.057911
3032.000000,5200.057911
3034.000000,5200.057911
3036.000000,5200.057911
3038.000000,5200.057911
3040.000000,5200.057911
3042.000000,5200.057911
3044.000000,5200.057911
3046.000000,5200.057911
3048.000000,5200.057911
3050.000000,5200.057911
3052.000000,5200.057911
3054.000000,5200.057911
3056.000000,5200.057911
3058.000000,5200.057911
3060.000000,5200.057911
3062.000000,5200.057911
3064.000000,5200.057911
3066.000000,5200.057911
3068.000000,5200.057911
3070.000000,5200.057911
3072.000000,5200.057911
3074.000000,5200.057911
3076.000000,5200.057911
3078.000000,5200.057911
3080.000000,5200.057911
3082.000000,5200.057911
3084.000000,5200.057911
3086.000000,5200.057911
3088.000000,5200.057911
3090.000000,5200.057911
3092.000000,5200.057911
3094.000000,5200.057911
3096.000000,5200.057911
3098.000000,5200.057911
3100.000000,5200.057911
3102.000000,5200.057911
3104.000000,5200.057911
3106.000000,5200.057911
3108.000000,5200.057911
3110.000000,5200.057911
3112.000000,5200.057911
3114.000000,5200.057911
3116.000000,5200.057911
3118.000000,5200.057911
3120.000000,5200.057911
3122.000000,5200.057911
3124.000000,5200.057911
3126.000000,5200.057911
3128.000000,5200.057911
3130.000000,5200.057911
3132.000000,5200.057911
3134.000000,5200.057911
3136.000000,5200.057911
3138.000000,5200.057911
3140.000000,5200.057911
3142.000000,5200.057911
3144.000000,5200.057911
3146.000000,5200.057911
3148.000000,5200.057911
3150.000000,5200.057911
3152.000000,5200.057911
3154.000000,5200.057911
3156.000000,5200.057911
3158.000000,5200.057911
3160.000000,5200.057911
3162.000000,5200.057911
3164.000000,5200.057911
3166.000000,5200.057911
3168.000000,5200.057911
3170.000000,5200.057911
3172.000000,5200.057911
3174.000000,5200.057911
3176.000000,5200.057911
3178.000000,5200.057911
3180.000000,5200.057911
3182.000000,5200.057911
3184.000000,5200.057911
3186.000000,5200.057911
3188.000000,5200.057911
3190.000000,5200.057911
3192.000000,5200.057911
3194.000000,5200.057911
3196.000000,5200.057911
3198.000000,5200.057911
3200.000000,5200.057911
3202.000000,5200.057911
3204.000000,5200.057911
3206.000000,5200.057911
3208.000000,5200.057911
3210.000000,5200.057911
3212.000000,5200.057911
3214.000000,5200.057911
3216.000000,5200.057911
3218.000000,5200.057911
3220.000000,5200.057911
3222.000000,5200.057911
3224.000000,5200.057911
3226.000000,5200.057911
3228.000000,5200.057911
3230.000000,5200.057911
3232.000000,5200.057911
3234.000000,5200.057911
3236.000000,5200.057911
3238.000000,5200.057911
3240.000000,5200.057911
3242.000000,5200.057911
3244.000000,5200.057911
3246.000000,5200.057911
3248.000000,5200.057911
3250.000000,5200.057911
3252.000000,5200.057911
3254.000000,5200.057911
3256.000000,5200.057911
3258.000000,5200.057911
3260.000000,5200.057911
3262.000000,5200.057911
3264.000000,5200.057911
3266.000000,5200.057911
3268.000000,5200.057911
3270.000000,5200.057911
3272.000000,5200.057911
3274.000000,5200.057911
3276.000000,5200.057911
3278.000000,5200.057911
3280.000000,5200.057911
3282.000000,5200.057911
3284.000000,5200.057911
3286.000000,5200.057911
3288.000000,5200.057911
3290.000000,5200.057911
3292.000000,5200.057911
3294.000000,5200.057911
3296.000000,5200.057911
3298.000000,5200.057911
3300.000000,5200.057911
3302.000000,5200.057911
3304.000000,5200.057911
3306.000000,5200.057911
3308.000000,5200.057911
3310.000000,5200.057911
3312.000000,5200.057911
3314.000000,5200.057911
3316.000000,5200.057911
3318.000000,5200.057911
3320.000000,5200.057911
3322.000000,5200.057911
3324.000000,5200.057911
3326.000000,5200.057911
3328.000000,5200.057911
3330.000000,5200.057911
3332.000000,5200.057911
3334.000000,5200.057911
3336.000000,5200.057911
3338.000000,5200.057911
3340.000000,5200.057911
3342.000000,5200.057911
3344.000000,5200.057911
3346.000000,5200.057911
3348.000000,5200.057911
3350.000000,5200.057911
3352.000000,5200.057911
3354.000000,5200.057911
3356.000000,5200.057911
3358.000000,5200.057911
3360.000000,5200.057911
3362.000000,5200.057911
3364.000000,5200.057911
3366.000000,5200.057911
3368.000000,5200.057911
3370.000000,5200.057911
3372.000000,5200.057911
3374.000000,5200.057911
3376.000000,5200.057911
3378.000000,5200.057911
3380.000000,5200.057911
3382.000000,5200.057911
3384.000000,5200.057911
3386.000000,5200.057911
3388.000000,5200.057911
3390.000000,5200.057911
3392.000000,5200.057911
3394.000000,5200.057911
3396.000000,5200.057911
3398.000000,5200.057911
3400.000000,5200.057911
3402.000000,5200.057911
3404.000000,5200.057911
3406.000000,5200.057911
3408.000000,5200.057911
3410.000000,5200.057911
3412.000000,5200.057911
3414.000000,5200.057911
3416.000000,5200.057911
3418.000000,5200.057911
3420.000000,5200.057911
3422.000000,5200.057911
3424.000000,5200.057911
3426.000000,5200.057911
3428.000000,5200.057911
3430.000000,5200.057911
3432.000000,5200.057911
3434.000000,5200.057911
3436.000000,5200.057911
3438.000000,5200.057911
3440.000000,5200.057911
3442.000000,5200.057911
3444.000000,5200.057911
3446.000000,5200.057911
3448.000000,5200.057911
3450.000000,5200.057911
3452.000000,5200.057911
3454.000000,5200.057911
3456.000000,5200.057911
3458.000000,5200.057911
3460.000000,5200.057911
3462.000000,5200.057911
3464.000000,5200.057911
3466.000000,5200.057911
3468.000000,5200.057911
3470.000000,5200.057911
3472.000000,5200.057911
3474.000000,5200.057911
3476.000000,5200.057911
3478.000000,5200.057911
3480.000000,5200.057911
3482.000000,5200.057911
3484.000000,5200.057911
3486.000000,5200.057911
3488.000000,5200.057911
3490.000000,5200.057911
3492.000000,5200.057911
3494.000000,5200.057911
3496.000000,5200.057911
3498.000000,5200.057911
3500.000000,5200.057911
3502.000000,5200.057911
3504.000000,5200.057911
3506.000000,5200.057911
3508.000000,5200.057911
3510.000000,5200.057911
3512.000000,5200.057911
3514.000000,5200.057911
3516.000000,5200.057911
3518.000000,5200.057911
3520.000000,5200.057911
3522.000000,5200.057911
3524.000000,5200.057911
3526.000000,5200.057911
3528.000000,5200.057911
3530.000000,5200.057911
3532.000000,5200.057911
3534.000000,5200.057911
3536.000000,5200.057911
3538.000000,5200.057911
3540.000000,5200.057911
3542.000000,5200.057911
3544.000000,5200.057911
3546.000000,5200.057911
3548.000000,5200.057911
3550.000000,5200.057911
3552.000000,5200.057911
3554.000000,5200.057911
3556.000000,5200.057911
3558.000000,5200.057911
3560.000000,5200.057911
3562.000000,5200.057911
3564.000000,5200.057911
3566.000000,5200.057911
3568.000000,5200.057911
3570.000000,5200.057911
3572.000000,5200.057911
3574.000000,5200.057911
3576.000000,5200.057911
3578.000000,5200.057911
3580.000000,5200.057911
3582.000000,5200.057911
3584.000000,5200.057911
3586.000000,5200.057911
3588.000000,5200.057911
3590.000000,5200.057911
3592.000000,5200.057911
3594.000000,5200.057911
3596.000000,5200.057911
3598.000000,5200.057911
3600.000000,5200.057911
3602.000000,5200.057911
3604.000000,5200.057911
3606.000000,5200.057911
3608.000000,5200.057911
3610.000000,5200.057911
3612.000000,5200.057911
3614.000000,5200.057911
3616.000000,5200.057911
3618.000000,5200.057911
3620.000000,5200.057911
3622.000000,5200.057911
3624.000000,5200.057911
3626.000000,5200.057911
3628.000000,5200.057911
3630.000000,5200.057911
3632.000000,5200.057911
3634.000000,5200.057911
3636.000000,5200.057911
3638.000000,5200.057911
3640.000000,5200.057911
3642.000000,5200.057911
3644.000000,5200.057911
3646.000000,5200.057911
3648.000000,5200.057911
3650.000000,5200.057911
3652.000000,5200.057911
3654.000000,5200.057911
3656.000000,5200.057911
3658.000000,5200.057911
3660.000000,5200.057911
3662.000000,5200.057911
3664.000000,5200.057911
3666.000000,5200.057911
3668.000000,5200.057911
3670.000000,5200.057911
3672.000000,5200.057911
3674.000000,5200.057911
3676.000000,5200.057911
3678.000000,5200.057911
3680.000000,5200.057911
3682.000000,5200.057911
3684.000000,5200.057911
3686.000000,5200.057911
3688.000000,5200.057911
3690.000000,5200.057911
3692.000000,5200.057911
3694.000000,5200.057911
3696.000000,5200.057911
3698.000000,5200.057911
3700.000000,5200.057911
3702.000000,5200.057911
3704.000000,5200.057911
3706.000000,5200.057911
3708.000000,5200.057911
3710.000000,5200.057911
3712.000000,5200.057911
3714.000000,5200.057911
3716.000000,5200.057911
3718.000000,5200.057911
3720.000000,5200.057911
3722.000000,5200.057911
3724.000000,5200.057911
3726.000000,5200.057911
3728.000000,5200.057911
3730.000000,5200.057911
3732.000000,5200.057911
3734.000000,5200.057911
3736.000000,5200.057911
3738.000000,5200.057911
3740.000000,5200.057911
3742.000000,5200.057911
3744.000000,5200.057911
3746.000000,5200.057911
3748.000000,5200.057911
3750.000000,5200.057911
3752.000000,5200.057911
3754.000000,5200.057911
3756.000000,5200.057911
3758.000000,5200.057911
3760.000000,5200.057911
3762.000000,5200.057911
3764.000000,5200.057911
3766.000000,5200.057911
3768.000000,5200.057911
3770.000000,5200.057911
3772.000000,5200.057911
3774.000000,5200.057911
3776.000000,5200.057911
3778.000000,5200.057911
3780.000000,5200.057911
3782.000000,5200.057911
3784.000000,5200.057911
3786.000000,5200.057911
3788.000000,5200.057911
3790.000000,5200.057911
3792.000000,5200.057911
3794.000000,5200.057911
3796.000000,5200.057911
3798.000000,5200.057911
3800.000000,5200.057911
3802.000000,5200.057911
3804.000000,5200.057911
3806.000000,5200.057911
3808.000000,5200.057911
3810.000000,5200.057911
3812.000000,5200.057911
3814.000000,5200.057911
3816.000000,5200.057911
3818.000000,5200.057911
3820.000000,5200.057911
3822.000000,5200.057911
3824.000000,5200.057911
3826.000000,5200.057911
3828.000000,5200.057911
3830.000000,5200.057911
3832.000000,5200.057911
3834.000000,5200.057911
3836.000000,5200.057911
3838.000000,5200.057911
3840.000000,5200.057911
3842.000000,5200.057911
3844.000000,5200.057911
3846.000000,5200.057911
3848.000000,5200.057911
3850.000000,5200.057911
3852.000000,5200.057911
3854.000000,5200.057911
3856.000000,5200.057911
3858.000000,5200.057911
3860.000000,5200.057911
3862.000000,5200.057911
3864.000000,5200.057911
3866.000000,5200.057911
3868.000000,5200.057911
3870.000000,5200.057911
3872.000000,5200.057911
3874.000000,5200.057911
3876.000000,5200.057911
3878.000000,5200.057911
3880.000000,5200.057911
3882.000000,5200.057911
3884.000000,5200.057911
3886.000000,5200.057911
3888.000000,5200.057911
3890.000000,5200.057911
3892.000000,5200.057911
3894.000000,5200.057911
3896.000000,5200.057911
3898.000000,5200.057911
3900.000000,5200.057911
3902.000000,5200.057911
3904.000000,5200.057911
3906.000000,5200.057911
3908.000000,5200.057911
3910.000000,5200.057911
3912.000000,5200.057911
3914.000000,5200.057911
3916.000000,5200.057911
3918.000000,5200.057911
3920.000000,5200.057911
3922.000000,5200.057911
3924.000000,5200.057911
3926.000000,5200.057911
3928.000000,5200.057911
3930.000000,5200.057911
3932.000000,5200.057911
3934.000000,5200.057911
3936.000000,5200.057911
3938.000000,5200.057911
3940.000000,5200.057911
3942.000000,5200.057911
3944.000000,5200.057911
3946.000000,5200.057911
3948.000000,5200.057911
3950.000000,5200.057911
3952.000000,5200.057911
3954.000000,5200.057911
3956.000000,5200.057911
3958.000000,5200.057911
3960.000000,5200.057911
3962.000000,5200.057911
3964.000000,5200.057911
3966.000000,5200.057911
3968.000000,5200.057911
3970.000000,5200.057911
3972.000000,5200.057911
3974.000000,5200.057911
3976.000000,5200.057911
3978.000000,5200.057911
3980.000000,5200.057911
3982.000000,5200.057911
3984.000000,5200.057911
3986.000000,5200.057911
3988.000000,5200.057911
3990.000000,5200.057911
3992.000000,5200.057911
3994.000000,5200.057911
3996.000000,5200.057911
3998.000000,5200.057911
4000.000000,5200.057911
4002.000000,5200.057911
4004.000000,5200.057911
4006.000000,5200.057911
4008.000000,5200.057911
4010.000000,5200.057911
4012.000000,5200.057911
4014.000000,5200.057911
4016.000000,5200.057911
4018.000000,5200.057911
4020.000000,5200.057911
4022.000000,5200.057911
4024.000000,5200.057911
4026.000000,5200.057911
4028.000000,5200.057911
4030.000000,5200.057911
4032.000000,5200.057911
4034.000000,5200.057911
4036.000000,5200.057911
4038.000000,5200.057911
4040.000000,5200.057911
4042.000000,5200.057911
4044.000000,5200.057911
4046.000000,5200.057911
4048.000000,5200.057911
4050.000000,5200.057911
4052.000000,5200.057911
4054.000000,5200.057911
4056.000000,5200.057911
4058.000000,5200.057911
4060.000000,5200.057911
4062.000000,5200.057911
4064.000000,5200.057911
4066.000000,5200.057911
4068.000000,5200.057911
4070.000000,5200.057911
4072.000000,5200.057911
4074.000000,5200.057911
4076.000000,5200.057911
4078.000000,5200.057911
4080.000000,5200.057911
4082.000000,5200.057911
4084.000000,5200.057911
4086.000000,5200.057911
4088.000000,5200.057911
4090.000000,5200.057911
4092.000000,5200.057911
4094.000000,5200.057911
4096.000000,5200.057911
4098.000000,5200.057911
4100.000000,5200.057911
4102.000000,5200.057911
4104.000000,5200.057911
4106.000000,5200.057911
4108.000000,5200.057911
4110.000000,5200.057911
4112.000000,5200.057911
4114.000000,5200.057911
4116.000000,5200.057911
4118.000000,5200.057911
4120.000000,5200.057911
4122.000000,5200.057911
4124.000000,5200.057911
4126.000000,5200.057911
4128.000000,5200.057911
4130.000000,5200.057911
4132.000000,5200.057911
4134.000000,5200.057911
4136.000000,5200.057911
4138.000000,5200.057911
4140.000000,5200.057911
4142.000000,5200.057911
4144.000000,5200.057911
4146.000000,5200.057911
4148.000000,5200.057911
4150.000000,5200.057911
4152.000000,5200.057911
4154.000000,5200.057911
4156.000000,5200.057911
4158.000000,5200.057911
4160.000000,5200.057911
4162.000000,5200.057911
4164.000000,5200.057911
4166.000000,5200.057911
4168.000000,5200.057911
4170.000000,5200.057911
4172.000000,5200.057911
4174.000000,5200.057911
4176.000000,5200.057911
4178.000000,5200.057911
4180.000000,5200.057911
4182.000000,5200.057911
4184.000000,5200.057911
4186.000000,5200.057911
4188.000000,5200.057911
4190.000000,5200.057911
4192.000000,5200.057911
4194.000000,5200.057911
4196.000000,5200.057911
4198.000000,5200.057911
4200.000000,5200.057911
4202.000000,5200.057911
4204.000000,5200.057911
4206.000000,5200.057911
4208.000000,5200.057911
4210.000000,5200.057911
4212.000000,5200.057911
4214.000000,5200.057911
4216.000000,5200.057911
4218.000000,5200.057911
4220.000000,5200.057911
4222.000000,5200.057911
4224.000000,5200.057911
4226.000000,5200.057911
4228.000000,5200.057911
4230.000000,5200.057911
4232.000000,5200.057911
4234.000000,5200.057911
4236.000000,5200.057911
4238.000000,5200.057911
4240.000000,5200.057911
4242.000000,5200.057911
4244.000000,5200.057911
4246.000000,5200.057911
4248.000000,5200.057911
4250.000000,5200.057911
4252.000000,5200.057911
4254.000000,5200.057911
4256.000000,5200.057911
4258.000000,5200.057911
4260.000000,5200.057911
4262.000000,5200.057911
4264.000000,5200.057911
4266.000000,5200.057911
4268.000000,5200.057911
4270.000000,5200.057911
4272.000000,5200.057911
4274.000000,5200.057911
4276.000000,5200.057911
4278.000000,5200.057911
4280.000000,5200.057911
4282.000000,5200.057911
4284.000000,5200.057911
4286.000000,5200.057911
4288.000000,5200.057911
4290.000000,5200.057911
4292.000000,5200.057911
4294.000000,5200.057911
4296.000000,5200.057911
4298.000000,5200.057911
4300.000000,5200.057911
4302.000000,5200.057911
4304.000000,5200.057911
4306.000000,5200.057911
4308.000000,5200.057911
4310.000000,5200.057911
4312.000000,5200.057911
4314.000000,5200.057911
4316.000000,5200.057911
4318.000000,5200.057911
4320.000000,5200.057911
4322.000000,5200.057911
4324.000000,5200.057911
4326.000000,5200.057911
4328.000000,5200.057911
4330.000000,5200.057911
4332.000000,5200.057911
4334.000000,5200.057911
4336.000000,5200.057911
4338.000000,5200.057911
4340.000000,5200.057911
4342.000000,5200.057911
4344.000000,5200.057911
4346.000000,5200.057911
4348.000000,5200.057911
4350.000000,5200.057911
4352.000000,5200.057911
4354.000000,5200.057911
4356.000000,5200.057911
4358.000000,5200.057911
4360.000000,5200.057911
4362.000000,5200.057911
4364.000000,5200.057911
4366.000000,5200.057911
4368.000000,5200.057911
4370.000000,5200.057911
4372.000000,5200.057911
4374.000000,5200.057911
4376.000000,5200.057911
4378.000000,5200.057911
4380.000000,5200.057911
4382.000000,5200.057911
4384.000000,5200.057911
4386.000000,5200.057911
4388.000000,5200.057911
4390.000000,5200.057911
4392.000000,5200.057911
4394.000000,5200.057911
4396.000000,5200.057911
4398.000000,5200.057911
4400.000000,5200.057911
4402.000000,5200.057911
4404.000000,5200.057911
4406.000000,5200.057911
4408.000000,5200.057911
4410.000000,5200.057911
4412.000000,5200.057911
4414.000000,5200.057911
4416.000000,5200.057911
4418.000000,5200.057911
4420.000000,5200.057911
4422.000000,5200.057911
4424.000000,5200.057911
4426.000000,5200.057911
4428.000000,5200.057911
4430.000000,5200.057911
4432.000000,5200.057911
4434.000000,5200.057911
4436.000000,5200.057911
4438.000000,5200.057911
4440.000000,5200.057911
4442.000000,5200.057911
4444.000000,5200.057911
4446.000000,5200.057911
4448.000000,5200.057911
4450.000000,5200.057911
4452.000000,5200.057911
4454.000000,5200.057911
4456.000000,5200.057911
4458.000000,5200.057911
4460.000000,5200.057911
4462.000000,5200.057911
4464.000000,5200.057911
4466.000000,5200.057911
4468.000000,5200.057911
4470.000000,5200.057911
4472.000000,5200.057911
4474.000000,5200.057911
4476.000000,5200.057911
4478.000000,5200.057911
4480.000000,5200.057911
4482.000000,5200.057911
4484.000000,5200.057911
4486.000000,5200.057911
4488.000000,5200.057911
4490.000000,5200.057911
4492.000000,5200.057911
4494.000000,5200.057911
4496.000000,5200.057911
4498.000000,5200.057911
4500.000000,5200.057911
4502.000000,5200.057911
4504.000000,5200.057911
4506.000000,5200.057911
4508.000000,5200.057911
4510.000000,5200.057911
4512.000000,5200.057911
4514.000000,5200.057911
4516.000000,5200.057911
4518.000000,5200.057911
4520.000000,5200.057911
4522.000000,5200.057911
4524.000000,5200.057911
4526.000000,5200.057911
4528.000000,5200.057911
4530.000000,5200.057911
4532.000000,5200.057911
4534.000000,5200.057911
4536.000000,5200.057911
4538.000000,5200.057911
4540.000000,5200.057911
4542.000000,5200.057911
4544.000000,5200.057911
4546.000000,5200.057911
4548.000000,5200.057911
4550.000000,5200.057911
4552.000000,5200.057911
4554.000000,5200.057911
4556.000000,5200.057911
4558.000000,5200.057911
4560.000000,5200.057911
4562.000000,5200.057911
4564.000000,5200.057911
4566.000000,5200.057911
4568.000000,5200.057911
4570.000000,5200.057911
4572.000000,5200.057911
4574.000000,5200.057911
4576.000000,5200.057911
4578.000000,5200.057911
4580.000000,5200.057911
4582.000000,5200.057911
4584.000000,5200.057911
4586.000000,5200.057911
4588.000000,5200.057911
4590.000000,5200.057911
4592.000000,5200.057911
4594.000000,5200.057911
4596.000000,5200.057911
4598.000000,5200.057911
4600.000000,5200.057911
4602.000000,5200.057911
4604.000000,5200.057911
4606.000000,5200.057911
4608.000000,5200.057911
4610.000000,5200.057911
4612.000000,5200.057911
4614.000000,5200.057911
4616.000000,5200.057911
4618.000000,5200.057911
4620.000000,5200.057911
4622.000000,5200.057911
4624.000000,5200.057911
4626.000000,5200.057911
4628.000000,5200.057911
4630.000000,5200.057911
4632.000000,5200.057911
4634.000000,5200.057911
4636.000000,5200.057911
4638.000000,5200.057911
4640.000000,5200.057911
4642.000000,5200.057911
4644.000000,5200.057911
4646.000000,5200.057911
4648.000000,5200.057911
4650.000000,5200.057911
4652.000000,5200.057911
4654.000000,5200.057911
4656.000000,5200.057911
4658.000000,5200.057911
4660.000000,5200.057911
4662.000000,5200.057911
4664.000000,5200.057911
4666.000000,5200.057911
4668.000000,5200.057911
4670.000000,5200.057911
4672.000000,5200.057911
4674.000000,5200.057911
4676.000000,5200.057911
4678.000000,5200.057911
4680.000000,5200.057911
4682.000000,5200.057911
4684.000000,5200.057911
4686.000000,5200.057911
4688.000000,5200.057911
4690.000000,5200.057911
4692.000000,5200.057911
4694.000000,5200.057911
4696.000000,5200.057911
4698.000000,5200.057911
4700.000000,5200.057911
4702.000000,5200.057911
4704.000000,5200.057911
4706.000000,5200.057911
4708.000000,5200.057911
4710.000000,5200.057911
4712.000000,5200.057911
4714.000000,5200.057911
4716.000000,5200.057911
4718.000000,5200.057911
4720.000000,5200.057911
4722.000000,5200.057911
4724.000000,5200.057911
4726.000000,5200.057911
4728.000000,5200.057911
4730.000000,5200.057911
4732.000000,5200.057911
4734.000000,5200.057911
4736.000000,5200.057911
4738.000000,5200.057911
4740.000000,5200.057911
4742.000000,5200.057911
4744.000000,5200.057911
4746.000000,5200.057911
4748.000000,5200.057911
4750.000000,5200.057911
4752.000000,5200.057911
4754.000000,5200.057911
4756.000000,5200.057911
4758.000000,5200.057911
4760.000000,5200.057911
4762.000000,5200.057911
4764.000000,5200.057911
4766.000000,5200.057911
4768.000000,5200.057911
4770.000000,5200.057911
4772.000000,5200.057911
4774.000000,5200.057911
4776.000000,5200.057911
4778.000000,5200.057911
4780.000000,5200.057911
4782.000000,5200.057911
4784.000000,5200.057911
4786.000000,5200.057911
4788.000000,5200.057911
4790.000000,5200.057911
4792.000000,5200.057911
4794.000000,5200.057911
4796.000000,5200.057911
4798.000000,5200.057911
4800.000000,5200.057911
4802.000000,5200.057911
4804.000000,5200.057911
4806.000000,5200.057911
4808.000000,5200.057911
4810.000000,5200.057911
4812.000000,5200.057911
4814.000000,5200.057911
4816.000000,5200.057911
4818.000000,5200.057911
4820.000000,5200.057911
4822.000000,5200.057911
4824.000000,5200.057911
4826.000000,5200.057911
4828.000000,5200.057911
4830.000000,5200.057911
4832.000000,5200.057911
4834.000000,5200.057911
4836.000000,5200.057911
4838.000000,5200.057911
4840.000000,5200.057911
4842.000000,5200.057911
4844.000000,5200.057911
4846.000000,5200.057911
4848.000000,5200.057911
4850.000000,5200.057911
4852.000000,5200.057911
4854.000000,5200.057911
4856.000000,5200.057911
4858.000000,5200.057911
4860.000000,5200.057911
4862.000000,5200.057911
4864.000000,5200.057911
4866.000000,5200.057911
4868.000000,5200.057911
4870.000000,5200.057911
4872.000000,5200.057911
4874.000000,5200.057911
4876.000000,5200.057911
4878.000000,5200.057911
4880.000000,5200.057911
4882.000000,5200.057911
4884.000000,5200.057911
4886.000000,5200.057911
4888.000000,5200.057911
4890.000000,5200.057911
4892.000000,5200.057911
4894.000000,5200.057911
4896.000000,5200.057911
4898.000000,5200.057911
4900.000000,5200.057911
4902.000000,5200.057911
4904.000000,5200.057911
4906.000000,5200.057911
4908.000000,5200.057911
4910.000000,5200.057911
4912.000000,5200.057911
4914.000000,5200.057911
4916.000000,5200.057911
4918.000000,5200.057911
4920.000000,5200.057911
4922.000000,5200.057911
4924.000000,5200.057911
4926.000000,5200.057911
4928.000000,5200.057911
4930.000000,5200.057911
4932.000000,5200.057911
4934.000000,5200.057911
4936.000000,5200.057911
4938.000000,5200.057911
4940.000000,5200.057911
4942.000000,5200.057911
4944.000000,5200.057911
4946.000000,5200.057911
4948.000000,5200.057911
4950.000000,5200.057911
4952.000000,5200.057911
4954.000000,5200.057911
4956.000000,5200.057911
4958.000000,5200.057911
4960.000000,5200.057911
4962.000000,5200.057911
4964.000000,5200.057911
4966.000000,5200.057911
4968.000000,5200.057911
4970.000000,5200.057911
4972.000000,5200.057911
4974.000000,5200.057911
4976.000000,5200.057911
4978.000000,5200.057911
4980.000000,5200.057911
4982.000000,5200.057911
4984.000000,5200.057911
4986.000000,5200.057911
4988.000000,5200.057911
4990.000000,5200.057911
4992.000000,5200.057911
4994.000000,5200.057911
4996.000000,5200.057911
4998.000000,5200.057911
5000.000000,5200.057911
5002.000000,5200.057911
5004.000000,5200.057911
5006.000000,5200.057911
5008.000000,5200.057911
5010.000000,5200.057911
5012.000000,5200.057911
5014.000000,5200.057911
5016.000000,5200.057911
5018.000000,5200.057911
5020.000000,5200.057911
5022.000000,5200.057911
5024.000000,5200.057911
5026.000000,5200.057911
5028.000000,5200.057911
5030.000000,5200.057911
5032.000000,5200.057911
5034.000000,5200.057911
5036.000000,5200.057911
5038.000000,5200.057911
5040.000000,5200.057911
5042.000000,5200.057911
5044.000000,5200.057911
5046.000000,5200.057911
5048.000000,5200.057911
5050.000000,5200.057911
5052.000000,5200.057911
5054.000000,5200.057911
5056.000000,5200.057911
5058.000000,5200.057911
5060.000000,5200.057911
5062.000000,5200.057911
5064.000000,5200.057911
5066.000000,5200.057911
5068.000000,5200.057911
5070.000000,5200.057911
5072.000000,5200.057911
5074.000000,5200.057911
5076.000000,5200.057911
5078.000000,5200.057911
5080.000000,5200.057911
5082.000000,5200.057911
5084.000000,5200.057911
5086.000000,5200.057911
5088.000000,5200.057911
5090.000000,5200.057911
5092.000000,5200.057911
5094.000000,5200.057911
5096.000000,5200.057911
5098.000000,5200.057911
5100.000000,5200.057911
5102.000000,5200.057911
5104.000000,5200.057911
5106.000000,5200.057911
5108.000000,5200.057911
5110.000000,5200.057911
5112.000000,5200.057911
5114.000000,5200.057911
5116.000000,5200.057911
5118.000000,5200.057911
5120.000000,5200.057911
5122.000000,5200.057911
5124.000000,5200.057911
5126.000000,5200.057911
5128.000000,5200.057911
5130.000000,5200.057911
5132.000000,5200.057911
5134.000000,5200.057911
5136.000000,5200.057911
5138.000000,5200.057911
5140.000000,5200.057911
5142.000000,5200.057911
5144.000000,5200.057911
5146.000000,5200.057911
5148.000000,5200.057911
5150.000000,5200.057911
5152.000000,5200.057911
5154.000000,5200.057911
5156.000000,5200.057911
5158.000000,5200.057911
5160.000000,5200.057911
5162.000000,5200.057911
5164.000000,5200.057911
5166.000000,5200.057911
5168.000000,5200.057911
5170.000000,5200.057911
5172.000000,5200.057911
5174.000000,5200.057911
5176.000000,5200.057911
5178.000000,5200.057911
5180.000000,5200.057911
5182.000000,5200.057911
5184.000000,5200.057911
5186.000000,5200.057911
5188.000000,5200.057911
5190.000000,5200.057911
5192.000000,5200.057911
5194.000000,5200.057911
5196.000000,5200.057911
5198.000000,5200.057911
5200.000000,5200.057911
5202.000000,5200.057911
5204.000000,5200.057911
5206.000000,5200.057911
5208.000000,5200.057911
5210.000000,5200.057911
5212.000000,5200.057911
5214.000000,5200.057911
5216.000000,5200.057911
5218.000000,5200.057911
5220.000000,5200.057911
5222.000000,5200.057911
5224.000000,5200.057911
5226.000000,5200.057911
5228.000000,5200.057911
5230.000000,5200.057911
5232.000000,5200.057911
5234.000000,5200.057911
5236.000000,5200.057911
5238.000000,5200.057911
5240.000000,5200.057911
5242.000000,5200.057911
5244.000000,5200.057911
5246.000000,5200.057911
5248.000000,5200.057911
5250.000000,5200.057911
5252.000000,5200.057911
5254.000000,5200.057911
5256.000000,5200.057911
5258.000000,5200.057911
5260.000000,5200.057911
5262.000000,5200.057911
5264.000000,5200.057911
5266.000000,5200.057911
5268.000000,5200.057911
5270.000000,5200.057911
5272.000000,5200.057911
5274.000000,5200.057911
5276.000000,5200.057911
5278.000000,5200.057911
5280.000000,5200.057911
5282.000000,5200.057911
5284.000000,5200.057911
5286.000000,5200.057911
5288.000000,5200.057911
5290.000000,5200.057911
5292.000000,5200.057911
5294.000000,5200.057911
5296.000000,5200.057911
5298.000000,5200.057911
5300.000000,5200.057911
5302.000000,5200.057911
5304.000000,5200.057911
5306.000000,5200.057911
5308.000000,5200.057911
5310.000000,5200.057911
5312.000000,5200.057911
5314.000000,5200.057911
5316.000000,5200.057911
5318.000000,5200.057911
5320.000000,5200.057911
5322.000000,5200.057911
5324.000000,5200.057911
5326.000000,5200.057911
5328.000000,5200.057911
5330.000000,5200.057911
5332.000000,5200.057911
5334.000000,5200.057911
5336.000000,5200.057911
5338.000000,5200.057911
5340.000000,5200.057911
5342.000000,5200.057911
5344.000000,5200.057911
5346.000000,5200.057911
5348.000000,5200.057911
5350.000000,5200.057911
5352.000000,5200.057911
5354.000000,5200.057911
5356.000000,5200.057911
5358.000000,5200.057911
5360.000000,5200.057911
5362.000000,5200.057911
5364.000000,5200.057911
5366.000000,5200.057911
5368.000000,5200.057911
5370.000000,5200.057911
5372.000000,5200.057911
5374.000000,5200.057911
5376.000000,5200.057911
5378.000000,5200.057911
5380.000000,5200.057911
5382.000000,5200.057911
5384.000000,5200.057911
5386.000000,5200.057911
5388.000000,5200.057911
5390.000000,5200.057911
5392.000000,5200.057911
5394.000000,5200.057911
5396.000000,5200.057911
5398.000000,5200.057911
5400.000000,5200.057911
5402.000000,5200.057911
5404.000000,5200.057911
5406.000000,5200.057911
5408.000000,5200.057911
5410.000000,5200.057911
5412.000000,5200.057911
5414.000000,5200.057911
5416.000000,5200.057911
5418.000000,5200.057911
5420.000000,5200.057911
5422.000000,5200.057911
5424.000000,5200.057911
5426.000000,5200.057911
5428.000000,5200.057911
5430.000000,5200.057911
5432.000000,5200.057911
5434.000000,5200.057911
5436.000000,5200.057911
5438.000000,5200.057911
5440.000000,5200.057911
5442.000000,5200.057911
5444.000000,5200.057911
5446.000000,5200.057911
5448.000000,5200.057911
5450.000000,5200.057911
5452.000000,5200.057911
5454.000000,5200.057911
5456.000000,5200.057911
5458.000000,5200.057911
5460.000000,5200.057911
5462.000000,5200.057911
5464.000000,5200.057911
5466.000000,5200.057911
5468.000000,5200.057911
5470.000000,5200.057911
5472.000000,5200.057911
5474.000000,5200.057911
5476.000000,5200.057911
5478.000000,5200.057911
5480.000000,5200.057911
5482.000000,5200.057911
5484.000000,5200.057911
5486.000000,5200.057911
5488.000000,5200.057911
5490.000000,5200.057911
5492.000000,5200.057911
5494.000000,5200.057911
5496.000000,5200.057911
5498.000000,5200.057911
5500.000000,5200.057911
5502.000000,5200.057911
5504.000000,5200.057911
5506.000000,5200.057911
5508.000000,5200.057911
5510.000000,5200.057911
5512.000000,5200.057911
5514.000000,5200.057911
5516.000000,5200.057911
5518.000000,5200.057911
5520.000000,5200.057911
5522.000000,5200.057911
5524.000000,5200.057911
5526.000000,5200.057911
5528.000000,5200.057911
5530.000000,5200.057911
5532.000000,5200.057911
5534.000000,5200.057911
5536.000000,5200.057911
5538.000000,5200.057911
5540.000000,5200.057911
5542.000000,5200.057911
5544.000000,5200.057911
5546.000000,5200.057911
5548.000000,5200.057911
5550.000000,5200.057911
5552.000000,5200.057911
5554.000000,5200.057911
5556.000000,5200.057911
5558.000000,5200.057911
5560.000000,5200.057911
5562.000000,5200.057911
5564.000000,5200.057911
5566.000000,5200.057911
5568.000000,5200.057911
5570.000000,5200.057911
5572.000000,5200.057911
5574.000000,5200.057911
5576.000000,5200.057911
5578.000000,5200.057911
5580.000000,5200.057911
5582.000000,5200.057911
5584.000000,5200.057911
5586.000000,5200.057911
5588.000000,5200.057911
5590.000000,5200.057911
5592.000000,5200.057911
5594.000000,5200.057911
5596.000000,5200.057911
5598.000000,5200.057911
5600.000000,5200.057911
5602.000000,5200.057911
5604.000000,5200.057911
5606.000000,5200.057911
5608.000000,5200.057911
5610.000000,5200.057911
5612.000000,5200.057911
5614.000000,5200.057911
5616.000000,5200.057911
5618.000000,5200.057911
5620.000000,5200.057911
5622.000000,5200.057911
5624.000000,5200.057911
5626.000000,5200.057911
5628.000000,5200.057911
5630.000000,5200.057911
5632.000000,5200.057911
5634.000000,5200.057911
5636.000000,5200.057911
5638.000000,5200.057911
5640.000000,5200.057911
5642.000000,5200.057911
5644.000000,5200.057911
5646.000000,5200.057911
5648.000000,5200.057911
5650.000000,5200.057911
5652.000000,5200.057911
5654.000000,5200.057911
5656.000000,5200.057911
5658.000000,5200.057911
5660.000000,5200.057911
5662.000000,5200.057911
5664.000000,5200.057911
5666.000000,5200.057911
5668.000000,5200.057911
5670.000000,5200.057911
5672.000000,5200.057911
5674.000000,5200.057911
5676.000000,5200.057911
5678.000000,5200.057911
5680.000000,5200.057911
5682.000000,5200.057911
5684.000000,5200.057911
5686.000000,5200.057911
5688.000000,5200.057911
5690.000000,5200.057911
5692.000000,5200.057911
5694.000000,5200.057911
5696.000000,5200.057911
5698.000000,5200.057911
5700.000000,5200.057911
5702.000000,5200.057911
5704.000000,5200.057911
5706.000000,5200.057911
5708.000000,5200.057911
5710.000000,5200.057911
5712.000000,5200.057911
5714.000000,5200.057911
5716.000000,5200.057911
5718.000000,5200.057911
5720.000000,5200.057911
5722.000000,5200.057911
5724.000000,5200.057911
5726.000000,5200.057911
5728.000000,5200.057911
5730.000000,5200.057911
5732.000000,5200.057911
5734.000000,5200.057911
5736.000000,5200.057911
5738.000000,5200.057911
5740.000000,5200.057911
5742.000000,5200.057911
5744.000000,5200.057911
5746.000000,5200.057911
5748.000000,5200.057911
5750.000000,5200.057911
5752.000000,5200.057911
5754.000000,5200.057911
5756.000000,5200.057911
5758.000000,5200.057911
5760.000000,5200.057911
5762.000000,5200.057911
5764.000000,5200.057911
5766.000000,5200.057911
5768.000000,5200.057911
5770.000000,5200.057911
5772.000000,5200.057911
5774.000000,5200.057911
5776.000000,5200.057911
5778.000000,5200.057911
5780.000000,5200.057911
5782.000000,5200.057911
5784.000000,5200.057911
5786.000000,5200.057911
5788.000000,5200.057911
5790.000000,5200.057911
5792.000000,5200.057911
5794.000000,5200.057911
5796.000000,5200.057911
5798.000000,5200.057911
5800.000000,5200.057911
5802.000000,5200.057911
5804.000000,5200.057911
5806.000000,5200.057911
5808.000000,5200.057911
5810.000000,5200.057911
5812.000000,5200.057911
5814.000000,5200.057911
5816.000000,5200.057911
5818.000000,5200.057911
5820.000000,5200.057911
5822.000000,5200.057911
5824.000000,5200.057911
5826.000000,5200.057911
5828.000000,5200.057911
5830.000000,5200.057911
5832.000000,5200.057911
5834.000000,5200.057911
5836.000000,5200.057911
5838.000000,5200.057911
5840.000000,5200.057911
5842.000000,5200.057911
5844.000000,5200.057911
5846.000000,5200.057911
5848.000000,5200.057911
5850.000000,5200.057911
5852.000000,5200.057911
5854.000000,5200.057911
5856.000000,5200.057911
5858.000000,5200.057911
5860.000000,5200.057911
5862.000000,5200.057911
5864.000000,5200.057911
5866.000000,5200.057911
5868.000000,5200.057911
5870.000000,5200.057911
5872.000000,5200.057911
5874.000000,5200.057911
5876.000000,5200.057911
5878.000000,5200.057911
5880.000000,5200.057911
5882.000000,5200.057911
5884.000000,5200.057911
5886.000000,5200.057911
5888.000000,5200.057911
5890.000000,5200.057911
5892.000000,5200.057911
5894.000000,5200.057911
5896.000000,5200.057911
5898.000000,5200.057911
5900.000000,5200.057911
5902.000000,5200.057911
5904.000000,5200.057911
5906.000000,5200.057911
5908.000000,5200.057911
5910.000000,5200.057911
5912.000000,5200.057911
5914.000000,5200.057911
5916.000000,5200.057911
5918.000000,5200.057911
5920.000000,5200.057911
5922.000000,5200.057911
5924.000000,5200.057911
5926.000000,5200.057911
5928.000000,5200.057911
5930.000000,5200.057911
5932.000000,5200.057911
5934.000000,5200.057911
5936.000000,5200.057911
5938.000000,5200.057911
5940.000000,5200.057911
5942.000000,5200.057911
5944.000000,5200.057911
5946.000000,5200.057911
5948.000000,5200.057911
5950.000000,5200.057911
5952.000000,5200.057911
5954.000000,5200.057911
5956.000000,5200.057911
5958.000000,5200.057911
5960.000000,5200.057911
5962.000000,5200.057911
5964.000000,5200.057911
5966.000000,5200.057911
5968.000000,5200.057911
5970.000000,5200.057911
5972.000000,5200.057911
5974.000000,5200.057911
5976.000000,5200.057911
5978.000000,5200.057911
5980.000000,5200.057911
5982.000000,5200.057911
5984.000000,5200.057911
5986.000000,5200.057911
5988.000000,5200.057911
5990.000000,5200.057911
5992.000000,5200.057911
5994.000000,5200.057911
5996.000000,5200.057911
5998.000000,5200.057911
6000.000000,5200.057911
6002.000000,5200.057911
6004.000000,5200.057911
6006.000000,5200.057911
6008.000000,5200.057911
6010.000000,5200.057911
6012.000000,5200.057911
6014.000000,5200.057911
6016.000000,5200.057911
6018.000000,5200.057911
6020.000000,5200.057911
6022.000000,5200.057911
6024.000000,5200.057911
6026.000000,5200.057911
6028.000000,5200.057911
6030.000000,5200.057911
6032.000000,5200.057911
6034.000000,5200.057911
6036.000000,5200.057911
6038.000000,5200.057911
6040.000000,5200.057911
6042.000000,5200.057911
6044.000000,5200.057911
6046.000000,5200.057911
6048.000000,5200.057911
6050.000000,5200.057911
6052.000000,5200.057911
6054.000000,5200.057911
6056.000000,5200.057911
6058.000000,5200.057911
6060.000000,5200.057911
6062.000000,5200.057911
6064.000000,5200.057911
6066.000000,5200.057911
6068.000000,5200.057911
6070.000000,5200.057911
6072.000000,5200.057911
6074.000000,5200.057911
6076.000000,5200.057911
6078.000000,5200.057911
6080.000000,5200.057911
6082.000000,5200.057911
6084.000000,5200.057911
6086.000000,5200.057911
6088.000000,5200.057911
6090.000000,5200.057911
6092.000000,5200.057911
6094.000000,5200.057911
6096.000000,5200.057911
6098.000000,5200.057911
6100.000000,5200.057911
6102.000000,5200.057911
6104.000000,5200.057911
6106.000000,5200.057911
6108.000000,5200.057911
6110.000000,5200.057911
6112.000000,5200.057911
6114.000000,5200.057911
6116.000000,5200.057911
6118.000000,5200.057911
6120.000000,5200.057911
6122.000000,5200.057911
6124.000000,5200.057911
6126.000000,5200.057911
6128.000000,5200.057911
6130.000000,5200.057911
6132.000000,5200.057911
6134.000000,5200.057911
6136.000000,5200.057911
6138.000000,5200.057911
6140.000000,5200.057911
6142.000000,5200.057911
6144.000000,5200.057911
6146.000000,5200.057911
6148.000000,5200.057911
6150.000000,5200.057911
6152.000000,5200.057911
6154.000000,5200.057911
6156.000000,5200.057911
6158.000000,5200.057911
6160.000000,5200.057911
6162.000000,5200.057911
6164.000000,5200.057911
6166.000000,5200.057911
6168.000000,5200.057911
6170.000000,5200.057911
6172.000000,5200.057911
6174.000000,5200.057911
6176.000000,5200.057911
6178.000000,5200.057911
6180.000000,5200.057911
6182.000000,5200.057911
6184.000000,5200.057911
6186.000000,5200.057911
6188.000000,5200.057911
6190.000000,5200.057911
6192.000000,5200.057911
6194.000000,5200.057911
6196.000000,5200.057911
6198.000000,5200.057911
6200.000000,5200.057911
6202.000000,5200.057911
6204.000000,5200.057911
6206.000000,5200.057911
6208.000000,5200.057911
6210.000000,5200.057911
6212.000000,5200.057911
6214.000000,5200.057911
6216.000000,5200.057911
6218.000000,5200.057911
6220.000000,5200.057911
6222.000000,5200.057911
6224.000000,5200.057911
6226.000000,5200.057911
6228.000000,5200.057911
6230.000000,5200.057911
6232.000000,5200.057911
6234.000000,5200.057911
6236.000000,5200.057911
6238.000000,5200.057911
6240.000000,5200.057911
6242.000000,5200.057911
6244.000000,5200.057911
6246.000000,5200.057911
6248.000000,5200.057911
6250.000000,5200.057911
6252.000000,5200.057911
6254.000000,5200.057911
6256.000000,5200.057911
6258.000000,5200.057911
6260.000000,5200.057911
6262.000000,5200.057911
6264.000000,5200.057911
6266.000000,5200.057911
6268.000000,5200.057911
6270.000000,5200.057911
6272.000000,5200.057911
6274.000000,5200.057911
6276.000000,5200.057911
6278.000000,5200.057911
6280.000000,5200.057911
6282.000000,5200.057911
6284.000000,5200.057911
6286.000000,5200.057911
6288.000000,5200.057911
6290.000000,5200.057911
6292.000000,5200.057911
6294.000000,5200.057911
6296.000000,5200.057911
6298.000000,5200.057911
6300.000000,5200.057911
6302.000000,5200.057911
6304.000000,5200.057911
6306.000000,5200.057911
6308.000000,5200.057911
6310.000000,5200.057911
6312.000000,5200.057911
6314.000000,5200.057911
6316.000000,5200.057911
6318.000000,5200.057911
6320.000000,5200.057911
6322.000000,5200.057911
6324.000000,5200.057911
6326.000000,5200.057911
6328.000000,5200.057911
6330.000000,5200.057911
6332.000000,5200.057911
6334.000000,5200.057911
6336.000000,5200.057911
6338.000000,5200.057911
6340.000000,5200.057911
6342.000000,5200.057911
6344.000000,5200.057911
6346.000000,5200.057911
6348.000000,5200.057911
6350.000000,5200.057911
6352.000000,5200.057911
6354.000000,5200.057911
6356.000000,5200.057911
6358.000000,5200.057911
6360.000000,5200.057911
6362.000000,5200.057911
6364.000000,5200.057911
6366.000000,5200.057911
6368.000000,5200.057911
6370.000000,5200.057911
6372.000000,5200.057911
6374.000000,5200.057911
6376.000000,5200.057911
6378.000000,5200.057911
6380.000000,5200.057911
6382.000000,5200.057911
6384.000000,5200.057911
6386.000000,5200.057911
6388.000000,5200.057911
6390.000000,5200.057911
6392.000000,5200.057911
6394.000000,5200.057911
6396.000000,5200.057911
6398.000000,5200.057911
6400.000000,5200.057911
6402.000000,5200.057911
6404.000000,5200.057911
6406.000000,5200.057911
6408.000000,5200.057911
6410.000000,5200.057911
6412.000000,5200.057911
6414.000000,5200.057911
6416.000000,5200.057911
6418.000000,5200.057911
6420.000000,5200.057911
6422.000000,5200.057911
6424.000000,5200.057911
6426.000000,5200.057911
6428.000000,5200.057911
6430.000000,5200.057911
6432.000000,5200.057911
6434.000000,5200.057911
6436.000000,5200.057911
6438.000000,5200.057911
6440.000000,5200.057911
6442.000000,5200.057911
6444.000000,5200.057911
6446.000000,5200.057911
6448.000000,5200.057911
6450.000000,5200.057911
6452.000000,5200.057911
6454.000000,5200.057911
6456.000000,5200.057911
6458.000000,5200.057911
6460.000000,5200.057911
6462.000000,5200.057911
6464.000000,5200.057911
6466.000000,5200.057911
6468.000000,5200.057911
6470.000000,5200.057911
6472.000000,5200.057911
6474.000000,5200.057911
6476.000000,5200.057911
6478.000000,5200.057911
6480.000000,5200.057911
6482.000000,5200.057911
6484.000000,5200.057911
6486.000000,5200.057911
6488.000000,5200.057911
6490.000000,5200.057911
6492.000000,5200.057911
6494.000000,5200.057911
6496.000000,5200.057911
6498.000000,5200.057911
6500.000000,5200.057911
6502.000000,5200.057911
6504.000000,5200.057911
6506.000000,5200.057911
6508.000000,5200.057911
6510.000000,5200.057911
6512.000000,5200.057911
6514.000000,5200.057911
6516.000000,5200.057911
6518.000000,5200.057911
6520.000000,5200.057911
6522.000000,5200.057911
6524.000000,5200.057911
6526.000000,5200.057911
6528.000000,5200.057911
6530.000000,5200.057911
6532.000000,5200.057911
6534.000000,5200.057911
6536.000000,5200.057911
6538.000000,5200.057911
6540.000000,5200.057911
6542.000000,5200.057911
6544.000000,5200.057911
6546.000000,5200.057911
6548.000000,5200.057911
6550.000000,5200.057911
6552.000000,5200.057911
6554.000000,5200.057911
6556.000000,5200.057911
6558.000000,5200.057911
6560.000000,5200.057911
6562.000000,5200.057911
6564.000000,5200.057911
6566.000000,5200.057911
6568.000000,5200.057911
6570.000000,5200.057911
6572.000000,5200.057911
6574.000000,5200.057911
6576.000000,5200.057911
6578.000000,5200.057911
6580.000000,5200.057911
6582.000000,5200.057911
6584.000000,5200.057911
6586.000000,5200.057911
6588.000000,5200.057911
6590.000000,5200.057911
6592.000000,5200.057911
6594.000000,5200.057911
6596.000000,5200.057911
6598.000000,5200.057911
6600.000000,5200.057911
6602.000000,5200.057911
6604.000000,5200.057911
6606.000000,5200.057911
6608.000000,5200.057911
6610.000000,5200.057911
6612.000000,5200.057911
6614.000000,5200.057911
6616.000000,5200.057911
6618.000000,5200.057911
6620.000000,5200.057911
6622.000000,5200.057911
6624.000000,5200.057911
6626.000000,5200.057911
6628.000000,5200.057911
6630.000000,5200.057911
6632.000000,5200.057911
6634.000000,5200.057911
6636.000000,5200.057911
6638.000000,5200.057911
6640.000000,5200.057911
6642.000000,5200.057911
6644.000000,5200.057911
6646.000000,5200.057911
6648.000000,5200.057911
6650.000000,5200.057911
6652.000000,5200.057911
6654.000000,5200.057911
6656.000000,5200.057911
6658.000000,5200.057911
6660.000000,5200.057911
6662.000000,5200.057911
6664.000000,5200.057911
6666.000000,5200.057911
6668.000000,5200.057911
6670.000000,5200.057911
6672.000000,5200.057911
6674.000000,5200.057911
6676.000000,5200.057911
6678.000000,5200.057911
6680.000000,5200.057911
6682.000000,5200.057911
6684.000000,5200.057911
6686.000000,5200.057911
6688.000000,5200.057911
6690.000000,5200.057911
6692.000000,5200.057911
6694.000000,5200.057911
6696.000000,5200.057911
6698.000000,5200.057911
6700.000000,5200.057911
6702.000000,5200.057911
6704.000000,5200.057911
6706.000000,5200.057911
6708.000000,5200.057911
6710.000000,5200.057911
6712.000000,5200.057911
6714.000000,5200.057911
6716.000000,5200.057911
6718.000000,5200.057911
6720.000000,5200.057911
6722.000000,5200.057911
6724.000000,5200.057911
6726.000000,5200.057911
6728.000000,5200.057911
6730.000000,5200.057911
6732.000000,5200.057911
6734.000000,5200.057911
6736.000000,5200.057911
6738.000000,5200.057911
6740.000000,5200.057911
6742.000000,5200.057911
6744.000000,5200.057911
6746.000000,5200.057911
6748.000000,5200.057911
6750.000000,5200.057911
6752.000000,5200.057911
6754.000000,5200.057911
6756.000000,5200.057911
6758.000000,5200.057911
6760.000000,5200.057911
6762.000000,5200.057911
6764.000000,5200.057911
6766.000000,5200.057911
6768.000000,5200.057911
6770.000000,5200.057911
6772.000000,5200.057911
6774.000000,5200.057911
6776.000000,5200.057911
6778.000000,5200.057911
6780.000000,5200.057911
6782.000000,5200.057911
6784.000000,5200.057911
6786.000000,5200.057911
6788.000000,5200.057911
6790.000000,5200.057911
6792.000000,5200.057911
6794.000000,5200.057911
6796.000000,5200.057911
6798.000000,5200.057911
6800.000000,5200.057911
6802.000000,5200.057911
6804.000000,5200.057911
6806.000000,5200.057911
6808.000000,5200.057911
6810.000000,5200.057911
6812.000000,5200.057911
6814.000000,5200.057911
6816.000000,5200.057911
6818.000000,5200.057911
6820.000000,5200.057911
6822.000000,5200.057911
6824.000000,5200.057911
6826.000000,5200.057911
6828.000000,5200.057911
6830.000000,5200.057911
6832.000000,5200.057911
6834.000000,5200.057911
6836.000000,5200.057911
6838.000000,5200.057911
6840.000000,5200.057911
6842.000000,5200.057911
6844.000000,5200.057911
6846.000000,5200.057911
6848.000000,5200.057911
6850.000000,5200.057911
6852.000000,5200.057911
6854.000000,5200.057911
6856.000000,5200.057911
6858.000000,5200.057911
6860.000000,5200.057911
6862.000000,5200.057911
6864.000000,5200.057911
6866.000000,5200.057911
6868.000000,5200.057911
6870.000000,5200.057911
6872.000000,5200.057911
6874.000000,5200.057911
6876.000000,5200.057911
6878.000000,5200.057911
6880.000000,5200.057911
6882.000000,5200.057911
6884.000000,5200.057911
6886.000000,5200.057911
6888.000000,5200.057911
6890.000000,5200.057911
6892.000000,5200.057911
6894.000000,5200.057911
6896.000000,5200.057911
6898.000000,5200.057911
6900.000000,5200.057911
6902.000000,5200.057911
6904.000000,5200.057911
6906.000000,5200.057911
6908.000000,5200.057911
6910.000000,5200.057911
6912.000000,5200.057911
6914.000000,5200.057911
6916.000000,5200.057911
6918.000000,5200.057911
6920.000000,5200.057911
6922.000000,5200.057911
6924.000000,5200.057911
6926.000000,5200.057911
6928.000000,5200.057911
6930.000000,5200.057911
6932.000000,5200.057911
6934.000000,5200.057911
6936.000000,5200.057911
6938.000000,5200.057911
6940.000000,5200.057911
6942.000000,5200.057911
6944.000000,5200.057911
6946.000000,5200.057911
6948.000000,5200.057911
6950.000000,5200.057911
6952.000000,5200.057911
6954.000000,5200.057911
6956.000000,5200.057911
6958.000000,5200.057911
6960.000000,5200.057911
6962.000000,5200.057911
6964.000000,5200.057911
6966.000000,5200.057911
6968.000000,5200.057911
6970.000000,5200.057911
6972.000000,5200.057911
6974.000000,5200.057911
6976.000000,5200.057911
6978.000000,5200.057911
6980.000000,5200.057911
6982.000000,5200.057911
6984.000000,5200.057911
6986.000000,5200.057911
6988.000000,5200.057911
6990.000000,5200.057911
6992.000000,5200.057911
6994.000000,5200.057911
6996.000000,5200.057911
6998.000000,5200.057911
7000.000000,5200.057911
7002.000000,5200.057911
7004.000000,5200.057911
7006.000000,5200.057911
7008.000000,5200.057911
7010.000000,5200.057911
7012.000000,5200.057911
7014.000000,5200.057911
7016.000000,5200.057911
7018.000000,5200.057911
7020.000000,5200.057911
7022.000000,5200.057911
7024.000000,5200.057911
7026.000000,5200.057911
7028.000000,5200.057911
7030.000000,5200.057911
7032.000000,5200.057911
7034.000000,5200.057911
7036.000000,5200.057911
7038.000000,5200.057911
7040.000000,5200.057911
7042.000000,5200.057911
7044.000000,5200.057911
7046.000000,5200.057911
7048.000000,5200.057911
7050.000000,5200.057911
7052.000000,5200.057911
7054.000000,5200.057911
7056.000000,5200.057911
7058.000000,5200.057911
7060.000000,5200.057911
7062.000000,5200.057911
7064.000000,5200.057911
7066.000000,5200.057911
7068.000000,5200.057911
7070.000000,5200.057911
7072.000000,5200.057911
7074.000000,5200.057911
7076.000000,5200.057911
7078.000000,5200.057911
7080.000000,5200.057911
7082.000000,5200.057911
7084.000000,5200.057911
7086.000000,5200.057911
7088.000000,5200.057911
7090.000000,5200.057911
7092.000000,5200.057911
7094.000000,5200.057911
7096.000000,5200.057911
7098.000000,5200.057911
7100.000000,5200.057911
7102.000000,5200.057911
7104.000000,5200.057911
7106.000000,5200.057911
7108.000000,5200.057911
7110.000000,5200.057911
7112.000000,5200.057911
7114.000000,5200.057911
7116.000000,5200.057911
7118.000000,5200.057911
7120.000000,5200.057911
7122.000000,5200.057911
7124.000000,5200.057911
7126.000000,5200.057911
7128.000000,5200.057911
7130.000000,5200.057911
7132.000000,5200.057911
7134.000000,5200.057911
7136.000000,5200.057911
7138.000000,5200.057911
7140.000000,5200.057911
7142.000000,5200.057911
7144.000000,5200.057911
7146.000000,5200.057911
7148.000000,5200.057911
7150.000000,5200.057911
7152.000000,5200.057911
7154.000000,5200.057911
7156.000000,5200.057911
7158.000000,5200.057911
7160.000000,5200.057911
7162.000000,5200.057911
7164.000000,5200.057911
7166.000000,5200.057911
7168.000000,5200.057911
7170.000000,5200.057911
7172.000000,5200.057911
7174.000000,5200.057911
7176.000000,5200.057911
7178.000000,5200.057911
7180.000000,5200.057911
7182.000000,5200.057911
7184.000000,5200.057911
7186.000000,5200.057911
7188.000000,5200.057911
7190.000000,5200.057911
7192.000000,5200.057911
7194.000000,5200.057911
7196.000000,5200.057911
7198.000000,5200.057911
7200.000000,5200.057911
7202.000000,5200.057911
7204.000000,5200.057911
7206.000000,5200.057911
7208.000000,5200.057911
7210.000000,5200.057911
7212.000000,5200.057911
7214.000000,5200.057911
7216.000000,5200.057911
7218.000000,5200.057911
7220.000000,5200.057911
7222.000000,5200.057911
7224.000000,5200.057911
7226.000000,5200.057911
7228.000000,5200.057911
7230.000000,5200.057911
7232.000000,5200.057911
7234.000000,5200.057911
7236.000000,5200.057911
7238.000000,5200.057911
7240.000000,5200.057911
7242.000000,5200.057911
7244.000000,5200.057911
7246.000000,5200.057911
7248.000000,5200.057911
7250.000000,5200.057911
7252.000000,5200.057911
7254.000000,5200.057911
7256.000000,5200.057911
7258.000000,5200.057911
7260.000000,5200.057911
7262.000000,5200.057911
7264.000000,5200.057911
7266.000000,5200.057911
7268.000000,5200.057911
7270.000000,5200.057911
7272.000000,5200.057911
7274.000000,5200.057911
7276.000000,5200.057911
7278.000000,5200.057911
7280.000000,5200.057911
7282.000000,5200.057911
7284.000000,5200.057911
7286.000000,5200.057911
7288.000000,5200.057911
7290.000000,5200.057911
7292.000000,5200.057911
7294.000000,5200.057911
7296.000000,5200.057911
7298.000000,5200.057911
7300.000000,5200.057911
7302.000000,5200.057911
7304.000000,5200.057911
7306.000000,5200.057911
7308.000000,5200.057911
7310.000000,5200.057911
7312.000000,5200.057911
7314.000000,5200.057911
7316.000000,5200.057911
7318.000000,5200.057911
7320.000000,5200.057911
7322.000000,5200.057911
7324.000000,5200.057911
7326.000000,5200.057911
7328.000000,5200.057911
7330.000000,5200.057911
7332.000000,5200.057911
7334.000000,5200.057911
7336.000000,5200.057911
7338.000000,5200.057911
7340.000000,5200.057911
7342.000000,5200.057911
7344.000000,5200.057911
7346.000000,5200.057911
7348.000000,5200.057911
7350.000000,5200.057911
7352.000000,5200.057911
7354.000000,5200.057911
7356.000000,5200.057911
7358.000000,5200.057911
7360.000000,5200.057911
7362.000000,5200.057911
7364.000000,5200.057911
7366.000000,5200.057911
7368.000000,5200.057911
7370.000000,5200.057911
7372.000000,5200.057911
7374.000000,5200.057911
7376.000000,5200.057911
7378.000000,5200.057911
7380.000000,5200.057911
7382.000000,5200.057911
7384.000000,5200.057911
7386.000000,5200.057911
7388.000000,5200.057911
7390.000000,5200.057911
7392.000000,5200.057911
7394.000000,5200.057911
7396.000000,5200.057911
7398.000000,5200.057911
7400.000000,5200.057911
7402.000000,5200.057911
7404.000000,5200.057911
7406.000000,5200.057911
7408.000000,5200.057911
7410.000000,5200.057911
7412.000000,5200.057911
7414.000000,5200.057911
7416.000000,5200.057911
7418.000000,5200.057911
7420.000000,5200.057911
7422.000000,5200.057911
7424.000000,5200.057911
7426.000000,5200.057911
7428.000000,5200.057911
7430.000000,5200.057911
7432.000000,5200.057911
7434.000000,5200.057911
7436.000000,5200.057911
7438.000000,5200.057911
7440.000000,5200.057911
7442.000000,5200.057911
7444.000000,5200.057911
7446.000000,5200.057911
7448.000000,5200.057911
7450.000000,5200.057911
7452.000000,5200.057911
7454.000000,5200.057911
7456.000000,5200.057911
7458.000000,5200.057911
7460.000000,5200.057911
7462.000000,5200.057911
7464.000000,5200.057911
7466.000000,5200.057911
7468.000000,5200.057911
7470.000000,5200.057911
7472.000000,5200.057911
7474.000000,5200.057911
7476.000000,5200.057911
7478.000000,5200.057911
7480.000000,5200.057911
7482.000000,5200.057911
7484.000000,5200.057911
7486.000000,5200.057911
7488.000000,5200.057911
7490.000000,5200.057911
7492.000000,5200.057911
7494.000000,5200.057911
7496.000000,5200.057911
7498.000000,5200.057911
7500.000000,5200.057911
7502.000000,5200.057911
7504.000000,5200.057911
7506.000000,5200.057911
7508.000000,5200.057911
7510.000000,5200.057911
7512.000000,5200.057911
7514.000000,5200.057911
7516.000000,5200.057911
7518.000000,5200.057911
7520.000000,5200.057911
7522.000000,5200.057911
7524.000000,5200.057911
7526.000000,5200.057911
7528.000000,5200.057911
7530.000000,5200.057911
7532.000000,5200.057911
7534.000000,5200.057911
7536.000000,5200.057911
7538.000000,5200.057911
7540.000000,5200.057911
7542.000000,5200.057911
7544.000000,5200.057911
7546.000000,5200.057911
7548.000000,5200.057911
7550.000000,5200.057911
7552.000000,5200.057911
7554.000000,5200.057911
7556.000000,5200.057911
7558.000000,5200.057911
7560.000000,5200.057911
7562.000000,5200.057911
7564.000000,5200.057911
7566.000000,5200.057911
7568.000000,5200.057911
7570.000000,5200.057911
7572.000000,5200.057911
7574.000000,5200.057911
7576.000000,5200.057911
7578.000000,5200.057911
7580.000000,5200.057911
7582.000000,5200.057911
7584.000000,5200.057911
7586.000000,5200.057911
7588.000000,5200.057911
7590.000000,5200.057911
7592.000000,5200.057911
7594.000000,5200.057911
7596.000000,5200.057911
7598.000000,5200.057911
7600.000000,5200.057911
7602.000000,5200.057911
7604.000000,5200.057911
7606.000000,5200.057911
7608.000000,5200.057911
7610.000000,5200.057911
7612.000000,5200.057911
7614.000000,5200.057911
7616.000000,5200.057911
7618.000000,5200.057911
7620.000000,5200.057911
7622.000000,5200.057911
7624.000000,5200.057911
7626.000000,5200.057911
7628.000000,5200.057911
7630.000000,5200.057911
7632.000000,5200.057911
7634.000000,5200.057911
7636.000000,5200.057911
7638.000000,5200.057911
7640.000000,5200.057911
7642.000000,5200.057911
7644.000000,5200.057911
7646.000000,5200.057911
7648.000000,5200.057911
7650.000000,5200.057911
7652.000000,5200.057911
7654.000000,5200.057911
7656.000000,5200.057911
7658.000000,5200.057911
7660.000000,5200.057911
7662.000000,5200.057911
7664.000000,5200.057911
7666.000000,5200.057911
7668.000000,5200.057911
7670.000000,5200.057911
7672.000000,5200.057911
7674.000000,5200.057911
7676.000000,5200.057911
7678.000000,5200.057911
7680.000000,5200.057911
7682.000000,5200.057911
7684.000000,5200.057911
7686.000000,5200.057911
7688.000000,5200.057911
7690.000000,5200.057911
7692.000000,5200.057911
7694.000000,5200.057911
7696.000000,5200.057911
7698.000000,5200.057911
7700.000000,5200.057911
7702.000000,5200.057911
7704.000000,5200.057911
7706.000000,5200.057911
7708.000000,5200.057911
7710.000000,5200.057911
7712.000000,5200.057911
7714.000000,5200.057911
7716.000000,5200.057911
7718.000000,5200.057911
7720.000000,5200.057911
7722.000000,5200.057911
7724.000000,5200.057911
7726.000000,5200.057911
7728.000000,5200.057911
7730.000000,5200.057911
7732.000000,5200.057911
7734.000000,5200.057911
7736.000000,5200.057911
7738.000000,5200.057911
7740.000000,5200.057911
7742.000000,5200.057911
7744.000000,5200.057911
7746.000000,5200.057911
7748.000000,5200.057911
7750.000000,5200.057911
7752.000000,5200.057911
7754.000000,5200.057911
7756.000000,5200.057911
7758.000000,5200.057911
7760.000000,5200.057911
7762.000000,5200.057911
7764.000000,5200.057911
7766.000000,5200.057911
7768.000000,5200.057911
7770.000000,5200.057911
7772.000000,5200.057911
7774.000000,5200.057911
7776.000000,5200.057911
7778.000000,5200.057911
7780.000000,5200.057911
7782.000000,5200.057911
7784.000000,5200.057911
7786.000000,5200.057911
7788.000000,5200.057911
7790.000000,5200.057911
7792.000000,5200.057911
7794.000000,5200.057911
7796.000000,5200.057911
7798.000000,5200.057911
7800.000000,5200.057911
7802.000000,5200.057911
7804.000000,5200.057911
7806.000000,5200.057911
7808.000000,5200.057911
7810.000000,5200.057911
7812.000000,5200.057911
7814.000000,5200.057911
7816.000000,5200.057911
7818.000000,5200.057911
7820.000000,5200.057911
7822.000000,5200.057911
7824.000000,5200.057911
7826.000000,5200.057911
7828.000000,5200.057911
7830.000000,5200.057911
7832.000000,5200.057911
7834.000000,5200.057911
7836.000000,5200.057911
7838.000000,5200.057911
7840.000000,5200.057911
7842.000000,5200.057911
7844.000000,5200.057911
7846.000000,5200.057911
7848.000000,5200.057911
7850.000000,5200.057911
7852.000000,5200.057911
7854.000000,5200.057911
7856.000000,5200.057911
7858.000000,5200.057911
7860.000000,5200.057911
7862.000000,5200.057911
7864.000000,5200.057911
7866.000000,5200.057911
7868.000000,5200.057911
7870.000000,5200.057911
7872.000000,5200.057911
7874.000000,5200.057911
7876.000000,5200.057911
7878.000000,5200.057911
7880.000000,5200.057911
7882.000000,5200.057911
7884.000000,5200.057911
7886.000000,5200.057911
7888.000000,5200.057911
7890.000000,5200.057911
7892.000000,5200.057911
7894.000000,5200.057911
7896.000000,5200.057911
7898.000000,5200.057911
7900.000000,5200.057911
7902.000000,5200.057911
7904.000000,5200.057911
7906.000000,5200.057911
7908.000000,5200.057911
7910.000000,5200.057911
7912.000000,5200.057911
7914.000000,5200.057911
7916.000000,5200.057911
7918.000000,5200.057911
7920.000000,5200.057911
7922.000000,5200.057911
7924.000000,5200.057911
7926.000000,5200.057911
7928.000000,5200.057911
7930.000000,5200.057911
7932.000000,5200.057911
7934.000000,5200.057911
7936.000000,5200.057911
7938.000000,5200.057911
7940.000000,5200.057911
7942.000000,5200.057911
7944.000000,5200.057911
7946.000000,5200.057911
7948.000000,5200.057911
7950.000000,5200.057911
7952.000000,5200.057911
7954.000000,5200.057911
7956.000000,5200.057911
7958.000000,5200.057911
7960.000000,5200.057911
7962.000000,5200.057911
7964.000000,5200.057911
7966.000000,5200.057911
7968.000000,5200.057911
7970.000000,5200.057911
7972.000000,5200.057911
7974.000000,5200.057911
7976.000000,5200.057911
7978.000000,5200.057911
7980.000000,5200.057911
7982.000000,5200.057911
7984.000000,5200.057911
7986.000000,5200.057911
7988.000000,5200.057911
7990.000000,5200.057911
7992.000000,5200.057911
7994.000000,5200.057911
7996.000000,5200.057911
7998.000000,5200.057911
8000.000000,5200.057911
8002.000000,5200.057911
8004.000000,5200.057911
8006.000000,5200.057911
8008.000000,5200.057911
8010.000000,5200.057911
8012.000000,5200.057911
8014.000000,5200.057911
8016.000000,5200.057911
8018.000000,5200.057911
8020.000000,5200.057911
8022.000000,5200.057911
8024.000000,5200.057911
8026.000000,5200.057911
8028.000000,5200.057911
8030.000000,5200.057911
8032.000000,5200.057911
8034.000000,5200.057911
8036.000000,5200.057911
8038.000000,5200.057911
8040.000000,5200.057911
8042.000000,5200.057911
8044.000000,5200.057911
8046.000000,5200.057911
8048.000000,5200.057911
8050.000000,5200.057911
8052.000000,5200.057911
8054.000000,5200.057911
8056.000000,5200.057911
8058.000000,5200.057911
8060.000000,5200.057911
8062.000000,5200.057911
8064.000000,5200.057911
8066.000000,5200.057911
8068.000000,5200.057911
8070.000000,5200.057911
8072.000000,5200.057911
8074.000000,5200.057911
8076.000000,5200.057911
8078.000000,5200.057911
8080.000000,5200.057911
8082.000000,5200.057911
8084.000000,5200.057911
8086.000000,5200.057911
8088.000000,5200.057911
8090.000000,5200.057911
8092.000000,5200.057911
8094.000000,5200.057911
8096.000000,5200.057911
8098.000000,5200.057911
8100.000000,5200.057911
8102.000000,5200.057911
8104.000000,5200.057911
8106.000000,5200.057911
8108.000000,5200.057911
8110.000000,5200.057911
8112.000000,5200.057911
8114.000000,5200.057911
8116.000000,5200.057911
8118.000000,5200.057911
8120.000000,5200.057911
8122.000000,5200.057911
8124.000000,5200.057911
8126.000000,5200.057911
8128.000000,5200.057911
8130.000000,5200.057911
8132.000000,5200.057911
8134.000000,5200.057911
8136.000000,5200.057911
8138.000000,5200.057911
8140.000000,5200.057911
8142.000000,5200.057911
8144.000000,5200.057911
8146.000000,5200.057911
8148.000000,5200.057911
8150.000000,5200.057911
8152.000000,5200.057911
8154.000000,5200.057911
8156.000000,5200.057911
8158.000000,5200.057911
8160.000000,5200.057911
8162.000000,5200.057911
8164.000000,5200.057911
8166.000000,5200.057911
8168.000000,5200.057911
8170.000000,5200.057911
8172.000000,5200.057911
8174.000000,5200.057911
8176.000000,5200.057911
8178.000000,5200.057911
8180.000000,5200.057911
8182.000000,5200.057911
8184.000000,5200.057911
8186.000000,5200.057911
8188.000000,5200.057911
8190.000000,5200.057911
8192.000000,5200.057911
8194.000000,5200.057911
8196.000000,5200.057911
8198.000000,5200.057911
8200.000000,5200.057911
8202.000000,5200.057911
8204.000000,5200.057911
8206.000000,5200.057911
8208.000000,5200.057911
8210.000000,5200.057911
8212.000000,5200.057911
8214.000000,5200.057911
8216.000000,5200.057911
8218.000000,5200.057911
8220.000000,5200.057911
8222.000000,5200.057911
8224.000000,5200.057911
8226.000000,5200.057911
8228.000000,5200.057911
8230.000000,5200.057911
8232.000000,5200.057911
8234.000000,5200.057911
8236.000000,5200.057911
8238.000000,5200.057911
8240.000000,5200.057911
8242.000000,5200.057911
8244.000000,5200.057911
8246.000000,5200.057911
8248.000000,5200.057911
8250.000000,5200.057911
8252.000000,5200.057911
8254.000000,5200.057911
8256.000000,5200.057911
8258.000000,5200.057911
8260.000000,5200.057911
8262.000000,5200.057911
8264.000000,5200.057911
8266.000000,5200.057911
8268.000000,5200.057911
8270.000000,5200.057911
8272.000000,5200.057911
8274.000000,5200.057911
8276.000000,5200.057911
8278.000000,5200.057911
8280.000000,5200.057911
8282.000000,5200.057911
8284.000000,5200.057911
8286.000000,5200.057911
8288.000000,5200.057911
8290.000000,5200.057911
8292.000000,5200.057911
8294.000000,5200.057911
8296.000000,5200.057911
8298.000000,5200.057911
8300.000000,5200.057911
8302.000000,5200.057911
8304.000000,5200.057911
8306.000000,5200.057911
8308.000000,5200.057911
8310.000000,5200.057911
8312.000000,5200.057911
8314.000000,5200.057911
8316.000000,5200.057911
8318.000000,5200.057911
8320.000000,5200.057911
8322.000000,5200.057911
8324.000000,5200.057911
8326.000000,5200.057911
8328.000000,5200.057911
8330.000000,5200.057911
8332.000000,5200.057911
8334.000000,5200.057911
8336.000000,5200.057911
8338.000000,5200.057911
8340.000000,5200.057911
8342.000000,5200.057911
8344.000000,5200.057911
8346.000000,5200.057911
8348.000000,5200.057911
8350.000000,5200.057911
8352.000000,5200.057911
8354.000000,5200.057911
8356.000000,5200.057911
8358.000000,5200.057911
8360.000000,5200.057911
8362.000000,5200.057911
8364.000000,5200.057911
8366.000000,5200.057911
8368.000000,5200.057911
8370.000000,5200.057911
8372.000000,5200.057911
8374.000000,5200.057911
8376.000000,5200.057911
8378.000000,5200.057911
8380.000000,5200.057911
8382.000000,5200.057911
8384.000000,5200.057911
8386.000000,5200.057911
8388.000000,5200.057911
8390.000000,5200.057911
8392.000000,5200.057911
8394.000000,5200.057911
8396.000000,5200.057911
8398.000000,5200.057911
8400.000000,5200.057911
8402.000000,5200.057911
8404.000000,5200.057911
8406.000000,5200.057911
8408.000000,5200.057911
8410.000000,5200.057911
8412.000000,5200.057911
8414.000000,5200.057911
8416.000000,5200.057911
8418.000000,5200.057911
8420.000000,5200.057911
8422.000000,5200.057911
8424.000000,5200.057911
8426.000000,5200.057911
8428.000000,5200.057911
8430.000000,5200.057911
8432.000000,5200.057911
8434.000000,5200.057911
8436.000000,5200.057911
8438.000000,5200.057911
8440.000000,5200.057911
8442.000000,5200.057911
8444.000000,5200.057911
8446.000000,5200.057911
8448.000000,5200.057911
8450.000000,5200.057911
8452.000000,5200.057911
8454.000000,5200.057911
8456.000000,5200.057911
8458.000000,5200.057911
8460.000000,5200.057911
8462.000000,5200.057911
8464.000000,5200.057911
8466.000000,5200.057911
8468.000000,5200.057911
8470.000000,5200.057911
8472.000000,5200.057911
8474.000000,5200.057911
8476.000000,5200.057911
8478.000000,5200.057911
8480.000000,5200.057911
8482.000000,5200.057911
8484.000000,5200.057911
8486.000000,5200.057911
8488.000000,5200.057911
8490.000000,5200.057911
8492.000000,5200.057911
8494.000000,5200.057911
8496.000000,5200.057911
8498.000000,5200.057911
8500.000000,5200.057911
8502.000000,5200.057911
8504.000000,5200.057911
8506.000000,5200.057911
8508.000000,5200.057911
8510.000000,5200.057911
8512.000000,5200.057911
8514.000000,5200.057911
8516.000000,5200.057911
8518.000000,5200.057911
8520.000000,5200.057911
8522.000000,5200.057911
8524.000000,5200.057911
8526.000000,5200.057911
8528.000000,5200.057911
8530.000000,5200.057911
8532.000000,5200.057911
8534.000000,5200.057911
8536.000000,5200.057911
8538.000000,5200.057911
8540.000000,5200.057911
8542.000000,5200.057911
8544.000000,5200.057911
8546.000000,5200.057911
8548.000000,5200.057911
8550.000000,5200.057911
8552.000000,5200.057911
8554.000000,5200.057911
8556.000000,5200.057911
8558.000000,5200.057911
8560.000000,5200.057911
8562.000000,5200.057911
8564.000000,5200.057911
8566.000000,5200.057911
8568.000000,5200.057911
8570.000000,5200.057911
8572.000000,5200.057911
8574.000000,5200.057911
8576.000000,5200.057911
8578.000000,5200.057911
8580.000000,5200.057911
8582.000000,5200.057911
8584.000000,5200.057911
8586.000000,5200.057911
8588.000000,5200.057911
8590.000000,5200.057911
8592.000000,5200.057911
8594.000000,5200.057911
8596.000000,5200.057911
8598.000000,5200.057911
8600.000000,5200.057911
8602.000000,5200.057911
8604.000000,5200.057911
8606.000000,5200.057911
8608.000000,5200.057911
8610.000000,5200.057911
8612.000000,5200.057911
8614.000000,5200.057911
8616.000000,5200.057911
8618.000000,5200.057911
8620.000000,5200.057911
8622.000000,5200.057911
8624.000000,5200.057911
8626.000000,5200.057911
8628.000000,5200.057911
8630.000000,5200.057911
8632.000000,5200.057911
8634.000000,5200.057911
8636.000000,5200.057911
8638.000000,5200.057911
8640.000000,5200.057911
8642.000000,5200.057911
8644.000000,5200.057911
8646.000000,5200.057911
8648.000000,5200.057911
8650.000000,5200.057911
8652.000000,5200.057911
8654.000000,5200.057911
8656.000000,5200.057911
8658.000000,5200.057911
8660.000000,5200.057911
8662.000000,5200.057911
8664.000000,5200.057911
8666.000000,5200.057911
8668.000000,5200.057911
8670.000000,5200.057911
8672.000000,5200.057911
8674.000000,5200.057911
8676.000000,5200.057911
8678.000000,5200.057911
8680.000000,5200.057911
8682.000000,5200.057911
8684.000000,5200.057911
8686.000000,5200.057911
8688.000000,5200.057911
8690.000000,5200.057911
8692.000000,5200.057911
8694.000000,5200.057911
8696.000000,5200.057911
8698.000000,5200.057911
8700.000000,5200.057911
8702.000000,5200.057911
8704.000000,5200.057911
8706.000000,5200.057911
8708.000000,5200.057911
8710.000000,5200.057911
8712.000000,5200.057911
8714.000000,5200.057911
8716.000000,5200.057911
8718.000000,5200.057911
8720.000000,5200.057911
8722.000000,5200.057911
8724.000000,5200.057911
8726.000000,5200.057911
8728.000000,5200.057911
8730.000000,5200.057911
8732.000000,5200.057911
8734.000000,5200.057911
8736.000000,5200.057911
8738.000000,5200.057911
8740.000000,5200.057911
8742.000000,5200.057911
8744.000000,5200.057911
8746.000000,5200.057911
8748.000000,5200.057911
8750.000000,5200.057911
8752.000000,5200.057911
8754.000000,5200.057911
8756.000000,5200.057911
8758.000000,5200.057911
8760.000000,5200.057911
8762.000000,5200.057911
8764.000000,5200.057911
8766.000000,5200.057911
8768.000000,5200.057911
8770.000000,5200.057911
8772.000000,5200.057911
8774.000000,5200.057911
8776.000000,5200.057911
8778.000000,5200.057911
8780.000000,5200.057911
8782.000000,5200.057911
8784.000000,5200.057911
8786.000000,5200.057911
8788.000000,5200.057911
8790.000000,5200.057911
8792.000000,5200.057911
8794.000000,5200.057911
8796.000000,5200.057911
8798.000000,5200.057911
8800.000000,5200.057911
8802.000000,5200.057911
8804.000000,5200.057911
8806.000000,5200.057911
8808.000000,5200.057911
8810.000000,5200.057911
8812.000000,5200.057911
8814.000000,5200.057911
8816.000000,5200.057911
8818.000000,5200.057911
8820.000000,5200.057911
8822.000000,5200.057911
8824.000000,5200.057911
8826.000000,5200.057911
8828.000000,5200.057911
8830.000000,5200.057911
8832.000000,5200.057911
8834.000000,5200.057911
8836.000000,5200.057911
8838.000000,5200.057911
8840.000000,5200.057911
8842.000000,5200.057911
8844.000000,5200.057911
8846.000000,5200.057911
8848.000000,5200.057911
8850.000000,5200.057911
8852.000000,5200.057911
8854.000000,5200.057911
8856.000000,5200.057911
8858.000000,5200.057911
8860.000000,5200.057911
8862.000000,5200.057911
8864.000000,5200.057911
8866.000000,5200.057911
8868.000000,5200.057911
8870.000000,5200.057911
8872.000000,5200.057911
8874.000000,5200.057911
8876.000000,5200.057911
8878.000000,5200.057911
8880.000000,5200.057911
8882.000000,5200.057911
8884.000000,5200.057911
8886.000000,5200.057911
8888.000000,5200.057911
8890.000000,5200.057911
8892.000000,5200.057911
8894.000000,5200.057911
8896.000000,5200.057911
8898.000000,5200.057911
8900.000000,5200.057911
8902.000000,5200.057911
8904.000000,5200.057911
8906.000000,5200.057911
8908.000000,5200.057911
8910.000000,5200.057911
8912.000000,5200.057911
8914.000000,5200.057911
8916.000000,5200.057911
8918.000000,5200.057911
8920.000000,5200.057911
8922.000000,5200.057911
8924.000000,5200.057911
8926.000000,5200.057911
8928.000000,5200.057911
8930.000000,5200.057911
8932.000000,5200.057911
8934.000000,5200.057911
8936.000000,5200.057911
8938.000000,5200.057911
8940.000000,5200.057911
8942.000000,5200.057911
8944.000000,5200.057911
8946.000000,5200.057911
8948.000000,5200.057911
8950.000000,5200.057911
8952.000000,5200.057911
8954.000000,5200.057911
8956.000000,5200.057911
8958.000000,5200.057911
8960.000000,5200.057911
8962.000000,5200.057911
8964.000000,5200.057911
8966.000000,5200.057911
8968.000000,5200.057911
8970.000000,5200.057911
8972.000000,5200.057911
8974.000000,5200.057911
8976.000000,5200.057911
8978.000000,5200.057911
8980.000000,5200.057911
8982.000000,5200.057911
8984.000000,5200.057911
8986.000000,5200.057911
8988.000000,5200.057911
8990.000000,5200.057911
8992.000000,5200.057911
8994.000000,5200.057911
8996.000000,5200.057911
8998.000000,5200.057911
9000.000000,5200.057911
9002.000000,5200.057911
9004.000000,5200.057911
9006.000000,5200.057911
9008.000000,5200.057911
9010.000000,5200.057911
9012.000000,5200.057911
9014.000000,5200.057911
9016.000000,5200.057911
9018.000000,5200.057911
9020.000000,5200.057911
9022.000000,5200.057911
9024.000000,5200.057911
9026.000000,5200.057911
9028.000000,5200.057911
9030.000000,5200.057911
9032.000000,5200.057911
9034.000000,5200.057911
9036.000000,5200.057911
9038.000000,5200.057911
9040.000000,5200.057911
9042.000000,5200.057911
9044.000000,5200.057911
9046.000000,5200.057911
9048.000000,5200.057911
9050.000000,5200.057911
9052.000000,5200.057911
9054.000000,5200.057911
9056.000000,5200.057911
9058.000000,5200.057911
9060.000000,5200.057911
9062.000000,5200.057911
9064.000000,5200.057911
9066.000000,5200.057911
9068.000000,5200.057911
9070.000000,5200.057911
9072.000000,5200.057911
9074.000000,5200.057911
9076.000000,5200.057911
9078.000000,5200.057911
9080.000000,5200.057911
9082.000000,5200.057911
9084.000000,5200.057911
9086.000000,5200.057911
9088.000000,5200.057911
9090.000000,5200.057911
9092.000000,5200.057911
9094.000000,5200.057911
9096.000000,5200.057911
9098.000000,5200.057911
9100.000000,5200.057911
9102.000000,5200.057911
9104.000000,5200.057911
9106.000000,5200.057911
9108.000000,5200.057911
9110.000000,5200.057911
9112.000000,5200.057911
9114.000000,5200.057911
9116.000000,5200.057911
9118.000000,5200.057911
9120.000000,5200.057911
9122.000000,5200.057911
9124.000000,5200.057911
9126.000000,5200.057911
9128.000000,5200.057911
9130.000000,5200.057911
9132.000000,5200.057911
9134.000000,5200.057911
9136.000000,5200.057911
9138.000000,5200.057911
9140.000000,5200.057911
9142.000000,5200.057911
9144.000000,5200.057911
9146.000000,5200.057911
9148.000000,5200.057911
9150.000000,5200.057911
9152.000000,5200.057911
9154.000000,5200.057911
9156.000000,5200.057911
9158.000000,5200.057911
9160.000000,5200.057911
9162.000000,5200.057911
9164.000000,5200.057911
9166.000000,5200.057911
9168.000000,5200.057911
9170.000000,5200.057911
9172.000000,5200.057911
9174.000000,5200.057911
9176.000000,5200.057911
9178.000000,5200.057911
9180.000000,5200.057911
9182.000000,5200.057911
9184.000000,5200.057911
9186.000000,5200.057911
9188.000000,5200.057911
9190.000000,5200.057911
9192.000000,5200.057911
9194.000000,5200.057911
9196.000000,5200.057911
9198.000000,5197.886383
9200.000000,5195.714260
9202.000000,5193.541403
9204.000000,5191.367874
9206.000000,5189.193583
9208.000000,5187.018485
9210.000000,5184.842603
9212.000000,5182.665767
9214.000000,5180.488069
9216.000000,5178.309404
9218.000000,5176.129719
9220.000000,5173.949063
9222.000000,5171.767225
9224.000000,5169.584331
9226.000000,5167.400258
9228.000000,5165.214954
9230.000000,5163.028493
9232.000000,5160.840611
9234.000000,5158.651491
9236.000000,5156.460974
9238.000000,5154.269021
9240.000000,5152.075708
9242.000000,5149.880747
9244.000000,5147.684348
9246.000000,5145.486325
9248.000000,5143.286657
9250.000000,5141.085410
9252.000000,5138.882286
9254.000000,5136.677512
9256.000000,5134.470897
9258.000000,5132.262418
9260.000000,5130.052152
9262.000000,5127.839786
9264.000000,5125.625545
9266.000000,5123.409260
9268.000000,5121.190867
9270.000000,5118.970486
9272.000000,5116.747748
9274.000000,5114.522921
9276.000000,5112.295819
9278.000000,5110.066349
9280.000000,5107.834697
9282.000000,5105.600411
9284.000000,5103.363841
9286.000000,5101.124747
9288.000000,5098.883072
9290.000000,5096.638991
9292.000000,5094.392014
9294.000000,5092.142549
9296.000000,5089.890284
9298.000000,5087.635220
9300.000000,5085.377484
9302.000000,5083.116615
9304.000000,5080.852977
9306.000000,5078.586322
9308.000000,5076.316592
9310.000000,5074.043969
9312.000000,5071.767946
9314.000000,5069.488921
9316.000000,5067.206642
9318.000000,5064.921006
9320.000000,5062.632282
9322.000000,5060.339804
9324.000000,5058.044138
9326.000000,5055.744881
9328.000000,5053.442042
9330.000000,5051.135794
9332.000000,5048.825577
9334.000000,5046.511842
9336.000000,5044.194326
9338.000000,5041.872883
9340.000000,5039.547854
9342.000000,5037.218486
9344.000000,5034.885411
9346.000000,5032.548197
9348.000000,5030.206842
9350.000000,5027.861548
9352.000000,5025.511664
9354.000000,5023.157719
9356.000000,5020.799405
9358.000000,5018.436575
9360.000000,5016.069616
9362.000000,5013.697667
9364.000000,5011.321471
9366.000000,5008.940532
9368.000000,5006.554845
9370.000000,5004.164682
9372.000000,5001.769240
9374.000000,4999.369218
9376.000000,4996.964136
9378.000000,4994.553975
9380.000000,4992.139008
9382.000000,4989.718448
9384.000000,4987.292971
9386.000000,4984.862149
9388.000000,4982.425903
9390.000000,4979.984562
9392.000000,4977.537270
9394.000000,4975.084738
9396.000000,4972.626523
9398.000000,4970.162519
9400.000000,4967.693080
9402.000000,4965.217294
9404.000000,4962.735933
9406.000000,4960.248525
9408.000000,4957.754980
9410.000000,4955.255675
9412.000000,4952.749651
9414.000000,4950.237725
9416.000000,4947.719369
9418.000000,4945.194521
9420.000000,4942.663552
9422.000000,4940.125419
9424.000000,4937.581053
9426.000000,4935.029810
9428.000000,4932.471684
9430.000000,4929.907156
9432.000000,4927.334919
9434.000000,4924.756126
9436.000000,4922.170138
9438.000000,4919.576808
9440.000000,4916.976628
9442.000000,4914.368440
9444.000000,4911.753227
9446.000000,4909.130339
9448.000000,4906.499728
9450.000000,4903.861916
9452.000000,4901.215475
9454.000000,4898.561666
9456.000000,4895.899800
9458.000000,4893.229745
9460.000000,4890.552039
9462.000000,4887.865334
9464.000000,4885.170826
9466.000000,4882.467743
9468.000000,4879.755960
9470.000000,4877.036085
9472.000000,4874.306744
9474.000000,4871.569150
9476.000000,4868.822487
9478.000000,4866.066646
9480.000000,4863.302288
9482.000000,4860.527945
9484.000000,4857.744877
9486.000000,4854.952229
9488.000000,4852.149900
9490.000000,4849.338582
9492.000000,4846.516666
9494.000000,4843.685527
9496.000000,4840.844318
9498.000000,4837.992968
9500.000000,4835.132170
9502.000000,4832.260038
9504.000000,4829.378234
9506.000000,4826.485857
9508.000000,4823.582711
9510.000000,4820.669499
9512.000000,4817.744557
9514.000000,4814.809331
9516.000000,4811.862873
9518.000000,4808.905170
9520.000000,4805.936913
9522.000000,4802.956111
9524.000000,4799.964634
9526.000000,4796.961332
9528.000000,4793.946014
9530.000000,4790.919709
9532.000000,4787.880159
9534.000000,4784.829283
9536.000000,4781.766088
9538.000000,4778.690132
9540.000000,4775.602653
9542.000000,4772.501227
9544.000000,4769.387896
9546.000000,4766.261494
9548.000000,4763.121757
9550.000000,4759.969841
9552.000000,4756.803162
9554.000000,4753.624098
9556.000000,4750.431047
9558.000000,4747.224261
9560.000000,4744.004312
9562.000000,4740.769233
9564.000000,4737.520737
9566.000000,4734.257889
9568.000000,4730.980204
9570.000000,4727.689106
9572.000000,4724.381568
9574.000000,4721.060347
9576.000000,4717.723665
9578.000000,4714.371752
9580.000000,4711.005302
9582.000000,4707.621976
9584.000000,4704.224047
9586.000000,4700.809844
9588.000000,4697.379660
9590.000000,4693.934145
9592.000000,4690.470936
9594.000000,4686.992381
9596.000000,4683.496668
9598.000000,4679.984160
9600.000000,4676.455649
9602.000000,4672.908305
9604.000000,4669.344946
9606.000000,4665.763707
9608.000000,4662.164439
9610.000000,4658.548660
9612.000000,4654.913153
9614.000000,4651.260349
9616.000000,4647.589074
9618.000000,4643.899060
9620.000000,4640.191215
9622.000000,4636.462698
9624.000000,4632.716395
9626.000000,4628.950607
9628.000000,4625.164662
9630.000000,4621.360324
9632.000000,4617.534372
9634.000000,4613.689691
9636.000000,4609.824338
9638.000000,4605.937962
9640.000000,4602.032271
9642.000000,4598.103824
9644.000000,4594.155661
9646.000000,4590.185939
9648.000000,4586.194237
9650.000000,4582.182001
9652.000000,4578.145825
9654.000000,4574.088912
9656.000000,4570.009322
9658.000000,4565.906813
9660.000000,4561.782953
9662.000000,4557.633921
9664.000000,4553.463084
9666.000000,4549.268400
9668.000000,4545.049581
9670.000000,4540.808203
9672.000000,4536.540392
9674.000000,4532.249703
9676.000000,4527.934001
9678.000000,4523.593026
9680.000000,4519.228511
9682.000000,4514.836256
9684.000000,4510.419990
9686.000000,4505.977493
9688.000000,4501.508503
9690.000000,4497.014764
9692.000000,4492.491779
9694.000000,4487.943585
9696.000000,4483.367847
9698.000000,4478.764299
9700.000000,4474.134870
9702.000000,4469.474957
9704.000000,4464.788662
9706.000000,4460.073548
9708.000000,4455.329348
9710.000000,4450.557917
9712.000000,4445.754058
9714.000000,4440.922593
9716.000000,4436.060977
9718.000000,4431.168938
9720.000000,4426.248603
9722.000000,4421.294419
9724.000000,4416.310900
9726.000000,4411.295899
9728.000000,4406.249145
9730.000000,4401.172780
9732.000000,4396.060333
9734.000000,4390.917803
9736.000000,4385.742469
9738.000000,4380.533582
9740.000000,4375.292667
9742.000000,4370.015502
9744.000000,4364.706872
9746.000000,4359.362566
9748.000000,4353.983507
9750.000000,4348.572436
9752.000000,4343.121586
9754.000000,4337.637987
9756.000000,4332.118375
9758.000000,4326.561130
9760.000000,4320.970443
9762.000000,4315.339095
9764.000000,4309.672657
9766.000000,4303.968818
9768.000000,4298.225573
9770.000000,4292.447646
9772.000000,4286.626392
9774.000000,4280.769458
9776.000000,4274.872287
9778.000000,4268.935295
9780.000000,4262.960510
9782.000000,4256.942030
9784.000000,4250.885129
9786.000000,4244.786905
9788.000000,4238.646295
9790.000000,4232.467156
9792.000000,4226.241175
9794.000000,4219.976355
9796.000000,4213.666999
9798.000000,4207.314995
9800.000000,4200.921061
9802.000000,4194.479702
9804.000000,4187.996934
9806.000000,4181.468160
9808.000000,4174.894706
9810.000000,4168.277830
9812.000000,4161.610752
9814.000000,4154.901418
9816.000000,4148.143836
9818.000000,4141.338379
9820.000000,4134.489360
9822.000000,4127.587891
9824.000000,4120.640646
9826.000000,4113.644723
9828.000000,4106.599319
9830.000000,4099.507389
9832.000000,4092.361036
9834.000000,4085.168025
9836.000000,4077.923690
9838.000000,4070.627313
9840.000000,4063.282787
9842.000000,4055.882379
9844.000000,4048.433077
9846.000000,4040.930098
9848.000000,4033.373258
9850.000000,4025.766780
9852.000000,4018.101639
9854.000000,4010.385393
9856.000000,4002.613935
9858.000000,3994.787768
9860.000000,3986.908763
9862.000000,3978.967998
9864.000000,3970.975687
9866.000000,3962.926585
9868.000000,3954.817652
9870.000000,3946.656183
9872.000000,3938.432194
9874.000000,3930.152121
9876.000000,3921.813939
9878.000000,3913.415682
9880.000000,3904.960550
9882.000000,3896.442043
9884.000000,3887.865368
9886.000000,3879.228678
9888.000000,3870.529372
9890.000000,3861.772329
9892.000000,3852.949024
9894.000000,3844.065458
9896.000000,3835.121051
9898.000000,3826.109747
9900.000000,3817.042295
9902.000000,3807.902013
9904.000000,3798.704367
9906.000000,3789.439246
9908.000000,3780.110631
9910.000000,3770.718686
9912.000000,3761.256579
9914.000000,3751.732974
9916.000000,3742.140183
9918.000000,3732.482880
9920.000000,3722.759125
9922.000000,3712.965412
9924.000000,3703.106464
9926.000000,3693.177730
9928.000000,3683.182962
9930.000000,3673.120235
9932.000000,3662.983799
9934.000000,3652.784918
9936.000000,3642.510607
9938.000000,3632.167747
9940.000000,3621.762356
9942.000000,3611.274857
9944.000000,3600.722194
9946.000000,3590.100449
9948.000000,3579.406099
9950.000000,3568.640764
9952.000000,3557.799775
9954.000000,3546.893501
9956.000000,3535.913098
9958.000000,3524.855787
9960.000000,3513.731988
9962.000000,3502.530589
9964.000000,3491.262298
9966.000000,3479.917769
9968.000000,3468.496200
9970.000000,3457.007066
9972.000000,3445.438846
9974.000000,3433.802503
9976.000000,3422.092089
9978.000000,3410.306936
9980.000000,3398.449394
9982.000000,3386.510217
9984.000000,3374.502192
9986.000000,3362.419427
9988.000000,3350.261745
9990.000000,3338.034806
9992.000000,3325.726967
9994.000000,3313.349747
9996.000000,3300.897312
9998.000000,3288.369622
10000.000000,3275.772469
10002.000000,3263.094326
10004.000000,3250.346853
10006.000000,3237.524359
10008.000000,3224.626990
10010.000000,3211.660641
10012.000000,3198.614039
10014.000000,3185.498872
10016.000000,3172.309685
10018.000000,3159.046815
10020.000000,3145.716246
10022.000000,3132.307153
10024.000000,3118.831184
10026.000000,3105.283229
10028.000000,3091.663858
10030.000000,3077.977825
10032.000000,3064.208650
10034.000000,3050.374511
10036.000000,3036.470655
10038.000000,3022.497902
10040.000000,3008.462267
10042.000000,2994.354286
10044.000000,2980.180052
10046.000000,2965.931150
10048.000000,2951.617015
10050.000000,2937.243637
10052.000000,2922.802463
10054.000000,2908.297727
10056.000000,2893.719907
10058.000000,2879.081810
10060.000000,2864.389312
10062.000000,2849.629174
10064.000000,2834.801927
10066.000000,2819.917361
10068.000000,2804.978980
10070.000000,2789.978539
10072.000000,2774.910100
10074.000000,2759.795761
10076.000000,2744.625182
10078.000000,2729.387767
10080.000000,2714.106816
10082.000000,2698.770680
10084.000000,2683.373748
10086.000000,2667.934091
10088.000000,2652.443288
10090.000000,2636.895107
10092.000000,2621.309907
10094.000000,2605.666517
10096.000000,2589.980539
10098.000000,2574.256606
10100.000000,2558.476076
10102.000000,2542.666711
10104.000000,2526.802757
10106.000000,2510.908153
10108.000000,2494.971049
10110.000000,2478.995457
10112.000000,2462.988732
10114.000000,2446.938881
10116.000000,2430.865913
10118.000000,2414.749652
10120.000000,2398.619086
10122.000000,2382.438463
10124.000000,2366.250577
10126.000000,2350.016593
10128.000000,2333.775333
10130.000000,2317.495966
10132.000000,2301.206559
10134.000000,2284.890034
10136.000000,2268.556459
10138.000000,2252.209129
10140.000000,2235.838282
10142.000000,2219.464920
10144.000000,2203.069072
10146.000000,2186.669743
10148.000000,2170.260557
10150.000000,2153.836237
10152.000000,2137.417707
10154.000000,2120.986297
10156.000000,2104.556776
10158.000000,2088.127560
10160.000000,2071.691791
10162.000000,2055.270913
10164.000000,2038.847149
10166.000000,2022.426682
10168.000000,2006.024686
10170.000000,1989.626769
10172.000000,1973.232198
10174.000000,1956.859037
10176.000000,1940.503804
10178.000000,1924.155274
10180.000000,1907.823395
10182.000000,1891.522925
10184.000000,1875.238242
10186.000000,1858.975126
10188.000000,1842.741905
10190.000000,1826.537536
10192.000000,1810.355037
10194.000000,1794.197818
10196.000000,1778.078371
10198.000000,1761.998782
10200.000000,1745.950975
10202.000000,1729.932181
10204.000000,1713.949943
10206.000000,1698.013545
10208.000000,1682.125261
10210.000000,1666.278663
10212.000000,1650.468097
10214.000000,1634.698721
10216.000000,1618.985686
10218.000000,1603.326666
10220.000000,1587.711823
10222.000000,1572.149068
10224.000000,1556.641399
10226.000000,1541.192299
10228.000000,1525.796021
10230.000000,1510.449285
10232.000000,1495.179930
10234.000000,1479.962105
10236.000000,1464.802826
10238.000000,1449.714527
10240.000000,1434.695413
10242.000000,1419.724936
10244.000000,1404.827952
10246.000000,1390.007838
10248.000000,1375.248548
10250.000000,1360.556255
10252.000000,1345.951004
10254.000000,1331.405755
10256.000000,1316.940298
10258.000000,1302.552358
10260.000000,1288.227878
10262.000000,1274.000161
10264.000000,1259.837667
10266.000000,1245.755252
10268.000000,1231.761028
10270.000000,1217.831915
10272.000000,1204.004954
10274.000000,1190.247096
10276.000000,1176.574246
10278.000000,1162.993172
10280.000000,1149.481407
10282.000000,1136.076619
10284.000000,1122.742618
10286.000000,1109.503582
10288.000000,1096.352259
10290.000000,1083.279939
10292.000000,1070.314606
10294.000000,1057.420449
10296.000000,1044.633701
10298.000000,1031.920988
10300.000000,1019.313372
10302.000000,1006.785209
10304.000000,994.361450
10306.000000,982.016514
10308.000000,969.780034
10310.000000,957.618047
10312.000000,945.573283
10314.000000,933.602160
10316.000000,921.743638
10318.000000,909.961882
10320.000000,898.284140
10322.000000,886.699533
10324.000000,875.211475
10326.000000,863.817167
10328.000000,852.519883
10330.000000,841.316561
10332.000000,830.209430
10334.000000,819.205999
10336.000000,808.282031
10338.000000,797.470716
10340.000000,786.738769
10342.000000,776.118157
10344.000000,765.589220
10346.000000,755.148264
10348.000000,744.816758
10350.000000,734.563346
10352.000000,724.423177
10354.000000,714.372016
10356.000000,704.409838
10358.000000,694.555890
10360.000000,684.780699
10362.000000,675.114145
10364.000000,665.543401
10366.000000,656.052867
10368.000000,646.669861
10370.000000,637.373391
10372.000000,628.172924
10374.000000,619.069502
10376.000000,610.055591
10378.000000,601.133149
10380.000000,592.306329
10382.000000,583.573345
10384.000000,574.925131
10386.000000,566.378486
10388.000000,557.917667
10390.000000,549.539784
10392.000000,541.269084
10394.000000,533.078894
10396.000000,524.974845
10398.000000,516.968269
10400.000000,509.046695
10402.000000,501.212063
10404.000000,493.465521
10406.000000,485.813701
10408.000000,478.240349
10410.000000,470.749658
10412.000000,463.358760
10414.000000,456.047973
10416.000000,448.815843
10418.000000,441.674321
10420.000000,434.615796
10422.000000,427.644362
10424.000000,420.747873
10426.000000,413.939253
10428.000000,407.217377
10430.000000,400.566313
10432.000000,394.002869
10434.000000,387.517933
10436.000000,381.117365
10438.000000,374.792900
10440.000000,368.540087
10442.000000,362.375936
10444.000000,356.287085
10446.000000,350.275516
10448.000000,344.337246
10450.000000,338.472002
10452.000000,332.691710
10454.000000,326.983143
10456.000000,321.346052
10458.000000,315.782616
10460.000000,310.289531
10462.000000,304.877737
10464.000000,299.534392
10466.000000,294.259370
10468.000000,289.055901
10470.000000,283.919676
10472.000000,278.861134
10474.000000,273.868361
10476.000000,268.942410
10478.000000,264.083689
10480.000000,259.289156
10482.000000,254.568751
10484.000000,249.911235
10486.000000,245.320811
10488.000000,240.792402
10490.000000,236.324539
10492.000000,231.927312
10494.000000,227.589998
10496.000000,223.316983
10498.000000,219.107202
10500.000000,214.952419
10502.000000,210.863606
10504.000000,206.831784
10506.000000,202.861107
10508.000000,198.950906
10510.000000,195.095982
10512.000000,191.304143
10514.000000,187.563783
10516.000000,183.881000
10518.000000,180.255621
10520.000000,176.682700
10522.000000,173.170293
10524.000000,169.709167
10526.000000,166.303034
10528.000000,162.949767
10530.000000,159.644774
10532.000000,156.397099
10534.000000,153.197978
10536.000000,150.050912
10538.000000,146.955281
10540.000000,143.906624
10542.000000,140.912124
10544.000000,137.963300
10546.000000,135.062019
10548.000000,132.209002
10550.000000,129.400349
10552.000000,126.642821
10554.000000,123.928576
10556.000000,121.260704
10558.000000,118.638621
10560.000000,116.058334
10562.000000,113.526194
10564.000000,111.034677
10566.000000,108.585697
10568.000000,106.179600
10570.000000,103.812837
10572.000000,101.491368
10574.000000,99.208219
10576.000000,96.966098
10578.000000,94.764457
10580.000000,92.599743
10582.000000,90.477537
10584.000000,88.391279
10586.000000,86.343498
10588.000000,84.333600
10590.000000,82.357754
10592.000000,80.421521
10594.000000,78.518963
10596.000000,76.652435
10598.000000,74.821424
10600.000000,73.022789
10602.000000,71.261397
10604.000000,69.531471
10606.000000,67.835200
10608.000000,66.172095
10610.000000,64.539211
10612.000000,62.941068
10614.000000,61.372273
10616.000000,59.834849
10618.000000,58.328328
10620.000000,56.849897
10622.000000,55.403412
10624.000000,53.984244
10626.000000,52.594266
10628.000000,51.233028
10630.000000,49.897954
10632.000000,48.592932
10634.000000,47.313272
10636.000000,46.060701
10638.000000,44.834787
10640.000000,43.633131
10642.000000,42.459325
10644.000000,41.309008
10646.000000,40.183770
10648.000000,39.083196
10650.000000,38.005057
10652.000000,36.952664
10654.000000,35.921971
10656.000000,34.914436
10658.000000,33.929665
10660.000000,32.965589
10662.000000,32.025248
10664.000000,31.104904
10666.000000,30.205886
10668.000000,29.327701
10670.000000,28.468538
10672.000000,27.631201
10674.000000,26.812240
10676.000000,26.012869
10678.000000,25.232732
10680.000000,24.470060
10682.000000,23.727396
10684.000000,23.001567
10686.000000,22.293675
10688.000000,21.603382
10690.000000,20.929062
10692.000000,20.273026
10694.000000,19.632366
10696.000000,19.008075
10698.000000,18.399837
10700.000000,17.806158
10702.000000,17.229133
10704.000000,16.666105
10706.000000,16.117966
10708.000000,15.584419
10710.000000,15.064098
10712.000000,14.558893
10714.000000,14.066381
10716.000000,13.587367
10718.000000,13.121567
10720.000000,12.667735
10722.000000,12.227575
10724.000000,11.798884
10726.000000,11.382380
10728.000000,10.977795
10730.000000,10.584003
10732.000000,10.202521
10734.000000,9.831361
10736.000000,9.471161
10738.000000,9.121670
10740.000000,8.781864
10742.000000,8.453101
10744.000000,8.133585
10746.000000,7.823880
10748.000000,7.523755
10750.000000,7.232283
10752.000000,6.950671
10754.000000,6.677305
10756.000000,6.412682
10758.000000,6.156583
10760.000000,5.908180
10762.000000,5.668535
10764.000000,5.436208
10766.000000,5.211630
10768.000000,4.994600
10770.000000,4.784379
10772.000000,4.581895
10774.000000,4.385869
10776.000000,4.196673
10778.000000,4.014124
10780.000000,3.837563
10782.000000,3.667798
10784.000000,3.503698
10786.000000,3.345584
10788.000000,3.193285
10790.000000,3.046218
10792.000000,2.905081
10794.000000,2.768882
10796.000000,2.637895
10798.000000,2.511960
10800.000000,2.390571
10802.000000,2.274322
10804.000000,2.162345
10806.000000,2.054872
10808.000000,1.951761
10810.000000,1.852564
10812.000000,1.757788
10814.000000,1.666682
10816.000000,1.579436
10818.000000,1.495923
10820.000000,1.415754
10822.000000,1.339356
10824.000000,1.266082
10826.000000,1.196087
10828.000000,1.129259
10830.000000,1.065262
10832.000000,1.004450
10834.000000,0.946273
10836.000000,0.890854
10838.000000,0.838095
10840.000000,0.787708
10842.000000,0.739982
10844.000000,0.694454
10846.000000,0.651223
10848.000000,0.610197
10850.000000,0.571137
10852.000000,0.534277
10854.000000,0.499226
10856.000000,0.466063
10858.000000,0.434708
10860.000000,0.404959
10862.000000,0.377002
10864.000000,0.350515
10866.000000,0.325559
10868.000000,0.302063
10870.000000,0.279858
10872.000000,0.259094
10874.000000,0.239504
10876.000000,0.221134
10878.000000,0.203924
10880.000000,0.187735
10882.000000,0.172683
10884.000000,0.158550
10886.000000,0.145372
10888.000000,0.133098
10890.000000,0.121616
10892.000000,0.111010
10894.000000,0.101111
10896.000000,0.091942
10898.000000,0.083458
10900.000000,0.075575
10902.000000,0.068351
10904.000000,0.061657
10906.000000,0.055505
10908.000000,0.049861
10910.000000,0.044658
10912.000000,0.039937
10914.000000,0.035600
10916.000000,0.031654
10918.000000,0.028070
10920.000000,0.024798
10922.000000,0.021866
10924.000000,0.019202
10926.000000,0.016808
10928.000000,0.014661
10930.000000,0.012727
10932.000000,0.011019
10934.000000,0.009491
10936.000000,0.008138
10938.000000,0.006947
10940.000000,0.005891
10942.000000,0.004979
10944.000000,0.004177
10946.000000,0.003482
10948.000000,0.002885
10950.000000,0.002369
10952.000000,0.001935
10954.000000,0.001563
10956.000000,0.001252
10958.000000,0.000993
10960.000000,0.000776
10962.000000,0.000602
10964.000000,0.000459
10966.000000,0.000345
10968.000000,0.000255
10970.000000,0.000185
10972.000000,0.000131
10974.000000,0.000090
10976.000000,0.000061
10978.000000,0.000040
10980.000000,0.000025
10982.000000,0.000014
10984.000000,0.000007
10986.000000,0.000004
10988.000000,0.000002
10990.000000,0.000000
10992.000000,0.000000
10994.000000,0.000000
10996.000000,0.000000
10998.000000,0.000000
11000.000000,0.000000
