# target for EO1 from MKJ_full.csv, 20:1 boxcar -> 5301 pts at 2.0000 us
# peak 5200 V at the EOM; chain gain 0.5584 (AWG->monitor) implies a 9.312 V drive
# AWG full scale +/-10 V (AMP 20 Vpp, OFST 0) leaves 6.9% headroom to iterate
time_us,voltage_V
0.000000,0.000000
2.000000,0.054421
4.000000,0.108751
6.000000,0.163718
8.000000,0.219204
10.000000,0.275067
12.000000,0.332113
14.000000,0.389795
16.000000,0.448633
18.000000,0.508871
20.000000,0.570362
22.000000,0.633428
24.000000,0.698175
26.000000,0.764758
28.000000,0.833317
30.000000,0.903999
32.000000,0.976957
34.000000,1.052330
36.000000,1.130269
38.000000,1.210923
40.000000,1.294438
42.000000,1.380956
44.000000,1.470631
46.000000,1.563608
48.000000,1.660030
50.000000,1.760048
52.000000,1.863809
54.000000,1.971460
56.000000,2.083150
58.000000,2.199026
60.000000,2.319232
62.000000,2.443919
64.000000,2.573235
66.000000,2.707327
68.000000,2.846342
70.000000,2.990428
72.000000,3.139731
74.000000,3.294403
76.000000,3.454588
78.000000,3.620438
80.000000,3.792099
82.000000,3.969718
84.000000,4.153443
86.000000,4.343424
88.000000,4.539809
90.000000,4.742748
92.000000,4.952385
94.000000,5.168876
96.000000,5.392363
98.000000,5.622997
100.000000,5.860926
102.000000,6.106301
104.000000,6.359270
106.000000,6.619982
108.000000,6.888585
110.000000,7.165233
112.000000,7.450070
114.000000,7.743247
116.000000,8.044914
118.000000,8.355221
120.000000,8.674319
122.000000,9.002356
124.000000,9.339483
126.000000,9.685849
128.000000,10.041607
130.000000,10.406902
132.000000,10.781890
134.000000,11.166719
136.000000,11.561540
138.000000,11.966503
140.000000,12.381759
142.000000,12.807463
144.000000,13.243760
146.000000,13.690803
148.000000,14.148745
150.000000,14.617740
152.000000,15.097916
154.000000,15.589391
156.000000,16.092364
158.000000,16.606991
160.000000,17.133428
162.000000,17.671822
164.000000,18.222329
166.000000,18.785102
168.000000,19.360290
170.000000,19.948049
172.000000,20.548531
174.000000,21.161890
176.000000,21.788276
178.000000,22.427846
180.000000,23.080751
182.000000,23.747146
184.000000,24.427183
186.000000,25.121019
188.000000,25.828806
190.000000,26.550697
192.000000,27.286851
194.000000,28.037415
196.000000,28.802450
198.000000,29.582067
200.000000,30.376555
202.000000,31.186072
204.000000,32.010774
206.000000,32.850817
208.000000,33.706354
210.000000,34.577542
212.000000,35.464537
214.000000,36.367497
216.000000,37.286574
218.000000,38.221924
220.000000,39.173708
222.000000,40.142083
224.000000,41.127202
226.000000,42.129112
228.000000,43.147798
230.000000,44.183658
232.000000,45.236884
234.000000,46.307636
236.000000,47.396068
238.000000,48.502342
240.000000,49.626619
242.000000,50.769048
244.000000,51.929795
246.000000,53.109006
248.000000,54.306863
250.000000,55.523368
252.000000,56.758306
254.000000,58.012272
256.000000,59.285462
258.000000,60.578123
260.000000,61.890336
262.000000,63.222307
264.000000,64.574129
266.000000,65.946034
268.000000,67.338164
270.000000,68.750580
272.000000,70.182760
274.000000,71.635463
276.000000,73.108986
278.000000,74.603552
280.000000,76.119260
282.000000,77.656300
284.000000,79.214846
286.000000,80.795040
288.000000,82.396799
290.000000,84.019574
292.000000,85.664287
294.000000,87.331254
296.000000,89.020698
298.000000,90.732747
300.000000,92.467600
302.000000,94.225383
304.000000,96.005804
306.000000,97.808274
308.000000,99.634008
310.000000,101.483296
312.000000,103.356316
314.000000,105.253262
316.000000,107.174248
318.000000,109.119188
320.000000,111.086851
322.000000,113.078729
324.000000,115.095320
326.000000,117.136743
328.000000,119.203213
330.000000,121.294858
332.000000,123.410717
334.000000,125.550544
336.000000,127.715962
338.000000,129.907203
340.000000,132.124434
342.000000,134.367835
344.000000,136.636398
346.000000,138.929461
348.000000,141.248997
350.000000,143.595311
352.000000,145.968611
354.000000,148.368854
356.000000,150.794334
358.000000,153.245626
360.000000,155.724496
362.000000,158.231114
364.000000,160.765658
366.000000,163.326877
368.000000,165.913554
370.000000,168.528376
372.000000,171.171750
374.000000,173.843812
376.000000,176.543366
378.000000,179.268692
380.000000,182.022836
382.000000,184.806290
384.000000,187.619265
386.000000,190.459495
388.000000,193.326316
390.000000,196.223087
392.000000,199.149932
394.000000,202.106586
396.000000,205.089315
398.000000,208.101165
400.000000,211.143788
402.000000,214.217225
404.000000,217.318385
406.000000,220.447186
408.000000,223.607311
410.000000,226.798944
412.000000,230.019505
414.000000,233.267233
416.000000,236.546632
418.000000,239.858174
420.000000,243.199024
422.000000,246.567151
424.000000,249.967479
426.000000,253.400541
428.000000,256.862404
430.000000,260.352172
432.000000,263.875114
434.000000,267.430814
436.000000,271.013879
438.000000,274.627247
440.000000,278.274347
442.000000,281.952954
444.000000,285.658350
446.000000,289.396783
448.000000,293.169129
450.000000,296.969461
452.000000,300.799787
454.000000,304.664818
456.000000,308.560833
458.000000,312.484133
460.000000,316.441865
462.000000,320.433233
464.000000,324.450435
466.000000,328.501268
468.000000,332.586868
470.000000,336.699012
472.000000,340.843305
474.000000,345.023005
476.000000,349.229954
478.000000,353.468071
480.000000,357.741923
482.000000,362.043160
484.000000,366.375333
486.000000,370.743456
488.000000,375.138159
490.000000,379.564678
492.000000,384.027062
494.000000,388.514442
496.000000,393.035501
498.000000,397.590817
500.000000,402.171064
502.000000,406.786859
504.000000,411.433735
506.000000,416.107003
508.000000,420.816927
510.000000,425.553786
512.000000,430.321016
514.000000,435.123541
516.000000,439.949641
518.000000,444.811525
520.000000,449.702542
522.000000,454.620346
524.000000,459.574970
526.000000,464.551771
528.000000,469.563842
530.000000,474.604604
532.000000,479.671902
534.000000,484.774552
536.000000,489.899450
538.000000,495.059740
540.000000,500.245130
542.000000,505.460680
544.000000,510.706669
546.000000,515.976721
548.000000,521.281597
550.000000,526.607414
552.000000,531.967965
554.000000,537.350824
556.000000,542.765142
558.000000,548.205253
560.000000,553.672404
562.000000,559.168415
564.000000,564.687515
566.000000,570.237918
568.000000,575.809538
570.000000,581.413267
572.000000,587.036393
574.000000,592.691863
576.000000,598.365793
578.000000,604.072353
580.000000,609.796204
582.000000,615.552476
584.000000,621.324973
586.000000,627.129527
588.000000,632.950150
590.000000,638.801765
592.000000,644.669708
594.000000,650.566979
596.000000,656.480917
598.000000,662.422804
600.000000,668.381565
602.000000,674.366691
604.000000,680.369809
606.000000,686.396716
608.000000,692.442058
610.000000,698.508824
612.000000,704.596312
614.000000,710.701273
616.000000,716.830439
618.000000,722.972059
620.000000,729.138276
622.000000,735.318974
624.000000,741.520187
626.000000,747.737338
628.000000,753.971181
630.000000,760.226005
632.000000,766.491334
634.000000,772.777697
636.000000,779.076905
638.000000,785.392076
640.000000,791.725369
642.000000,798.067555
644.000000,804.428512
646.000000,810.800805
648.000000,817.186307
650.000000,823.587617
652.000000,829.997974
654.000000,836.422996
656.000000,842.860550
658.000000,849.304916
660.000000,855.764388
662.000000,862.233142
664.000000,868.709930
666.000000,875.199250
668.000000,881.696812
670.000000,888.201992
672.000000,894.717598
674.000000,901.240329
676.000000,907.769195
678.000000,914.307369
680.000000,920.851836
682.000000,927.400254
684.000000,933.957252
686.000000,940.519139
688.000000,947.083157
690.000000,953.654014
692.000000,960.229030
694.000000,966.807115
696.000000,973.388033
698.000000,979.972878
700.000000,986.560400
702.000000,993.146545
704.000000,999.736850
706.000000,1006.328246
708.000000,1012.921437
710.000000,1019.510727
712.000000,1026.102852
714.000000,1032.693833
716.000000,1039.284969
718.000000,1045.871218
720.000000,1052.457752
722.000000,1059.042493
724.000000,1065.623463
726.000000,1072.201626
728.000000,1078.775238
730.000000,1085.346485
732.000000,1091.912635
734.000000,1098.474366
736.000000,1105.030558
738.000000,1111.580511
740.000000,1118.125809
742.000000,1124.664503
744.000000,1131.195710
746.000000,1137.721482
748.000000,1144.237088
750.000000,1150.746038
752.000000,1157.247604
754.000000,1163.740122
756.000000,1170.222656
758.000000,1176.696870
760.000000,1183.161984
762.000000,1189.614852
764.000000,1196.058594
766.000000,1202.492092
768.000000,1208.914878
770.000000,1215.324975
772.000000,1221.723113
774.000000,1228.110097
776.000000,1234.484938
778.000000,1240.846780
780.000000,1247.194451
782.000000,1253.529252
784.000000,1259.850534
786.000000,1266.158607
788.000000,1272.452484
790.000000,1278.731593
792.000000,1284.995622
794.000000,1291.243947
796.000000,1297.477140
798.000000,1303.694654
800.000000,1309.896595
802.000000,1316.082026
804.000000,1322.251310
806.000000,1328.404033
808.000000,1334.539491
810.000000,1340.658231
812.000000,1346.759031
814.000000,1352.842437
816.000000,1358.907825
818.000000,1364.955221
820.000000,1370.984053
822.000000,1376.994399
824.000000,1382.986154
826.000000,1388.958904
828.000000,1394.912621
830.000000,1400.847125
832.000000,1406.762050
834.000000,1412.657215
836.000000,1418.532594
838.000000,1424.388213
840.000000,1430.223162
842.000000,1436.037155
844.000000,1441.831127
846.000000,1447.604508
848.000000,1453.357114
850.000000,1459.089129
852.000000,1464.799589
854.000000,1470.488053
856.000000,1476.155561
858.000000,1481.801801
860.000000,1487.426981
862.000000,1493.029852
864.000000,1498.610416
866.000000,1504.169426
868.000000,1509.707297
870.000000,1515.221378
872.000000,1520.713307
874.000000,1526.183838
876.000000,1531.632113
878.000000,1537.056702
880.000000,1542.459373
882.000000,1547.839397
884.000000,1553.196100
886.000000,1558.530962
888.000000,1563.842607
890.000000,1569.130929
892.000000,1574.397255
894.000000,1579.638933
896.000000,1584.858458
898.000000,1590.055234
900.000000,1595.228402
902.000000,1600.378195
904.000000,1605.504745
906.000000,1610.608570
908.000000,1615.688891
910.000000,1620.745864
912.000000,1625.779229
914.000000,1630.790208
916.000000,1635.776980
918.000000,1640.740509
920.000000,1645.680247
922.000000,1650.597963
924.000000,1655.492150
926.000000,1660.361350
928.000000,1665.208580
930.000000,1670.032280
932.000000,1674.832111
934.000000,1679.609063
936.000000,1684.362926
938.000000,1689.093104
940.000000,1693.800271
942.000000,1698.484584
944.000000,1703.144899
946.000000,1707.782204
948.000000,1712.397253
950.000000,1716.987914
952.000000,1721.556500
954.000000,1726.102259
956.000000,1730.623395
958.000000,1735.123263
960.000000,1739.599628
962.000000,1744.053034
964.000000,1748.484599
966.000000,1752.891647
968.000000,1757.277661
970.000000,1761.640066
972.000000,1765.980164
974.000000,1770.298291
976.000000,1774.592681
978.000000,1778.866270
980.000000,1783.115939
982.000000,1787.344756
984.000000,1791.549860
986.000000,1795.734503
988.000000,1799.895746
990.000000,1804.035928
992.000000,1808.153568
994.000000,1812.249889
996.000000,1816.323875
998.000000,1820.376619
1000.000000,1824.407497
1002.000000,1828.417263
1004.000000,1832.404694
1006.000000,1836.371716
1008.000000,1840.316403
1010.000000,1844.240941
1012.000000,1848.142962
1014.000000,1852.025847
1016.000000,1855.885826
1018.000000,1859.726409
1020.000000,1863.545490
1022.000000,1867.344031
1024.000000,1871.122422
1026.000000,1874.879024
1028.000000,1878.616959
1030.000000,1882.332793
1032.000000,1886.029465
1034.000000,1889.706170
1036.000000,1893.361372
1038.000000,1896.998452
1040.000000,1900.614394
1042.000000,1904.210757
1044.000000,1907.788219
1046.000000,1911.344725
1048.000000,1914.882692
1050.000000,1918.401628
1052.000000,1921.900023
1054.000000,1925.379776
1056.000000,1928.841147
1058.000000,1932.282394
1060.000000,1935.705233
1062.000000,1939.110054
1064.000000,1942.494751
1066.000000,1945.860857
1068.000000,1949.209596
1070.000000,1952.539432
1072.000000,1955.850341
1074.000000,1959.143595
1076.000000,1962.419117
1078.000000,1965.675893
1080.000000,1968.914703
1082.000000,1972.135885
1084.000000,1975.340011
1086.000000,1978.525807
1088.000000,1981.693792
1090.000000,1984.844436
1092.000000,1987.978466
1094.000000,1991.095439
1096.000000,1994.194264
1098.000000,1997.276345
1100.000000,2000.341761
1102.000000,2003.390536
1104.000000,2006.422515
1106.000000,2009.437620
1108.000000,2012.435720
1110.000000,2015.417753
1112.000000,2018.383666
1114.000000,2021.333198
1116.000000,2024.267001
1118.000000,2027.184813
1120.000000,2030.086038
1122.000000,2032.971454
1124.000000,2035.841244
1126.000000,2038.695460
1128.000000,2041.534102
1130.000000,2044.357508
1132.000000,2047.165470
1134.000000,2049.958248
1136.000000,2052.736050
1138.000000,2055.498693
1140.000000,2058.246075
1142.000000,2060.978454
1144.000000,2063.695962
1146.000000,2066.399247
1148.000000,2069.087531
1150.000000,2071.761592
1152.000000,2074.421249
1154.000000,2077.066450
1156.000000,2079.697559
1158.000000,2082.314472
1160.000000,2084.917605
1162.000000,2087.506594
1164.000000,2090.081854
1166.000000,2092.643231
1168.000000,2095.190984
1170.000000,2097.725294
1172.000000,2100.246085
1174.000000,2102.753589
1176.000000,2105.247885
1178.000000,2107.728714
1180.000000,2110.196412
1182.000000,2112.651006
1184.000000,2115.092600
1186.000000,2117.521350
1188.000000,2119.937490
1190.000000,2122.340734
1192.000000,2124.731836
1194.000000,2127.110145
1196.000000,2129.476261
1198.000000,2131.830079
1200.000000,2134.171364
1202.000000,2136.500508
1204.000000,2138.817457
1206.000000,2141.122421
1208.000000,2143.415658
1210.000000,2145.697039
1212.000000,2147.966669
1214.000000,2150.225014
1216.000000,2152.471035
1218.000000,2154.705798
1220.000000,2156.929329
1222.000000,2159.141446
1224.000000,2161.342435
1226.000000,2163.531879
1228.000000,2165.710326
1230.000000,2167.877957
1232.000000,2170.034668
1234.000000,2172.180302
1236.000000,2174.314965
1238.000000,2176.439175
1240.000000,2178.553064
1242.000000,2180.656084
1244.000000,2182.748210
1246.000000,2184.830561
1248.000000,2186.902381
1250.000000,2188.963931
1252.000000,2191.015133
1254.000000,2193.056299
1256.000000,2195.087767
1258.000000,2197.108575
1260.000000,2199.119893
1262.000000,2201.121747
1264.000000,2203.113227
1266.000000,2205.095165
1268.000000,2207.067951
1270.000000,2209.030700
1272.000000,2210.984220
1274.000000,2212.928198
1276.000000,2214.862841
1278.000000,2216.788359
1280.000000,2218.704568
1282.000000,2220.611652
1284.000000,2222.509661
1286.000000,2224.398778
1288.000000,2226.278432
1290.000000,2228.149921
1292.000000,2230.012414
1294.000000,2231.866171
1296.000000,2233.710958
1298.000000,2235.547478
1300.000000,2237.375599
1302.000000,2239.195036
1304.000000,2241.006179
1306.000000,2242.808871
1308.000000,2244.603296
1310.000000,2246.389375
1312.000000,2248.167394
1314.000000,2249.937119
1316.000000,2251.699043
1318.000000,2253.452804
1320.000000,2255.198791
1322.000000,2256.936977
1324.000000,2258.667182
1326.000000,2260.389664
1328.000000,2262.104607
1330.000000,2263.811775
1332.000000,2265.511612
1334.000000,2267.203700
1336.000000,2268.888456
1338.000000,2270.565517
1340.000000,2272.235531
1342.000000,2273.898135
1344.000000,2275.553615
1346.000000,2277.201789
1348.000000,2278.842970
1350.000000,2280.477078
1352.000000,2282.104010
1354.000000,2283.724078
1356.000000,2285.337204
1358.000000,2286.943310
1360.000000,2288.542916
1362.000000,2290.135605
1364.000000,2291.721847
1366.000000,2293.301043
1368.000000,2294.873895
1370.000000,2296.440117
1372.000000,2297.999812
1374.000000,2299.552982
1376.000000,2301.100068
1378.000000,2302.640471
1380.000000,2304.174713
1382.000000,2305.703078
1384.000000,2307.224788
1386.000000,2308.740283
1388.000000,2310.249903
1390.000000,2311.753152
1392.000000,2313.250552
1394.000000,2314.742075
1396.000000,2316.227722
1398.000000,2317.707286
1400.000000,2319.181233
1402.000000,2320.649382
1404.000000,2322.111916
1406.000000,2323.568391
1408.000000,2325.019536
1410.000000,2326.464805
1412.000000,2327.904640
1414.000000,2329.339119
1416.000000,2330.768034
1418.000000,2332.191359
1420.000000,2333.609406
1422.000000,2335.022253
1424.000000,2336.429510
1426.000000,2337.831645
1428.000000,2339.228450
1430.000000,2340.620341
1432.000000,2342.006876
1434.000000,2343.388367
1436.000000,2344.764918
1438.000000,2346.136242
1440.000000,2347.502861
1442.000000,2348.864254
1444.000000,2350.220862
1446.000000,2351.572427
1448.000000,2352.919624
1450.000000,2354.261750
1452.000000,2355.598911
1454.000000,2356.931730
1456.000000,2358.259686
1458.000000,2359.583405
1460.000000,2360.902079
1462.000000,2362.216204
1464.000000,2363.525986
1466.000000,2364.831115
1468.000000,2366.132135
1470.000000,2367.428554
1472.000000,2368.720448
1474.000000,2370.008130
1476.000000,2371.291523
1478.000000,2372.570469
1480.000000,2373.845437
1482.000000,2375.116064
1484.000000,2376.382608
1486.000000,2377.644940
1488.000000,2378.903190
1490.000000,2380.157410
1492.000000,2381.407497
1494.000000,2382.653813
1496.000000,2383.896021
1498.000000,2385.134199
1500.000000,2386.368607
1502.000000,2387.599089
1504.000000,2388.825775
1506.000000,2390.048613
1508.000000,2391.267707
1510.000000,2392.482901
1512.000000,2393.694533
1514.000000,2394.902577
1516.000000,2396.106721
1518.000000,2397.307485
1520.000000,2398.504505
1522.000000,2399.697885
1524.000000,2400.887937
1526.000000,2402.074479
1528.000000,2403.257433
1530.000000,2404.437059
1532.000000,2405.613252
1534.000000,2406.785988
1536.000000,2407.955448
1538.000000,2409.121606
1540.000000,2410.284175
1542.000000,2411.443729
1544.000000,2412.600007
1546.000000,2413.752905
1548.000000,2414.902734
1550.000000,2416.049574
1552.000000,2417.192930
1554.000000,2418.333529
1556.000000,2419.470905
1558.000000,2420.605082
1560.000000,2421.736400
1562.000000,2422.864650
1564.000000,2423.990013
1566.000000,2425.112517
1568.000000,2426.231848
1570.000000,2427.348190
1572.000000,2428.461801
1574.000000,2429.572657
1576.000000,2430.680600
1578.000000,2431.785710
1580.000000,2432.887985
1582.000000,2433.987661
1584.000000,2435.084892
1586.000000,2436.178821
1588.000000,2437.270437
1590.000000,2438.359244
1592.000000,2439.445608
1594.000000,2440.529189
1596.000000,2441.610404
1598.000000,2442.688734
1600.000000,2443.764749
1602.000000,2444.838112
1604.000000,2445.909162
1606.000000,2446.977507
1608.000000,2448.043616
1610.000000,2449.107411
1612.000000,2450.168477
1614.000000,2451.227254
1616.000000,2452.283743
1618.000000,2453.337944
1620.000000,2454.389571
1622.000000,2455.439093
1624.000000,2456.486300
1626.000000,2457.531557
1628.000000,2458.573928
1630.000000,2459.614505
1632.000000,2460.652898
1634.000000,2461.689186
1636.000000,2462.723211
1638.000000,2463.755260
1640.000000,2464.784865
1642.000000,2465.812728
1644.000000,2466.838381
1646.000000,2467.861928
1648.000000,2468.883343
1650.000000,2469.903172
1652.000000,2470.920869
1654.000000,2471.936122
1656.000000,2472.949789
1658.000000,2473.961714
1660.000000,2474.971507
1662.000000,2475.979428
1664.000000,2476.985581
1666.000000,2477.989862
1668.000000,2478.992141
1670.000000,2479.992626
1672.000000,2480.991447
1674.000000,2481.988292
1676.000000,2482.983733
1678.000000,2483.976938
1680.000000,2484.968791
1682.000000,2485.958798
1684.000000,2486.947088
1686.000000,2487.934027
1688.000000,2488.918834
1690.000000,2489.902133
1692.000000,2490.884106
1694.000000,2491.864077
1696.000000,2492.842696
1698.000000,2493.819754
1700.000000,2494.795201
1702.000000,2495.768958
1704.000000,2496.741545
1706.000000,2497.712312
1708.000000,2498.681622
1710.000000,2499.649789
1712.000000,2500.616240
1714.000000,2501.581131
1716.000000,2502.544696
1718.000000,2503.507194
1720.000000,2504.467873
1722.000000,2505.427304
1724.000000,2506.385461
1726.000000,2507.342161
1728.000000,2508.297432
1730.000000,2509.251663
1732.000000,2510.204801
1734.000000,2511.156406
1736.000000,2512.106737
1738.000000,2513.055742
1740.000000,2514.003498
1742.000000,2514.950215
1744.000000,2515.895502
1746.000000,2516.839644
1748.000000,2517.782825
1750.000000,2518.724576
1752.000000,2519.665312
1754.000000,2520.604957
1756.000000,2521.543588
1758.000000,2522.480892
1760.000000,2523.417287
1762.000000,2524.352693
1764.000000,2525.286696
1766.000000,2526.220049
1768.000000,2527.151997
1770.000000,2528.083270
1772.000000,2529.013580
1774.000000,2529.942643
1776.000000,2530.870614
1778.000000,2531.798038
1780.000000,2532.724293
1782.000000,2533.649611
1784.000000,2534.574124
1786.000000,2535.497545
1788.000000,2536.420497
1790.000000,2537.342046
1792.000000,2538.262970
1794.000000,2539.183167
1796.000000,2540.102583
1798.000000,2541.020960
1800.000000,2541.938764
1802.000000,2542.855581
1804.000000,2543.771591
1806.000000,2544.686952
1808.000000,2545.601610
1810.000000,2546.515281
1812.000000,2547.428275
1814.000000,2548.340880
1816.000000,2549.252471
1818.000000,2550.163593
1820.000000,2551.073884
1822.000000,2551.983706
1824.000000,2552.892749
1826.000000,2553.801219
1828.000000,2554.708935
1830.000000,2555.615898
1832.000000,2556.522548
1834.000000,2557.428523
1836.000000,2558.334055
1838.000000,2559.238964
1840.000000,2560.143326
1842.000000,2561.046935
1844.000000,2561.950231
1846.000000,2562.852956
1848.000000,2563.755264
1850.000000,2564.657027
1852.000000,2565.558269
1854.000000,2566.459226
1856.000000,2567.359662
1858.000000,2568.259604
1860.000000,2569.159235
1862.000000,2570.058163
1864.000000,2570.957092
1866.000000,2571.855240
1868.000000,2572.753311
1870.000000,2573.651173
1872.000000,2574.548256
1874.000000,2575.445078
1876.000000,2576.341874
1878.000000,2577.238151
1880.000000,2578.134063
1882.000000,2579.030002
1884.000000,2579.925264
1886.000000,2580.820605
1888.000000,2581.715425
1890.000000,2582.610037
1892.000000,2583.504624
1894.000000,2584.398768
1896.000000,2585.292887
1898.000000,2586.186719
1900.000000,2587.080474
1902.000000,2587.973864
1904.000000,2588.867020
1906.000000,2589.760229
1908.000000,2590.653463
1910.000000,2591.546308
1912.000000,2592.439282
1914.000000,2593.331944
1916.000000,2594.224399
1918.000000,2595.117061
1920.000000,2596.009698
1922.000000,2596.902152
1924.000000,2597.794555
1926.000000,2598.686697
1928.000000,2599.579125
1930.000000,2600.471528
1932.000000,2601.363956
1934.000000,2602.256359
1936.000000,2603.148553
1938.000000,2604.041189
1940.000000,2604.933670
1942.000000,2605.826332
1944.000000,2606.718761
1946.000000,2607.611657
1948.000000,2608.504371
1950.000000,2609.397580
1952.000000,2610.290528
1954.000000,2611.183945
1956.000000,2612.077179
1958.000000,2612.970830
1960.000000,2613.864454
1962.000000,2614.758312
1964.000000,2615.652223
1966.000000,2616.546887
1968.000000,2617.441396
1970.000000,2618.335852
1972.000000,2619.231140
1974.000000,2620.126429
1976.000000,2621.021717
1978.000000,2621.917500
1980.000000,2622.813594
1982.000000,2623.709949
1984.000000,2624.606745
1986.000000,2625.503905
1988.000000,2626.401222
1990.000000,2627.298876
1992.000000,2628.196791
1994.000000,2629.095433
1996.000000,2629.994440
1998.000000,2630.893732
2000.000000,2631.792999
2002.000000,2632.692967
2004.000000,2633.593507
2006.000000,2634.494750
2008.000000,2635.396304
2010.000000,2636.298327
2012.000000,2637.200375
2014.000000,2638.103230
2016.000000,2639.006552
2018.000000,2639.910603
2020.000000,2640.814991
2022.000000,2641.720004
2024.000000,2642.625770
2026.000000,2643.531927
2028.000000,2644.438421
2030.000000,2645.345904
2032.000000,2646.253698
2034.000000,2647.162247
2036.000000,2648.071315
2038.000000,2648.981242
2040.000000,2649.891792
2042.000000,2650.802993
2044.000000,2651.714921
2046.000000,2652.627630
2048.000000,2653.540624
2050.000000,2654.454685
2052.000000,2655.369473
2054.000000,2656.284990
2056.000000,2657.201130
2058.000000,2658.118207
2060.000000,2659.035959
2062.000000,2659.954804
2064.000000,2660.873830
2066.000000,2661.794365
2068.000000,2662.715627
2070.000000,2663.637462
2072.000000,2664.560311
2074.000000,2665.483965
2076.000000,2666.408582
2078.000000,2667.334290
2080.000000,2668.260623
2082.000000,2669.188151
2084.000000,2670.116460
2086.000000,2671.045783
2088.000000,2671.975989
2090.000000,2672.907418
2092.000000,2673.839860
2094.000000,2674.773161
2096.000000,2675.707424
2098.000000,2676.643038
2100.000000,2677.579459
2102.000000,2678.517050
2104.000000,2679.455602
2106.000000,2680.395533
2108.000000,2681.336348
2110.000000,2682.278462
2112.000000,2683.221591
2114.000000,2684.165812
2116.000000,2685.111306
2118.000000,2686.058283
2120.000000,2687.006118
2122.000000,2687.955278
2124.000000,2688.905895
2126.000000,2689.857630
2128.000000,2690.810456
2130.000000,2691.764687
2132.000000,2692.720296
2134.000000,2693.677283
2136.000000,2694.635699
2138.000000,2695.595026
2140.000000,2696.556069
2142.000000,2697.518464
2144.000000,2698.481950
2146.000000,2699.447335
2148.000000,2700.413604
2150.000000,2701.381745
2152.000000,2702.351159
2154.000000,2703.322134
2156.000000,2704.294591
2158.000000,2705.268426
2160.000000,2706.244055
2162.000000,2707.221036
2164.000000,2708.199524
2166.000000,2709.180093
2168.000000,2710.161962
2170.000000,2711.145365
2172.000000,2712.130120
2174.000000,2713.117059
2176.000000,2714.105038
2178.000000,2715.095018
2180.000000,2716.087027
2182.000000,2717.080310
2184.000000,2718.075465
2186.000000,2719.072440
2188.000000,2720.071183
2190.000000,2721.071512
2192.000000,2722.073947
2194.000000,2723.078176
2196.000000,2724.083965
2198.000000,2725.091756
2200.000000,2726.101575
2202.000000,2727.113266
2204.000000,2728.126647
2206.000000,2729.142030
2208.000000,2730.159493
2210.000000,2731.178880
2212.000000,2732.200451
2214.000000,2733.223712
2216.000000,2734.249001
2218.000000,2735.276838
2220.000000,2736.306313
2222.000000,2737.337842
2224.000000,2738.371738
2226.000000,2739.407635
2228.000000,2740.445664
2230.000000,2741.485825
2232.000000,2742.528456
2234.000000,2743.573063
2236.000000,2744.619646
2238.000000,2745.668778
2240.000000,2746.720405
2242.000000,2747.774008
2244.000000,2748.829977
2246.000000,2749.888390
2248.000000,2750.948936
2250.000000,2752.012393
2252.000000,2753.077722
2254.000000,2754.145626
2256.000000,2755.216051
2258.000000,2756.289024
2260.000000,2757.364233
2262.000000,2758.442251
2264.000000,2759.522452
2266.000000,2760.605435
2268.000000,2761.691045
2270.000000,2762.779176
2272.000000,2763.869856
2274.000000,2764.963395
2276.000000,2766.059404
2278.000000,2767.158222
2280.000000,2768.259665
2282.000000,2769.364021
2284.000000,2770.471106
2286.000000,2771.580896
2288.000000,2772.693571
2290.000000,2773.809003
2292.000000,2774.927424
2294.000000,2776.048576
2296.000000,2777.172691
2298.000000,2778.299823
2300.000000,2779.429919
2302.000000,2780.563134
2304.000000,2781.699288
2306.000000,2782.838483
2308.000000,2783.980747
2310.000000,2785.125819
2312.000000,2786.274348
2314.000000,2787.425946
2316.000000,2788.580716
2318.000000,2789.738761
2320.000000,2790.899849
2322.000000,2792.064317
2324.000000,2793.232399
2326.000000,2794.403263
2328.000000,2795.577740
2330.000000,2796.755572
2332.000000,2797.936550
2334.000000,2799.121168
2336.000000,2800.309192
2338.000000,2801.500830
2340.000000,2802.695926
2342.000000,2803.894531
2344.000000,2805.096569
2346.000000,2806.302273
2348.000000,2807.511825
2350.000000,2808.724757
2352.000000,2809.941615
2354.000000,2811.161879
2356.000000,2812.386095
2358.000000,2813.614030
2360.000000,2814.845942
2362.000000,2816.081520
2364.000000,2817.320998
2366.000000,2818.564376
2368.000000,2819.811836
2370.000000,2821.062832
2372.000000,2822.318405
2374.000000,2823.577565
2376.000000,2824.840989
2378.000000,2826.108521
2380.000000,2827.380214
2382.000000,2828.655988
2384.000000,2829.935844
2386.000000,2831.220277
2388.000000,2832.508583
2390.000000,2833.801335
2392.000000,2835.098300
2394.000000,2836.399814
2396.000000,2837.705879
2398.000000,2839.016051
2400.000000,2840.330592
2402.000000,2841.650072
2404.000000,2842.974025
2406.000000,2844.302397
2408.000000,2845.635424
2410.000000,2846.972922
2412.000000,2848.315283
2414.000000,2849.662298
2416.000000,2851.014070
2418.000000,2852.370783
2420.000000,2853.731994
2422.000000,2855.098691
2424.000000,2856.469911
2426.000000,2857.845890
2428.000000,2859.227147
2430.000000,2860.613292
2432.000000,2862.004611
2434.000000,2863.400766
2436.000000,2864.802563
2438.000000,2866.209248
2440.000000,2867.621107
2442.000000,2869.038270
2444.000000,2870.460685
2446.000000,2871.888378
2448.000000,2873.321947
2450.000000,2874.760274
2452.000000,2876.204243
2454.000000,2877.653984
2456.000000,2879.109107
2458.000000,2880.569587
2460.000000,2882.035994
2462.000000,2883.508199
2464.000000,2884.986098
2466.000000,2886.469588
2468.000000,2887.958771
2470.000000,2889.454038
2472.000000,2890.955182
2474.000000,2892.462123
2476.000000,2893.975279
2478.000000,2895.494388
2480.000000,2897.019400
2482.000000,2898.550807
2484.000000,2900.088117
2486.000000,2901.631849
2488.000000,2903.181768
2490.000000,2904.738006
2492.000000,2906.300510
2494.000000,2907.869488
2496.000000,2909.444861
2498.000000,2911.027073
2500.000000,2912.615655
2502.000000,2914.210529
2504.000000,2915.812371
2506.000000,2917.420895
2508.000000,2919.035893
2510.000000,2920.657911
2512.000000,2922.286403
2514.000000,2923.922045
2516.000000,2925.565045
2518.000000,2927.214675
2520.000000,2928.871533
2522.000000,2930.534944
2524.000000,2932.206050
2526.000000,2933.884410
2528.000000,2935.569660
2530.000000,2937.262139
2532.000000,2938.962339
2534.000000,2940.669898
2536.000000,2942.384788
2538.000000,2944.107375
2540.000000,2945.837501
2542.000000,2947.575220
2544.000000,2949.320660
2546.000000,2951.073641
2548.000000,2952.834760
2550.000000,2954.603419
2552.000000,2956.380007
2554.000000,2958.164682
2556.000000,2959.957287
2558.000000,2961.758342
2560.000000,2963.567249
2562.000000,2965.384710
2564.000000,2967.209737
2566.000000,2969.043448
2568.000000,2970.885479
2570.000000,2972.736116
2572.000000,2974.595203
2574.000000,2976.462533
2576.000000,2978.338572
2578.000000,2980.223763
2580.000000,2982.117353
2582.000000,2984.019600
2584.000000,2985.931155
2586.000000,2987.851317
2588.000000,2989.780397
2590.000000,2991.718758
2592.000000,2993.665700
2594.000000,2995.622313
2596.000000,2997.588261
2598.000000,2999.563283
2600.000000,3001.547509
2602.000000,3003.541407
2604.000000,3005.544976
2606.000000,3007.557620
2608.000000,3009.580118
2610.000000,3011.612548
2612.000000,3013.654469
2614.000000,3015.705827
2616.000000,3017.767611
2618.000000,3019.839691
2620.000000,3021.921443
2622.000000,3024.012972
2624.000000,3026.114666
2626.000000,3028.227229
2628.000000,3030.349645
2630.000000,3032.482514
2632.000000,3034.625522
2634.000000,3036.779139
2636.000000,3038.943728
2638.000000,3041.119054
2640.000000,3043.304495
2642.000000,3045.501090
2644.000000,3047.708397
2646.000000,3049.926312
2648.000000,3052.155927
2650.000000,3054.396202
2652.000000,3056.647839
2654.000000,3058.910526
2656.000000,3061.184836
2658.000000,3063.470091
2660.000000,3065.766942
2662.000000,3068.075130
2664.000000,3070.395069
2666.000000,3072.726423
2668.000000,3075.070048
2670.000000,3077.425452
2672.000000,3079.792556
2674.000000,3082.171515
2676.000000,3084.562591
2678.000000,3086.965809
2680.000000,3089.381221
2682.000000,3091.808801
2684.000000,3094.248939
2686.000000,3096.701271
2688.000000,3099.166005
2690.000000,3101.643584
2692.000000,3104.133642
2694.000000,3106.636570
2696.000000,3109.152317
2698.000000,3111.680777
2700.000000,3114.222420
2702.000000,3116.776724
2704.000000,3119.344627
2706.000000,3121.925322
2708.000000,3124.519537
2710.000000,3127.126986
2712.000000,3129.747643
2714.000000,3132.382210
2716.000000,3135.029959
2718.000000,3137.691722
2720.000000,3140.367499
2722.000000,3143.056874
2724.000000,3145.760160
2726.000000,3148.477485
2728.000000,3151.208903
2730.000000,3153.954152
2732.000000,3156.713650
2734.000000,3159.487370
2736.000000,3162.275727
2738.000000,3165.079009
2740.000000,3167.896487
2742.000000,3170.728551
2744.000000,3173.575487
2746.000000,3176.436619
2748.000000,3179.312780
2750.000000,3182.204956
2752.000000,3185.111354
2754.000000,3188.033171
2756.000000,3190.969391
2758.000000,3193.921160
2760.000000,3196.888996
2762.000000,3199.871939
2764.000000,3202.870508
2766.000000,3205.883975
2768.000000,3208.913900
2770.000000,3211.959633
2772.000000,3215.020862
2774.000000,3218.097457
2776.000000,3221.190693
2778.000000,3224.300464
2780.000000,3227.425575
2782.000000,3230.566625
2784.000000,3233.725381
2786.000000,3236.899710
2788.000000,3240.090030
2790.000000,3243.297692
2792.000000,3246.521812
2794.000000,3249.762078
2796.000000,3253.019634
2798.000000,3256.294558
2800.000000,3259.585134
2802.000000,3262.893521
2804.000000,3266.219275
2806.000000,3269.560994
2808.000000,3272.921380
2810.000000,3276.298277
2812.000000,3279.691866
2814.000000,3283.104435
2816.000000,3286.533306
2818.000000,3289.980429
2820.000000,3293.444972
2822.000000,3296.926779
2824.000000,3300.427696
2826.000000,3303.944812
2828.000000,3307.481037
2830.000000,3311.034787
2832.000000,3314.606346
2834.000000,3318.197016
2836.000000,3321.804508
2838.000000,3325.431786
2840.000000,3329.075990
2842.000000,3332.739642
2844.000000,3336.420558
2846.000000,3340.121469
2848.000000,3343.839617
2850.000000,3347.577187
2852.000000,3351.332958
2854.000000,3355.108255
2856.000000,3358.901205
2858.000000,3362.714124
2860.000000,3366.544775
2862.000000,3370.395628
2864.000000,3374.264187
2866.000000,3378.153105
2868.000000,3382.059780
2870.000000,3385.987151
2872.000000,3389.932307
2874.000000,3393.897534
2876.000000,3397.882080
2878.000000,3401.885320
2880.000000,3405.908684
2882.000000,3409.950586
2884.000000,3414.012664
2886.000000,3418.093774
2888.000000,3422.194306
2890.000000,3426.315145
2892.000000,3430.454625
2894.000000,3434.614412
2896.000000,3438.793672
2898.000000,3442.992251
2900.000000,3447.211422
2902.000000,3451.449313
2904.000000,3455.706964
2906.000000,3459.985233
2908.000000,3464.282300
2910.000000,3468.599544
2912.000000,3472.937145
2914.000000,3477.293675
2916.000000,3481.670510
2918.000000,3486.067600
2920.000000,3490.483540
2922.000000,3494.919656
2924.000000,3499.375792
2926.000000,3503.851896
2928.000000,3508.346902
2930.000000,3512.862969
2932.000000,3517.398821
2934.000000,3521.953992
2936.000000,3526.528454
2938.000000,3531.123431
2940.000000,3535.738116
2942.000000,3540.372509
2944.000000,3545.025934
2946.000000,3549.699795
2948.000000,3554.393442
2950.000000,3559.106901
2952.000000,3563.839107
2954.000000,3568.591436
2956.000000,3573.362694
2958.000000,3578.154543
2960.000000,3582.965035
2962.000000,3587.794819
2964.000000,3592.644181
2966.000000,3597.513147
2968.000000,3602.400911
2970.000000,3607.308540
2972.000000,3612.235174
2974.000000,3617.179696
2976.000000,3622.144161
2978.000000,3627.127736
2980.000000,3632.129562
2982.000000,3637.150603
2984.000000,3642.190442
2986.000000,3647.248923
2988.000000,3652.325058
2990.000000,3657.419497
2992.000000,3662.533359
2994.000000,3667.665446
2996.000000,3672.815317
2998.000000,3677.982739
3000.000000,3683.168231
3002.000000,3688.372546
3004.000000,3693.594048
3006.000000,3698.833412
3008.000000,3704.089806
3010.000000,3709.363516
3012.000000,3714.654308
3014.000000,3719.962235
3016.000000,3725.286593
3018.000000,3730.628657
3020.000000,3735.987440
3022.000000,3741.362810
3024.000000,3746.754275
3026.000000,3752.162146
3028.000000,3757.586137
3030.000000,3763.025779
3032.000000,3768.481464
3034.000000,3773.952568
3036.000000,3779.439245
3038.000000,3784.941002
3040.000000,3790.457553
3042.000000,3795.989236
3044.000000,3801.535480
3046.000000,3807.096023
3048.000000,3812.671439
3050.000000,3818.261389
3052.000000,3823.865378
3054.000000,3829.482706
3056.000000,3835.113710
3058.000000,3840.757792
3060.000000,3846.414588
3062.000000,3852.084436
3064.000000,3857.766634
3066.000000,3863.462534
3068.000000,3869.170550
3070.000000,3874.890293
3072.000000,3880.621319
3074.000000,3886.363473
3076.000000,3892.117016
3078.000000,3897.883116
3080.000000,3903.659383
3082.000000,3909.445555
3084.000000,3915.241998
3086.000000,3921.049647
3088.000000,3926.866942
3090.000000,3932.692478
3092.000000,3938.527323
3094.000000,3944.373010
3096.000000,3950.226133
3098.000000,3956.087628
3100.000000,3961.958535
3102.000000,3967.836462
3104.000000,3973.720837
3106.000000,3979.614156
3108.000000,3985.514469
3110.000000,3991.420893
3112.000000,3997.334960
3114.000000,4003.253889
3116.000000,4009.178720
3118.000000,4015.110104
3120.000000,4021.046193
3122.000000,4026.988393
3124.000000,4032.933764
3126.000000,4038.883373
3128.000000,4044.837897
3130.000000,4050.797230
3132.000000,4056.759138
3134.000000,4062.722111
3136.000000,4068.690727
3138.000000,4074.661578
3140.000000,4080.634198
3142.000000,4086.606505
3144.000000,4092.583415
3146.000000,4098.561052
3148.000000,4104.539392
3150.000000,4110.516406
3152.000000,4116.495421
3154.000000,4122.475607
3156.000000,4128.453270
3158.000000,4134.430908
3160.000000,4140.408077
3162.000000,4146.383999
3164.000000,4152.355630
3166.000000,4158.327262
3168.000000,4164.298243
3170.000000,4170.262569
3172.000000,4176.226868
3174.000000,4182.188594
3176.000000,4188.143715
3178.000000,4194.096159
3180.000000,4200.045872
3182.000000,4205.987968
3184.000000,4211.926241
3186.000000,4217.861030
3188.000000,4223.786954
3190.000000,4229.708093
3192.000000,4235.625644
3194.000000,4241.531625
3196.000000,4247.434512
3198.000000,4253.330588
3200.000000,4259.215483
3202.000000,4265.096296
3204.000000,4270.966475
3206.000000,4276.827372
3208.000000,4282.683017
3210.000000,4288.524024
3212.000000,4294.360766
3214.000000,4300.186017
3216.000000,4305.999360
3218.000000,4311.805631
3220.000000,4317.596015
3222.000000,4323.381122
3224.000000,4329.152422
3226.000000,4334.910541
3228.000000,4340.660625
3230.000000,4346.393654
3232.000000,4352.119038
3234.000000,4357.826586
3236.000000,4363.525320
3238.000000,4369.209183
3240.000000,4374.877211
3242.000000,4380.535879
3244.000000,4386.175566
3246.000000,4391.805764
3248.000000,4397.415656
3250.000000,4403.016552
3252.000000,4408.595113
3254.000000,4414.165381
3256.000000,4419.713652
3258.000000,4425.251264
3260.000000,4430.768179
3262.000000,4436.271444
3264.000000,4441.756327
3266.000000,4447.224856
3268.000000,4452.675705
3270.000000,4458.109316
3272.000000,4463.524831
3274.000000,4468.922821
3276.000000,4474.302014
3278.000000,4479.663657
3280.000000,4485.005617
3282.000000,4490.330183
3284.000000,4495.633534
3286.000000,4500.920790
3288.000000,4506.183788
3290.000000,4511.433110
3292.000000,4516.655625
3294.000000,4521.866155
3296.000000,4527.048423
3298.000000,4532.217768
3300.000000,4537.359398
3302.000000,4542.486597
3304.000000,4547.587536
3306.000000,4552.671030
3308.000000,4557.732475
3310.000000,4562.770129
3312.000000,4567.791196
3314.000000,4572.783169
3316.000000,4577.761206
3318.000000,4582.709758
3320.000000,4587.642606
3322.000000,4592.550001
3324.000000,4597.433553
3326.000000,4602.299477
3328.000000,4607.135449
3330.000000,4611.956133
3332.000000,4616.748216
3334.000000,4621.519474
3336.000000,4626.269723
3338.000000,4630.990463
3340.000000,4635.695836
3342.000000,4640.371647
3344.000000,4645.025930
3346.000000,4649.658867
3348.000000,4654.262034
3350.000000,4658.848301
3352.000000,4663.406695
3354.000000,4667.939271
3356.000000,4672.454636
3358.000000,4676.938176
3360.000000,4681.402216
3362.000000,4685.842778
3364.000000,4690.252946
3366.000000,4694.645979
3368.000000,4699.011765
3370.000000,4703.349081
3372.000000,4707.669236
3374.000000,4711.960323
3376.000000,4716.224630
3378.000000,4720.471439
3380.000000,4724.687750
3382.000000,4728.879179
3384.000000,4733.051757
3386.000000,4737.193344
3388.000000,4741.310776
3390.000000,4745.408890
3392.000000,4749.476533
3394.000000,4753.519137
3396.000000,4757.542916
3398.000000,4761.536718
3400.000000,4765.503844
3402.000000,4769.453523
3404.000000,4773.373849
3406.000000,4777.266354
3408.000000,4781.140165
3410.000000,4784.987404
3412.000000,4788.805393
3414.000000,4792.603700
3416.000000,4796.378164
3418.000000,4800.123119
3420.000000,4803.844257
3422.000000,4807.545376
3424.000000,4811.218388
3426.000000,4814.863996
3428.000000,4818.490364
3430.000000,4822.091642
3432.000000,4825.664345
3434.000000,4829.213961
3436.000000,4832.743296
3438.000000,4836.244994
3440.000000,4839.719469
3442.000000,4843.174236
3444.000000,4846.605473
3446.000000,4850.009618
3448.000000,4853.387658
3450.000000,4856.746407
3452.000000,4860.080767
3454.000000,4863.388296
3456.000000,4866.670890
3458.000000,4869.934400
3460.000000,4873.173158
3462.000000,4876.385448
3464.000000,4879.573142
3466.000000,4882.742063
3468.000000,4885.886389
3470.000000,4889.005052
3472.000000,4892.099172
3474.000000,4895.174051
3476.000000,4898.225816
3478.000000,4901.251945
3480.000000,4904.253088
3482.000000,4907.234757
3484.000000,4910.195157
3486.000000,4913.130546
3488.000000,4916.041390
3490.000000,4918.929692
3492.000000,4921.799821
3494.000000,4924.645925
3496.000000,4927.468395
3498.000000,4930.266216
3500.000000,4933.044850
3502.000000,4935.803152
3504.000000,4938.538339
3506.000000,4941.249971
3508.000000,4943.938488
3510.000000,4946.608337
3512.000000,4949.257490
3514.000000,4951.883815
3516.000000,4954.487468
3518.000000,4957.068631
3520.000000,4959.631386
3522.000000,4962.174250
3524.000000,4964.695067
3526.000000,4967.193445
3528.000000,4969.669983
3530.000000,4972.127541
3532.000000,4974.566249
3534.000000,4976.983767
3536.000000,4979.379653
3538.000000,4981.754505
3540.000000,4984.108947
3542.000000,4986.445890
3544.000000,4988.763048
3546.000000,4991.059535
3548.000000,4993.335118
3550.000000,4995.590499
3552.000000,4997.826302
3554.000000,5000.045751
3556.000000,5002.245128
3558.000000,5004.424381
3560.000000,5006.584134
3562.000000,5008.724152
3564.000000,5010.845217
3566.000000,5012.950031
3568.000000,5015.035788
3570.000000,5017.102616
3572.000000,5019.150230
3574.000000,5021.179202
3576.000000,5023.189220
3578.000000,5025.182572
3580.000000,5027.159127
3582.000000,5029.117301
3584.000000,5031.057067
3586.000000,5032.978814
3588.000000,5034.882596
3590.000000,5036.768255
3592.000000,5038.638626
3594.000000,5040.491889
3596.000000,5042.328174
3598.000000,5044.146727
3600.000000,5045.947912
3602.000000,5047.731989
3604.000000,5049.499218
3606.000000,5051.250327
3608.000000,5052.986641
3610.000000,5054.705952
3612.000000,5056.408986
3614.000000,5058.095484
3616.000000,5059.765811
3618.000000,5061.419913
3620.000000,5063.057687
3622.000000,5064.680771
3624.000000,5066.289581
3626.000000,5067.882375
3628.000000,5069.459205
3630.000000,5071.021110
3632.000000,5072.567364
3634.000000,5074.098382
3636.000000,5075.614085
3638.000000,5077.115228
3640.000000,5078.602800
3642.000000,5080.075967
3644.000000,5081.534392
3646.000000,5082.978153
3648.000000,5084.407589
3650.000000,5085.822515
3652.000000,5087.222960
3654.000000,5088.609677
3656.000000,5089.982484
3658.000000,5091.341511
3660.000000,5092.687771
3662.000000,5094.020590
3664.000000,5095.339941
3666.000000,5096.645303
3668.000000,5097.937535
3670.000000,5099.216690
3672.000000,5100.482272
3674.000000,5101.734880
3676.000000,5102.974384
3678.000000,5104.201278
3680.000000,5105.416602
3682.000000,5106.619160
3684.000000,5107.809160
3686.000000,5108.986680
3688.000000,5110.151746
3690.000000,5111.304747
3692.000000,5112.445503
3694.000000,5113.574273
3696.000000,5114.691108
3698.000000,5115.795880
3700.000000,5116.888873
3702.000000,5117.970478
3704.000000,5119.041086
3706.000000,5120.100695
3708.000000,5121.148448
3710.000000,5122.185125
3712.000000,5123.210336
3714.000000,5124.224679
3716.000000,5125.227660
3718.000000,5126.219929
3720.000000,5127.201512
3722.000000,5128.171993
3724.000000,5129.132204
3726.000000,5130.081650
3728.000000,5131.020827
3730.000000,5131.949786
3732.000000,5132.869150
3734.000000,5133.777803
3736.000000,5134.676367
3738.000000,5135.565077
3740.000000,5136.443674
3742.000000,5137.312624
3744.000000,5138.171642
3746.000000,5139.020963
3748.000000,5139.860689
3750.000000,5140.691107
3752.000000,5141.511801
3754.000000,5142.322875
3756.000000,5143.125083
3758.000000,5143.918217
3760.000000,5144.702147
3762.000000,5145.477366
3764.000000,5146.243746
3766.000000,5147.001130
3768.000000,5147.749830
3770.000000,5148.489741
3772.000000,5149.221151
3774.000000,5149.943903
3776.000000,5150.658178
3778.000000,5151.364004
3780.000000,5152.061535
3782.000000,5152.750954
3784.000000,5153.432080
3786.000000,5154.105041
3788.000000,5154.770020
3790.000000,5155.427174
3792.000000,5156.076215
3794.000000,5156.717794
3796.000000,5157.351235
3798.000000,5157.977240
3800.000000,5158.596147
3802.000000,5159.207124
3804.000000,5159.810873
3806.000000,5160.407134
3808.000000,5160.996271
3810.000000,5161.578076
3812.000000,5162.152783
3814.000000,5162.720366
3816.000000,5163.280642
3818.000000,5163.834341
3820.000000,5164.380916
3822.000000,5164.920679
3824.000000,5165.453733
3826.000000,5165.980210
3828.000000,5166.499796
3830.000000,5167.013143
3832.000000,5167.519755
3834.000000,5168.019920
3836.000000,5168.513922
3838.000000,5169.001373
3840.000000,5169.482635
3842.000000,5169.957683
3844.000000,5170.426830
3846.000000,5170.889892
3848.000000,5171.346636
3850.000000,5171.797687
3852.000000,5172.242835
3854.000000,5172.682107
3856.000000,5173.115997
3858.000000,5173.543777
3860.000000,5173.965915
3862.000000,5174.382801
3864.000000,5174.794123
3866.000000,5175.199933
3868.000000,5175.600205
3870.000000,5175.995095
3872.000000,5176.384837
3874.000000,5176.769249
3876.000000,5177.148279
3878.000000,5177.522291
3880.000000,5177.891467
3882.000000,5178.255416
3884.000000,5178.614114
3886.000000,5178.968158
3888.000000,5179.317522
3890.000000,5179.661633
3892.000000,5180.001247
3894.000000,5180.335999
3896.000000,5180.666174
3898.000000,5180.991774
3900.000000,5181.312980
3902.000000,5181.629193
3904.000000,5181.941377
3906.000000,5182.248854
3908.000000,5182.552016
3910.000000,5182.851121
3912.000000,5183.145469
3914.000000,5183.436098
3916.000000,5183.722230
3918.000000,5184.004487
3920.000000,5184.282740
3922.000000,5184.556392
3924.000000,5184.826689
3926.000000,5185.092618
3928.000000,5185.354778
3930.000000,5185.613141
3932.000000,5185.867474
3934.000000,5186.118219
3936.000000,5186.365325
3938.000000,5186.608738
3940.000000,5186.848537
3942.000000,5187.084566
3944.000000,5187.316877
3946.000000,5187.546120
3948.000000,5187.771568
3950.000000,5187.993739
3952.000000,5188.212556
3954.000000,5188.428071
3956.000000,5188.639998
3958.000000,5188.848727
3960.000000,5189.054492
3962.000000,5189.256643
3964.000000,5189.456012
3966.000000,5189.652157
3968.000000,5189.845182
3970.000000,5190.035243
3972.000000,5190.222054
3974.000000,5190.406291
3976.000000,5190.587329
3978.000000,5190.765508
3980.000000,5190.940931
3982.000000,5191.113416
3984.000000,5191.283353
3986.000000,5191.450040
3988.000000,5191.614569
3990.000000,5191.776159
3992.000000,5191.935072
3994.000000,5192.091255
3996.000000,5192.245202
3998.000000,5192.396314
4000.000000,5192.545191
4002.000000,5192.691598
4004.000000,5192.835249
4006.000000,5192.976507
4008.000000,5193.115608
4010.000000,5193.252187
4012.000000,5193.386685
4014.000000,5193.518818
4016.000000,5193.648377
4018.000000,5193.776063
4020.000000,5193.901592
4022.000000,5194.024520
4024.000000,5194.145447
4026.000000,5194.264294
4028.000000,5194.381086
4030.000000,5194.496241
4032.000000,5194.608899
4034.000000,5194.719504
4036.000000,5194.828392
4038.000000,5194.935253
4040.000000,5195.040215
4042.000000,5195.143280
4044.000000,5195.244420
4046.000000,5195.343741
4048.000000,5195.441423
4050.000000,5195.537364
4052.000000,5195.631224
4054.000000,5195.723577
4056.000000,5195.814057
4058.000000,5195.902900
4060.000000,5195.990078
4062.000000,5196.076035
4064.000000,5196.159781
4066.000000,5196.242201
4068.000000,5196.323192
4070.000000,5196.402284
4072.000000,5196.480259
4074.000000,5196.556569
4076.000000,5196.631397
4078.000000,5196.704484
4080.000000,5196.776738
4082.000000,5196.847354
4084.000000,5196.916437
4086.000000,5196.984323
4088.000000,5197.050753
4090.000000,5197.115702
4092.000000,5197.179584
4094.000000,5197.242244
4096.000000,5197.303631
4098.000000,5197.363769
4100.000000,5197.422451
4102.000000,5197.480302
4104.000000,5197.536904
4106.000000,5197.591998
4108.000000,5197.646390
4110.000000,5197.699249
4112.000000,5197.751197
4114.000000,5197.802183
4116.000000,5197.851999
4118.000000,5197.900750
4120.000000,5197.948486
4122.000000,5197.995208
4124.000000,5198.040838
4126.000000,5198.085507
4128.000000,5198.129499
4130.000000,5198.172113
4132.000000,5198.214051
4134.000000,5198.255053
4136.000000,5198.295172
4138.000000,5198.334302
4140.000000,5198.372678
4142.000000,5198.410274
4144.000000,5198.446752
4146.000000,5198.482580
4148.000000,5198.517759
4150.000000,5198.551949
4152.000000,5198.585281
4154.000000,5198.617989
4156.000000,5198.650151
4158.000000,5198.681221
4160.000000,5198.711668
4162.000000,5198.741490
4164.000000,5198.770428
4166.000000,5198.798820
4168.000000,5198.826432
4170.000000,5198.853550
4172.000000,5198.879914
4174.000000,5198.905785
4176.000000,5198.930875
4178.000000,5198.955653
4180.000000,5198.979495
4182.000000,5199.002895
4184.000000,5199.025853
4186.000000,5199.048135
4188.000000,5199.069715
4190.000000,5199.090516
4192.000000,5199.111316
4194.000000,5199.131648
4196.000000,5199.150966
4198.000000,5199.170206
4200.000000,5199.188848
4202.000000,5199.207048
4204.000000,5199.224624
4206.000000,5199.242044
4208.000000,5199.258788
4210.000000,5199.275012
4212.000000,5199.290976
4214.000000,5199.306577
4216.000000,5199.321735
4218.000000,5199.336607
4220.000000,5199.350751
4222.000000,5199.364635
4224.000000,5199.378337
4226.000000,5199.391597
4228.000000,5199.404493
4230.000000,5199.416817
4232.000000,5199.428933
4234.000000,5199.440841
4236.000000,5199.452515
4238.000000,5199.463721
4240.000000,5199.474537
4242.000000,5199.484937
4244.000000,5199.495338
4246.000000,5199.505582
4248.000000,5199.515462
4250.000000,5199.524484
4252.000000,5199.533766
4254.000000,5199.542944
4256.000000,5199.551524
4258.000000,5199.559948
4260.000000,5199.568346
4262.000000,5199.576146
4264.000000,5199.583946
4266.000000,5199.591330
4268.000000,5199.598844
4270.000000,5199.605838
4272.000000,5199.612702
4274.000000,5199.619306
4276.000000,5199.625962
4278.000000,5199.632306
4280.000000,5199.638546
4282.000000,5199.644526
4284.000000,5199.650038
4286.000000,5199.655966
4288.000000,5199.661244
4290.000000,5199.666782
4292.000000,5199.671618
4294.000000,5199.676714
4296.000000,5199.681498
4298.000000,5199.686594
4300.000000,5199.691014
4302.000000,5199.695590
4304.000000,5199.699855
4306.000000,5199.704249
4308.000000,5199.708253
4310.000000,5199.712231
4312.000000,5199.716053
4314.000000,5199.720109
4316.000000,5199.723567
4318.000000,5199.727129
4320.000000,5199.730509
4322.000000,5199.734149
4324.000000,5199.737607
4326.000000,5199.740727
4328.000000,5199.743847
4330.000000,5199.746551
4332.000000,5199.749567
4334.000000,5199.752687
4336.000000,5199.755651
4338.000000,5199.758251
4340.000000,5199.761007
4342.000000,5199.763711
4344.000000,5199.766155
4346.000000,5199.768651
4348.000000,5199.771251
4350.000000,5199.773591
4352.000000,5199.775749
4354.000000,5199.778271
4356.000000,5199.780429
4358.000000,5199.782795
4360.000000,5199.784875
4362.000000,5199.786955
4364.000000,5199.789035
4366.000000,5199.791115
4368.000000,5199.793195
4370.000000,5199.795275
4372.000000,5199.797173
4374.000000,5199.798915
4376.000000,5199.800995
4378.000000,5199.802633
4380.000000,5199.804635
4382.000000,5199.806273
4384.000000,5199.808275
4386.000000,5199.810173
4388.000000,5199.811733
4390.000000,5199.813475
4392.000000,5199.815113
4394.000000,5199.817115
4396.000000,5199.818753
4398.000000,5199.820131
4400.000000,5199.821795
4402.000000,5199.823433
4404.000000,5199.825253
4406.000000,5199.826813
4408.000000,5199.828555
4410.000000,5199.830193
4412.000000,5199.831753
4414.000000,5199.833313
4416.000000,5199.834691
4418.000000,5199.836173
4420.000000,5199.837733
4422.000000,5199.839293
4424.000000,5199.840853
4426.000000,5199.842413
4428.000000,5199.843973
4430.000000,5199.845533
4432.000000,5199.847093
4434.000000,5199.848653
4436.000000,5199.850213
4438.000000,5199.851513
4440.000000,5199.853073
4442.000000,5199.854633
4444.000000,5199.856193
4446.000000,5199.857753
4448.000000,5199.859313
4450.000000,5199.860873
4452.000000,5199.862433
4454.000000,5199.863993
4456.000000,5199.865553
4458.000000,5199.866931
4460.000000,5199.868413
4462.000000,5199.869973
4464.000000,5199.871533
4466.000000,5199.873093
4468.000000,5199.874653
4470.000000,5199.876213
4472.000000,5199.877773
4474.000000,5199.879333
4476.000000,5199.880893
4478.000000,5199.882453
4480.000000,5199.883753
4482.000000,5199.885313
4484.000000,5199.886873
4486.000000,5199.888433
4488.000000,5199.889993
4490.000000,5199.891553
4492.000000,5199.893113
4494.000000,5199.894673
4496.000000,5199.896051
4498.000000,5199.897533
4500.000000,5199.899094
4502.000000,5199.900654
4504.000000,5199.902214
4506.000000,5199.903514
4508.000000,5199.905074
4510.000000,5199.906452
4512.000000,5199.907934
4514.000000,5199.909494
4516.000000,5199.910794
4518.000000,5199.912354
4520.000000,5199.913732
4522.000000,5199.915214
4524.000000,5199.916774
4526.000000,5199.918334
4528.000000,5199.919894
4530.000000,5199.921194
4532.000000,5199.922572
4534.000000,5199.924028
4536.000000,5199.925302
4538.000000,5199.926862
4540.000000,5199.928422
4542.000000,5199.929852
4544.000000,5199.931022
4546.000000,5199.932452
4548.000000,5199.933622
4550.000000,5199.935182
4552.000000,5199.936612
4554.000000,5199.937652
4556.000000,5199.939082
4558.000000,5199.940642
4560.000000,5199.941812
4562.000000,5199.942982
4564.000000,5199.944412
4566.000000,5199.945842
4568.000000,5199.947012
4570.000000,5199.948182
4572.000000,5199.949612
4574.000000,5199.950652
4576.000000,5199.952082
4578.000000,5199.952966
4580.000000,5199.954292
4582.000000,5199.955332
4584.000000,5199.956762
4586.000000,5199.957932
4588.000000,5199.958972
4590.000000,5199.960012
4592.000000,5199.961052
4594.000000,5199.962092
4596.000000,5199.963132
4598.000000,5199.964172
4600.000000,5199.965212
4602.000000,5199.966252
4604.000000,5199.967292
4606.000000,5199.968332
4608.000000,5199.969372
4610.000000,5199.970412
4612.000000,5199.971452
4614.000000,5199.972206
4616.000000,5199.973116
4618.000000,5199.974052
4620.000000,5199.974936
4622.000000,5199.975846
4624.000000,5199.976652
4626.000000,5199.977276
4628.000000,5199.978212
4630.000000,5199.978836
4632.000000,5199.979772
4634.000000,5199.980396
4636.000000,5199.981332
4638.000000,5199.981956
4640.000000,5199.982736
4642.000000,5199.983256
4644.000000,5199.984166
4646.000000,5199.984816
4648.000000,5199.985492
4650.000000,5199.986116
4652.000000,5199.986636
4654.000000,5199.987416
4656.000000,5199.987676
4658.000000,5199.988196
4660.000000,5199.988976
4662.000000,5199.989496
4664.000000,5199.989756
4666.000000,5199.990536
4668.000000,5199.990796
4670.000000,5199.991316
4672.000000,5199.991836
4674.000000,5199.992356
4676.000000,5199.992720
4678.000000,5199.992876
4680.000000,5199.993240
4682.000000,5199.993812
4684.000000,5199.994280
4686.000000,5199.994436
4688.000000,5199.994800
4690.000000,5199.994956
4692.000000,5199.995476
4694.000000,5199.995840
4696.000000,5199.995996
4698.000000,5199.996360
4700.000000,5199.996360
4702.000000,5199.996776
4704.000000,5199.997036
4706.000000,5199.997400
4708.000000,5199.997400
4710.000000,5199.997556
4712.000000,5199.997920
4714.000000,5199.997920
4716.000000,5199.997920
4718.000000,5199.998336
4720.000000,5199.998440
4722.000000,5199.998596
4724.000000,5199.998960
4726.000000,5199.998960
4728.000000,5199.998960
4730.000000,5199.998960
4732.000000,5199.998960
4734.000000,5199.999376
4736.000000,5199.999480
4738.000000,5199.999480
4740.000000,5199.999480
4742.000000,5199.999480
4744.000000,5199.999480
4746.000000,5199.999480
4748.000000,5199.999480
4750.000000,5199.999480
4752.000000,5199.999480
4754.000000,5199.999480
4756.000000,5199.999636
4758.000000,5200.000000
4760.000000,5200.000000
4762.000000,5200.000000
4764.000000,5200.000000
4766.000000,5200.000000
4768.000000,5200.000000
4770.000000,5200.000000
4772.000000,5200.000000
4774.000000,5200.000000
4776.000000,5200.000000
4778.000000,5200.000000
4780.000000,5200.000000
4782.000000,5200.000000
4784.000000,5200.000000
4786.000000,5200.000000
4788.000000,5200.000000
4790.000000,5200.000000
4792.000000,5200.000000
4794.000000,5200.000000
4796.000000,5200.000000
4798.000000,5200.000000
4800.000000,5200.000000
4802.000000,5200.000000
4804.000000,5200.000000
4806.000000,5200.000000
4808.000000,5200.000000
4810.000000,5200.000000
4812.000000,5200.000000
4814.000000,5200.000000
4816.000000,5200.000000
4818.000000,5200.000000
4820.000000,5200.000000
4822.000000,5200.000000
4824.000000,5200.000000
4826.000000,5200.000000
4828.000000,5200.000000
4830.000000,5200.000000
4832.000000,5200.000000
4834.000000,5200.000000
4836.000000,5200.000000
4838.000000,5200.000000
4840.000000,5200.000000
4842.000000,5200.000000
4844.000000,5200.000000
4846.000000,5200.000000
4848.000000,5200.000000
4850.000000,5200.000000
4852.000000,5200.000000
4854.000000,5200.000000
4856.000000,5200.000000
4858.000000,5200.000000
4860.000000,5200.000000
4862.000000,5200.000000
4864.000000,5200.000000
4866.000000,5200.000000
4868.000000,5200.000000
4870.000000,5200.000000
4872.000000,5200.000000
4874.000000,5200.000000
4876.000000,5200.000000
4878.000000,5200.000000
4880.000000,5200.000000
4882.000000,5200.000000
4884.000000,5200.000000
4886.000000,5200.000000
4888.000000,5200.000000
4890.000000,5200.000000
4892.000000,5200.000000
4894.000000,5200.000000
4896.000000,5200.000000
4898.000000,5200.000000
4900.000000,5200.000000
4902.000000,5200.000000
4904.000000,5200.000000
4906.000000,5200.000000
4908.000000,5200.000000
4910.000000,5200.000000
4912.000000,5200.000000
4914.000000,5200.000000
4916.000000,5200.000000
4918.000000,5200.000000
4920.000000,5200.000000
4922.000000,5200.000000
4924.000000,5200.000000
4926.000000,5200.000000
4928.000000,5200.000000
4930.000000,5200.000000
4932.000000,5200.000000
4934.000000,5200.000000
4936.000000,5200.000000
4938.000000,5200.000000
4940.000000,5200.000000
4942.000000,5200.000000
4944.000000,5200.000000
4946.000000,5200.000000
4948.000000,5200.000000
4950.000000,5200.000000
4952.000000,5200.000000
4954.000000,5200.000000
4956.000000,5200.000000
4958.000000,5200.000000
4960.000000,5200.000000
4962.000000,5200.000000
4964.000000,5200.000000
4966.000000,5200.000000
4968.000000,5200.000000
4970.000000,5200.000000
4972.000000,5200.000000
4974.000000,5200.000000
4976.000000,5200.000000
4978.000000,5200.000000
4980.000000,5200.000000
4982.000000,5200.000000
4984.000000,5200.000000
4986.000000,5200.000000
4988.000000,5200.000000
4990.000000,5200.000000
4992.000000,5200.000000
4994.000000,5200.000000
4996.000000,5200.000000
4998.000000,5200.000000
5000.000000,5200.000000
5002.000000,5200.000000
5004.000000,5200.000000
5006.000000,5200.000000
5008.000000,5200.000000
5010.000000,5200.000000
5012.000000,5200.000000
5014.000000,5200.000000
5016.000000,5200.000000
5018.000000,5200.000000
5020.000000,5200.000000
5022.000000,5200.000000
5024.000000,5200.000000
5026.000000,5200.000000
5028.000000,5200.000000
5030.000000,5200.000000
5032.000000,5200.000000
5034.000000,5200.000000
5036.000000,5200.000000
5038.000000,5200.000000
5040.000000,5200.000000
5042.000000,5200.000000
5044.000000,5200.000000
5046.000000,5200.000000
5048.000000,5200.000000
5050.000000,5200.000000
5052.000000,5200.000000
5054.000000,5200.000000
5056.000000,5200.000000
5058.000000,5200.000000
5060.000000,5200.000000
5062.000000,5200.000000
5064.000000,5200.000000
5066.000000,5200.000000
5068.000000,5200.000000
5070.000000,5200.000000
5072.000000,5200.000000
5074.000000,5200.000000
5076.000000,5200.000000
5078.000000,5200.000000
5080.000000,5200.000000
5082.000000,5200.000000
5084.000000,5200.000000
5086.000000,5200.000000
5088.000000,5200.000000
5090.000000,5200.000000
5092.000000,5200.000000
5094.000000,5200.000000
5096.000000,5200.000000
5098.000000,5200.000000
5100.000000,5200.000000
5102.000000,5200.000000
5104.000000,5200.000000
5106.000000,5200.000000
5108.000000,5200.000000
5110.000000,5200.000000
5112.000000,5200.000000
5114.000000,5200.000000
5116.000000,5200.000000
5118.000000,5200.000000
5120.000000,5200.000000
5122.000000,5200.000000
5124.000000,5200.000000
5126.000000,5200.000000
5128.000000,5200.000000
5130.000000,5200.000000
5132.000000,5200.000000
5134.000000,5200.000000
5136.000000,5200.000000
5138.000000,5200.000000
5140.000000,5200.000000
5142.000000,5200.000000
5144.000000,5200.000000
5146.000000,5200.000000
5148.000000,5200.000000
5150.000000,5200.000000
5152.000000,5200.000000
5154.000000,5200.000000
5156.000000,5200.000000
5158.000000,5200.000000
5160.000000,5200.000000
5162.000000,5200.000000
5164.000000,5200.000000
5166.000000,5200.000000
5168.000000,5200.000000
5170.000000,5200.000000
5172.000000,5200.000000
5174.000000,5200.000000
5176.000000,5200.000000
5178.000000,5200.000000
5180.000000,5200.000000
5182.000000,5200.000000
5184.000000,5200.000000
5186.000000,5200.000000
5188.000000,5200.000000
5190.000000,5200.000000
5192.000000,5200.000000
5194.000000,5200.000000
5196.000000,5200.000000
5198.000000,5200.000000
5200.000000,5200.000000
5202.000000,5200.000000
5204.000000,5200.000000
5206.000000,5200.000000
5208.000000,5200.000000
5210.000000,5200.000000
5212.000000,5200.000000
5214.000000,5200.000000
5216.000000,5200.000000
5218.000000,5200.000000
5220.000000,5200.000000
5222.000000,5200.000000
5224.000000,5200.000000
5226.000000,5200.000000
5228.000000,5200.000000
5230.000000,5200.000000
5232.000000,5200.000000
5234.000000,5200.000000
5236.000000,5200.000000
5238.000000,5200.000000
5240.000000,5200.000000
5242.000000,5200.000000
5244.000000,5200.000000
5246.000000,5200.000000
5248.000000,5200.000000
5250.000000,5200.000000
5252.000000,5200.000000
5254.000000,5200.000000
5256.000000,5200.000000
5258.000000,5200.000000
5260.000000,5200.000000
5262.000000,5200.000000
5264.000000,5200.000000
5266.000000,5200.000000
5268.000000,5200.000000
5270.000000,5200.000000
5272.000000,5200.000000
5274.000000,5200.000000
5276.000000,5200.000000
5278.000000,5200.000000
5280.000000,5200.000000
5282.000000,5200.000000
5284.000000,5200.000000
5286.000000,5200.000000
5288.000000,5200.000000
5290.000000,5200.000000
5292.000000,5200.000000
5294.000000,5200.000000
5296.000000,5200.000000
5298.000000,5200.000000
5300.000000,5200.000000
5302.000000,5200.000000
5304.000000,5200.000000
5306.000000,5200.000000
5308.000000,5200.000000
5310.000000,5200.000000
5312.000000,5200.000000
5314.000000,5200.000000
5316.000000,5200.000000
5318.000000,5200.000000
5320.000000,5200.000000
5322.000000,5200.000000
5324.000000,5200.000000
5326.000000,5200.000000
5328.000000,5200.000000
5330.000000,5200.000000
5332.000000,5200.000000
5334.000000,5200.000000
5336.000000,5200.000000
5338.000000,5200.000000
5340.000000,5200.000000
5342.000000,5200.000000
5344.000000,5200.000000
5346.000000,5200.000000
5348.000000,5200.000000
5350.000000,5200.000000
5352.000000,5200.000000
5354.000000,5200.000000
5356.000000,5200.000000
5358.000000,5200.000000
5360.000000,5200.000000
5362.000000,5200.000000
5364.000000,5200.000000
5366.000000,5200.000000
5368.000000,5200.000000
5370.000000,5200.000000
5372.000000,5200.000000
5374.000000,5200.000000
5376.000000,5200.000000
5378.000000,5200.000000
5380.000000,5200.000000
5382.000000,5200.000000
5384.000000,5200.000000
5386.000000,5200.000000
5388.000000,5200.000000
5390.000000,5200.000000
5392.000000,5200.000000
5394.000000,5200.000000
5396.000000,5200.000000
5398.000000,5200.000000
5400.000000,5200.000000
5402.000000,5200.000000
5404.000000,5200.000000
5406.000000,5200.000000
5408.000000,5200.000000
5410.000000,5200.000000
5412.000000,5200.000000
5414.000000,5200.000000
5416.000000,5200.000000
5418.000000,5200.000000
5420.000000,5200.000000
5422.000000,5200.000000
5424.000000,5200.000000
5426.000000,5200.000000
5428.000000,5200.000000
5430.000000,5200.000000
5432.000000,5200.000000
5434.000000,5200.000000
5436.000000,5200.000000
5438.000000,5200.000000
5440.000000,5200.000000
5442.000000,5200.000000
5444.000000,5200.000000
5446.000000,5200.000000
5448.000000,5200.000000
5450.000000,5200.000000
5452.000000,5200.000000
5454.000000,5200.000000
5456.000000,5200.000000
5458.000000,5200.000000
5460.000000,5200.000000
5462.000000,5200.000000
5464.000000,5200.000000
5466.000000,5200.000000
5468.000000,5200.000000
5470.000000,5200.000000
5472.000000,5200.000000
5474.000000,5200.000000
5476.000000,5200.000000
5478.000000,5200.000000
5480.000000,5200.000000
5482.000000,5200.000000
5484.000000,5200.000000
5486.000000,5200.000000
5488.000000,5200.000000
5490.000000,5200.000000
5492.000000,5200.000000
5494.000000,5200.000000
5496.000000,5200.000000
5498.000000,5200.000000
5500.000000,5200.000000
5502.000000,5200.000000
5504.000000,5200.000000
5506.000000,5200.000000
5508.000000,5200.000000
5510.000000,5200.000000
5512.000000,5200.000000
5514.000000,5200.000000
5516.000000,5200.000000
5518.000000,5200.000000
5520.000000,5200.000000
5522.000000,5200.000000
5524.000000,5200.000000
5526.000000,5200.000000
5528.000000,5200.000000
5530.000000,5200.000000
5532.000000,5200.000000
5534.000000,5200.000000
5536.000000,5200.000000
5538.000000,5200.000000
5540.000000,5200.000000
5542.000000,5200.000000
5544.000000,5200.000000
5546.000000,5200.000000
5548.000000,5200.000000
5550.000000,5200.000000
5552.000000,5200.000000
5554.000000,5200.000000
5556.000000,5200.000000
5558.000000,5200.000000
5560.000000,5200.000000
5562.000000,5200.000000
5564.000000,5200.000000
5566.000000,5200.000000
5568.000000,5200.000000
5570.000000,5200.000000
5572.000000,5200.000000
5574.000000,5200.000000
5576.000000,5200.000000
5578.000000,5200.000000
5580.000000,5200.000000
5582.000000,5200.000000
5584.000000,5200.000000
5586.000000,5200.000000
5588.000000,5200.000000
5590.000000,5200.000000
5592.000000,5200.000000
5594.000000,5200.000000
5596.000000,5200.000000
5598.000000,5200.000000
5600.000000,5200.000000
5602.000000,5200.000000
5604.000000,5200.000000
5606.000000,5200.000000
5608.000000,5200.000000
5610.000000,5200.000000
5612.000000,5200.000000
5614.000000,5200.000000
5616.000000,5200.000000
5618.000000,5200.000000
5620.000000,5200.000000
5622.000000,5200.000000
5624.000000,5200.000000
5626.000000,5200.000000
5628.000000,5200.000000
5630.000000,5200.000000
5632.000000,5200.000000
5634.000000,5200.000000
5636.000000,5200.000000
5638.000000,5200.000000
5640.000000,5200.000000
5642.000000,5200.000000
5644.000000,5200.000000
5646.000000,5200.000000
5648.000000,5200.000000
5650.000000,5200.000000
5652.000000,5200.000000
5654.000000,5200.000000
5656.000000,5200.000000
5658.000000,5200.000000
5660.000000,5200.000000
5662.000000,5200.000000
5664.000000,5200.000000
5666.000000,5200.000000
5668.000000,5200.000000
5670.000000,5200.000000
5672.000000,5200.000000
5674.000000,5200.000000
5676.000000,5200.000000
5678.000000,5200.000000
5680.000000,5200.000000
5682.000000,5200.000000
5684.000000,5200.000000
5686.000000,5200.000000
5688.000000,5200.000000
5690.000000,5200.000000
5692.000000,5200.000000
5694.000000,5200.000000
5696.000000,5200.000000
5698.000000,5200.000000
5700.000000,5200.000000
5702.000000,5200.000000
5704.000000,5200.000000
5706.000000,5200.000000
5708.000000,5200.000000
5710.000000,5200.000000
5712.000000,5200.000000
5714.000000,5200.000000
5716.000000,5200.000000
5718.000000,5200.000000
5720.000000,5200.000000
5722.000000,5200.000000
5724.000000,5200.000000
5726.000000,5200.000000
5728.000000,5200.000000
5730.000000,5200.000000
5732.000000,5200.000000
5734.000000,5200.000000
5736.000000,5200.000000
5738.000000,5200.000000
5740.000000,5200.000000
5742.000000,5200.000000
5744.000000,5200.000000
5746.000000,5200.000000
5748.000000,5200.000000
5750.000000,5200.000000
5752.000000,5200.000000
5754.000000,5200.000000
5756.000000,5200.000000
5758.000000,5200.000000
5760.000000,5200.000000
5762.000000,5200.000000
5764.000000,5200.000000
5766.000000,5200.000000
5768.000000,5200.000000
5770.000000,5200.000000
5772.000000,5200.000000
5774.000000,5200.000000
5776.000000,5200.000000
5778.000000,5200.000000
5780.000000,5200.000000
5782.000000,5200.000000
5784.000000,5200.000000
5786.000000,5200.000000
5788.000000,5200.000000
5790.000000,5200.000000
5792.000000,5200.000000
5794.000000,5200.000000
5796.000000,5200.000000
5798.000000,5200.000000
5800.000000,5200.000000
5802.000000,5200.000000
5804.000000,5200.000000
5806.000000,5200.000000
5808.000000,5200.000000
5810.000000,5200.000000
5812.000000,5200.000000
5814.000000,5200.000000
5816.000000,5200.000000
5818.000000,5200.000000
5820.000000,5200.000000
5822.000000,5200.000000
5824.000000,5200.000000
5826.000000,5200.000000
5828.000000,5200.000000
5830.000000,5200.000000
5832.000000,5200.000000
5834.000000,5200.000000
5836.000000,5200.000000
5838.000000,5200.000000
5840.000000,5200.000000
5842.000000,5200.000000
5844.000000,5199.999636
5846.000000,5199.999480
5848.000000,5199.999480
5850.000000,5199.999480
5852.000000,5199.999480
5854.000000,5199.999480
5856.000000,5199.999480
5858.000000,5199.999480
5860.000000,5199.999480
5862.000000,5199.999480
5864.000000,5199.999480
5866.000000,5199.999376
5868.000000,5199.998960
5870.000000,5199.998960
5872.000000,5199.998960
5874.000000,5199.998960
5876.000000,5199.998960
5878.000000,5199.998596
5880.000000,5199.998440
5882.000000,5199.998336
5884.000000,5199.997920
5886.000000,5199.997920
5888.000000,5199.997920
5890.000000,5199.997556
5892.000000,5199.997400
5894.000000,5199.997400
5896.000000,5199.997036
5898.000000,5199.996776
5900.000000,5199.996360
5902.000000,5199.996360
5904.000000,5199.995996
5906.000000,5199.995840
5908.000000,5199.995476
5910.000000,5199.994956
5912.000000,5199.994800
5914.000000,5199.994436
5916.000000,5199.994280
5918.000000,5199.993812
5920.000000,5199.993240
5922.000000,5199.992876
5924.000000,5199.992720
5926.000000,5199.992356
5928.000000,5199.991836
5930.000000,5199.991316
5932.000000,5199.990796
5934.000000,5199.990536
5936.000000,5199.989756
5938.000000,5199.989496
5940.000000,5199.988976
5942.000000,5199.988196
5944.000000,5199.987676
5946.000000,5199.987416
5948.000000,5199.986636
5950.000000,5199.986116
5952.000000,5199.985492
5954.000000,5199.984816
5956.000000,5199.984166
5958.000000,5199.983256
5960.000000,5199.982736
5962.000000,5199.981956
5964.000000,5199.981332
5966.000000,5199.980396
5968.000000,5199.979772
5970.000000,5199.978836
5972.000000,5199.978212
5974.000000,5199.977276
5976.000000,5199.976652
5978.000000,5199.975846
5980.000000,5199.974936
5982.000000,5199.974052
5984.000000,5199.973116
5986.000000,5199.972206
5988.000000,5199.971452
5990.000000,5199.970412
5992.000000,5199.969372
5994.000000,5199.968332
5996.000000,5199.967292
5998.000000,5199.966252
6000.000000,5199.965212
6002.000000,5199.964172
6004.000000,5199.963132
6006.000000,5199.962092
6008.000000,5199.961052
6010.000000,5199.960012
6012.000000,5199.958972
6014.000000,5199.957932
6016.000000,5199.956762
6018.000000,5199.955332
6020.000000,5199.954292
6022.000000,5199.952966
6024.000000,5199.952082
6026.000000,5199.950652
6028.000000,5199.949612
6030.000000,5199.948182
6032.000000,5199.947012
6034.000000,5199.945842
6036.000000,5199.944412
6038.000000,5199.942982
6040.000000,5199.941812
6042.000000,5199.940642
6044.000000,5199.939082
6046.000000,5199.937652
6048.000000,5199.936612
6050.000000,5199.935182
6052.000000,5199.933622
6054.000000,5199.932452
6056.000000,5199.931022
6058.000000,5199.929852
6060.000000,5199.928422
6062.000000,5199.926862
6064.000000,5199.925302
6066.000000,5199.924028
6068.000000,5199.922572
6070.000000,5199.921194
6072.000000,5199.919894
6074.000000,5199.918334
6076.000000,5199.916774
6078.000000,5199.915214
6080.000000,5199.913732
6082.000000,5199.912354
6084.000000,5199.910794
6086.000000,5199.909494
6088.000000,5199.907934
6090.000000,5199.906452
6092.000000,5199.905074
6094.000000,5199.903514
6096.000000,5199.902214
6098.000000,5199.900654
6100.000000,5199.899094
6102.000000,5199.897533
6104.000000,5199.896051
6106.000000,5199.894673
6108.000000,5199.893113
6110.000000,5199.891553
6112.000000,5199.889993
6114.000000,5199.888433
6116.000000,5199.886873
6118.000000,5199.885313
6120.000000,5199.883753
6122.000000,5199.882453
6124.000000,5199.880893
6126.000000,5199.879333
6128.000000,5199.877773
6130.000000,5199.876213
6132.000000,5199.874653
6134.000000,5199.873093
6136.000000,5199.871533
6138.000000,5199.869973
6140.000000,5199.868413
6142.000000,5199.866931
6144.000000,5199.865553
6146.000000,5199.863993
6148.000000,5199.862433
6150.000000,5199.860873
6152.000000,5199.859313
6154.000000,5199.857753
6156.000000,5199.856193
6158.000000,5199.854633
6160.000000,5199.853073
6162.000000,5199.851513
6164.000000,5199.850213
6166.000000,5199.848653
6168.000000,5199.847093
6170.000000,5199.845533
6172.000000,5199.843973
6174.000000,5199.842413
6176.000000,5199.840853
6178.000000,5199.839293
6180.000000,5199.837733
6182.000000,5199.836173
6184.000000,5199.834691
6186.000000,5199.833313
6188.000000,5199.831753
6190.000000,5199.830193
6192.000000,5199.828555
6194.000000,5199.826813
6196.000000,5199.825253
6198.000000,5199.823433
6200.000000,5199.821795
6202.000000,5199.820131
6204.000000,5199.818753
6206.000000,5199.817115
6208.000000,5199.815113
6210.000000,5199.813475
6212.000000,5199.811733
6214.000000,5199.810173
6216.000000,5199.808275
6218.000000,5199.806273
6220.000000,5199.804635
6222.000000,5199.802633
6224.000000,5199.800995
6226.000000,5199.798915
6228.000000,5199.797173
6230.000000,5199.795275
6232.000000,5199.793195
6234.000000,5199.791115
6236.000000,5199.789035
6238.000000,5199.786955
6240.000000,5199.784875
6242.000000,5199.782795
6244.000000,5199.780429
6246.000000,5199.778271
6248.000000,5199.775749
6250.000000,5199.773591
6252.000000,5199.771251
6254.000000,5199.768651
6256.000000,5199.766155
6258.000000,5199.763711
6260.000000,5199.761007
6262.000000,5199.758251
6264.000000,5199.755651
6266.000000,5199.752687
6268.000000,5199.749567
6270.000000,5199.746551
6272.000000,5199.743847
6274.000000,5199.740727
6276.000000,5199.737607
6278.000000,5199.734149
6280.000000,5199.730509
6282.000000,5199.727129
6284.000000,5199.723567
6286.000000,5199.720109
6288.000000,5199.716053
6290.000000,5199.712231
6292.000000,5199.708253
6294.000000,5199.704249
6296.000000,5199.699855
6298.000000,5199.695590
6300.000000,5199.691014
6302.000000,5199.686594
6304.000000,5199.681498
6306.000000,5199.676714
6308.000000,5199.671618
6310.000000,5199.666782
6312.000000,5199.661244
6314.000000,5199.655966
6316.000000,5199.650038
6318.000000,5199.644526
6320.000000,5199.638546
6322.000000,5199.632306
6324.000000,5199.625962
6326.000000,5199.619306
6328.000000,5199.612702
6330.000000,5199.605838
6332.000000,5199.598844
6334.000000,5199.591330
6336.000000,5199.583946
6338.000000,5199.576146
6340.000000,5199.568346
6342.000000,5199.559948
6344.000000,5199.551524
6346.000000,5199.542944
6348.000000,5199.533766
6350.000000,5199.524484
6352.000000,5199.515462
6354.000000,5199.505582
6356.000000,5199.495338
6358.000000,5199.484937
6360.000000,5199.474537
6362.000000,5199.463721
6364.000000,5199.452515
6366.000000,5199.440841
6368.000000,5199.428933
6370.000000,5199.416817
6372.000000,5199.404493
6374.000000,5199.391597
6376.000000,5199.378337
6378.000000,5199.364635
6380.000000,5199.350751
6382.000000,5199.336607
6384.000000,5199.321735
6386.000000,5199.306577
6388.000000,5199.290976
6390.000000,5199.275012
6392.000000,5199.258788
6394.000000,5199.242044
6396.000000,5199.224624
6398.000000,5199.207048
6400.000000,5199.188848
6402.000000,5199.170206
6404.000000,5199.150966
6406.000000,5199.131648
6408.000000,5199.111316
6410.000000,5199.090516
6412.000000,5199.069715
6414.000000,5199.048135
6416.000000,5199.025853
6418.000000,5199.002895
6420.000000,5198.979495
6422.000000,5198.955653
6424.000000,5198.930875
6426.000000,5198.905785
6428.000000,5198.879914
6430.000000,5198.853550
6432.000000,5198.826432
6434.000000,5198.798820
6436.000000,5198.770428
6438.000000,5198.741490
6440.000000,5198.711668
6442.000000,5198.681221
6444.000000,5198.650151
6446.000000,5198.617989
6448.000000,5198.585281
6450.000000,5198.551949
6452.000000,5198.517759
6454.000000,5198.482580
6456.000000,5198.446752
6458.000000,5198.410274
6460.000000,5198.372678
6462.000000,5198.334302
6464.000000,5198.295172
6466.000000,5198.255053
6468.000000,5198.214051
6470.000000,5198.172113
6472.000000,5198.129499
6474.000000,5198.085507
6476.000000,5198.040838
6478.000000,5197.995208
6480.000000,5197.948486
6482.000000,5197.900750
6484.000000,5197.851999
6486.000000,5197.802183
6488.000000,5197.751197
6490.000000,5197.699249
6492.000000,5197.646390
6494.000000,5197.591998
6496.000000,5197.536904
6498.000000,5197.480302
6500.000000,5197.422451
6502.000000,5197.363769
6504.000000,5197.303631
6506.000000,5197.242244
6508.000000,5197.179584
6510.000000,5197.115702
6512.000000,5197.050753
6514.000000,5196.984323
6516.000000,5196.916437
6518.000000,5196.847354
6520.000000,5196.776738
6522.000000,5196.704484
6524.000000,5196.631397
6526.000000,5196.556569
6528.000000,5196.480259
6530.000000,5196.402284
6532.000000,5196.323192
6534.000000,5196.242201
6536.000000,5196.159781
6538.000000,5196.076035
6540.000000,5195.990078
6542.000000,5195.902900
6544.000000,5195.814057
6546.000000,5195.723577
6548.000000,5195.631224
6550.000000,5195.537364
6552.000000,5195.441423
6554.000000,5195.343741
6556.000000,5195.244420
6558.000000,5195.143280
6560.000000,5195.040215
6562.000000,5194.935253
6564.000000,5194.828392
6566.000000,5194.719504
6568.000000,5194.608899
6570.000000,5194.496241
6572.000000,5194.381086
6574.000000,5194.264294
6576.000000,5194.145447
6578.000000,5194.024520
6580.000000,5193.901592
6582.000000,5193.776063
6584.000000,5193.648377
6586.000000,5193.518818
6588.000000,5193.386685
6590.000000,5193.252187
6592.000000,5193.115608
6594.000000,5192.976507
6596.000000,5192.835249
6598.000000,5192.691598
6600.000000,5192.545191
6602.000000,5192.396314
6604.000000,5192.245202
6606.000000,5192.091255
6608.000000,5191.935072
6610.000000,5191.776159
6612.000000,5191.614569
6614.000000,5191.450040
6616.000000,5191.283353
6618.000000,5191.113416
6620.000000,5190.940931
6622.000000,5190.765508
6624.000000,5190.587329
6626.000000,5190.406291
6628.000000,5190.222054
6630.000000,5190.035243
6632.000000,5189.845182
6634.000000,5189.652157
6636.000000,5189.456012
6638.000000,5189.256643
6640.000000,5189.054492
6642.000000,5188.848727
6644.000000,5188.639998
6646.000000,5188.428071
6648.000000,5188.212556
6650.000000,5187.993739
6652.000000,5187.771568
6654.000000,5187.546120
6656.000000,5187.316877
6658.000000,5187.084566
6660.000000,5186.848537
6662.000000,5186.608738
6664.000000,5186.365325
6666.000000,5186.118219
6668.000000,5185.867474
6670.000000,5185.613141
6672.000000,5185.354778
6674.000000,5185.092618
6676.000000,5184.826689
6678.000000,5184.556392
6680.000000,5184.282740
6682.000000,5184.004487
6684.000000,5183.722230
6686.000000,5183.436098
6688.000000,5183.145469
6690.000000,5182.851121
6692.000000,5182.552016
6694.000000,5182.248854
6696.000000,5181.941377
6698.000000,5181.629193
6700.000000,5181.312980
6702.000000,5180.991774
6704.000000,5180.666174
6706.000000,5180.335999
6708.000000,5180.001247
6710.000000,5179.661633
6712.000000,5179.317522
6714.000000,5178.968158
6716.000000,5178.614114
6718.000000,5178.255416
6720.000000,5177.891467
6722.000000,5177.522291
6724.000000,5177.148279
6726.000000,5176.769249
6728.000000,5176.384837
6730.000000,5175.995095
6732.000000,5175.600205
6734.000000,5175.199933
6736.000000,5174.794123
6738.000000,5174.382801
6740.000000,5173.965915
6742.000000,5173.543777
6744.000000,5173.115997
6746.000000,5172.682107
6748.000000,5172.242835
6750.000000,5171.797687
6752.000000,5171.346636
6754.000000,5170.889892
6756.000000,5170.426830
6758.000000,5169.957683
6760.000000,5169.482635
6762.000000,5169.001373
6764.000000,5168.513922
6766.000000,5168.019920
6768.000000,5167.519755
6770.000000,5167.013143
6772.000000,5166.499796
6774.000000,5165.980210
6776.000000,5165.453733
6778.000000,5164.920679
6780.000000,5164.380916
6782.000000,5163.834341
6784.000000,5163.280642
6786.000000,5162.720366
6788.000000,5162.152783
6790.000000,5161.578076
6792.000000,5160.996271
6794.000000,5160.407134
6796.000000,5159.810873
6798.000000,5159.207124
6800.000000,5158.596147
6802.000000,5157.977240
6804.000000,5157.351235
6806.000000,5156.717794
6808.000000,5156.076215
6810.000000,5155.427174
6812.000000,5154.770020
6814.000000,5154.105041
6816.000000,5153.432080
6818.000000,5152.750954
6820.000000,5152.061535
6822.000000,5151.364004
6824.000000,5150.658178
6826.000000,5149.943903
6828.000000,5149.221151
6830.000000,5148.489741
6832.000000,5147.749830
6834.000000,5147.001130
6836.000000,5146.243746
6838.000000,5145.477366
6840.000000,5144.702147
6842.000000,5143.918217
6844.000000,5143.125083
6846.000000,5142.322875
6848.000000,5141.511801
6850.000000,5140.691107
6852.000000,5139.860689
6854.000000,5139.020963
6856.000000,5138.171642
6858.000000,5137.312624
6860.000000,5136.443674
6862.000000,5135.565077
6864.000000,5134.676367
6866.000000,5133.777803
6868.000000,5132.869150
6870.000000,5131.949786
6872.000000,5131.020827
6874.000000,5130.081650
6876.000000,5129.132204
6878.000000,5128.171993
6880.000000,5127.201512
6882.000000,5126.219929
6884.000000,5125.227660
6886.000000,5124.224679
6888.000000,5123.210336
6890.000000,5122.185125
6892.000000,5121.148448
6894.000000,5120.100695
6896.000000,5119.041086
6898.000000,5117.970478
6900.000000,5116.888873
6902.000000,5115.795880
6904.000000,5114.691108
6906.000000,5113.574273
6908.000000,5112.445503
6910.000000,5111.304747
6912.000000,5110.151746
6914.000000,5108.986680
6916.000000,5107.809160
6918.000000,5106.619160
6920.000000,5105.416602
6922.000000,5104.201278
6924.000000,5102.974384
6926.000000,5101.734880
6928.000000,5100.482272
6930.000000,5099.216690
6932.000000,5097.937535
6934.000000,5096.645303
6936.000000,5095.339941
6938.000000,5094.020590
6940.000000,5092.687771
6942.000000,5091.341511
6944.000000,5089.982484
6946.000000,5088.609677
6948.000000,5087.222960
6950.000000,5085.822515
6952.000000,5084.407589
6954.000000,5082.978153
6956.000000,5081.534392
6958.000000,5080.075967
6960.000000,5078.602800
6962.000000,5077.115228
6964.000000,5075.614085
6966.000000,5074.098382
6968.000000,5072.567364
6970.000000,5071.021110
6972.000000,5069.459205
6974.000000,5067.882375
6976.000000,5066.289581
6978.000000,5064.680771
6980.000000,5063.057687
6982.000000,5061.419913
6984.000000,5059.765811
6986.000000,5058.095484
6988.000000,5056.408986
6990.000000,5054.705952
6992.000000,5052.986641
6994.000000,5051.250327
6996.000000,5049.499218
6998.000000,5047.731989
7000.000000,5045.947912
7002.000000,5044.146727
7004.000000,5042.328174
7006.000000,5040.491889
7008.000000,5038.638626
7010.000000,5036.768255
7012.000000,5034.882596
7014.000000,5032.978814
7016.000000,5031.057067
7018.000000,5029.117301
7020.000000,5027.159127
7022.000000,5025.182572
7024.000000,5023.189220
7026.000000,5021.179202
7028.000000,5019.150230
7030.000000,5017.102616
7032.000000,5015.035788
7034.000000,5012.950031
7036.000000,5010.845217
7038.000000,5008.724152
7040.000000,5006.584134
7042.000000,5004.424381
7044.000000,5002.245128
7046.000000,5000.045751
7048.000000,4997.826302
7050.000000,4995.590499
7052.000000,4993.335118
7054.000000,4991.059535
7056.000000,4988.763048
7058.000000,4986.445890
7060.000000,4984.108947
7062.000000,4981.754505
7064.000000,4979.379653
7066.000000,4976.983767
7068.000000,4974.566249
7070.000000,4972.127541
7072.000000,4969.669983
7074.000000,4967.193445
7076.000000,4964.695067
7078.000000,4962.174250
7080.000000,4959.631386
7082.000000,4957.068631
7084.000000,4954.487468
7086.000000,4951.883815
7088.000000,4949.257490
7090.000000,4946.608337
7092.000000,4943.938488
7094.000000,4941.249971
7096.000000,4938.538339
7098.000000,4935.803152
7100.000000,4933.044850
7102.000000,4930.266216
7104.000000,4927.468395
7106.000000,4924.645925
7108.000000,4921.799821
7110.000000,4918.929692
7112.000000,4916.041390
7114.000000,4913.130546
7116.000000,4910.195157
7118.000000,4907.234757
7120.000000,4904.253088
7122.000000,4901.251945
7124.000000,4898.225816
7126.000000,4895.174051
7128.000000,4892.099172
7130.000000,4889.005052
7132.000000,4885.886389
7134.000000,4882.742063
7136.000000,4879.573142
7138.000000,4876.385448
7140.000000,4873.173158
7142.000000,4869.934400
7144.000000,4866.670890
7146.000000,4863.388296
7148.000000,4860.080767
7150.000000,4856.746407
7152.000000,4853.387658
7154.000000,4850.009618
7156.000000,4846.605473
7158.000000,4843.174236
7160.000000,4839.719469
7162.000000,4836.244994
7164.000000,4832.743296
7166.000000,4829.213961
7168.000000,4825.664345
7170.000000,4822.091642
7172.000000,4818.490364
7174.000000,4814.863996
7176.000000,4811.218388
7178.000000,4807.545376
7180.000000,4803.844257
7182.000000,4800.123119
7184.000000,4796.378164
7186.000000,4792.603700
7188.000000,4788.805393
7190.000000,4784.987404
7192.000000,4781.140165
7194.000000,4777.266354
7196.000000,4773.373849
7198.000000,4769.453523
7200.000000,4765.503844
7202.000000,4761.536718
7204.000000,4757.542916
7206.000000,4753.519137
7208.000000,4749.476533
7210.000000,4745.408890
7212.000000,4741.310776
7214.000000,4737.193344
7216.000000,4733.051757
7218.000000,4728.879179
7220.000000,4724.687750
7222.000000,4720.471439
7224.000000,4716.224630
7226.000000,4711.960323
7228.000000,4707.669236
7230.000000,4703.349081
7232.000000,4699.011765
7234.000000,4694.645979
7236.000000,4690.252946
7238.000000,4685.842778
7240.000000,4681.402216
7242.000000,4676.938176
7244.000000,4672.454636
7246.000000,4667.939271
7248.000000,4663.406695
7250.000000,4658.848301
7252.000000,4654.262034
7254.000000,4649.658867
7256.000000,4645.025930
7258.000000,4640.371647
7260.000000,4635.695836
7262.000000,4630.990463
7264.000000,4626.269723
7266.000000,4621.519474
7268.000000,4616.748216
7270.000000,4611.956133
7272.000000,4607.135449
7274.000000,4602.299477
7276.000000,4597.433553
7278.000000,4592.550001
7280.000000,4587.642606
7282.000000,4582.709758
7284.000000,4577.761206
7286.000000,4572.783169
7288.000000,4567.791196
7290.000000,4562.770129
7292.000000,4557.732475
7294.000000,4552.671030
7296.000000,4547.587536
7298.000000,4542.486597
7300.000000,4537.359398
7302.000000,4532.217768
7304.000000,4527.048423
7306.000000,4521.866155
7308.000000,4516.655625
7310.000000,4511.433110
7312.000000,4506.183788
7314.000000,4500.920790
7316.000000,4495.633534
7318.000000,4490.330183
7320.000000,4485.005617
7322.000000,4479.663657
7324.000000,4474.302014
7326.000000,4468.922821
7328.000000,4463.524831
7330.000000,4458.109316
7332.000000,4452.675705
7334.000000,4447.224856
7336.000000,4441.756327
7338.000000,4436.271444
7340.000000,4430.768179
7342.000000,4425.251264
7344.000000,4419.713652
7346.000000,4414.165381
7348.000000,4408.595113
7350.000000,4403.016552
7352.000000,4397.415656
7354.000000,4391.805764
7356.000000,4386.175566
7358.000000,4380.535879
7360.000000,4374.877211
7362.000000,4369.209183
7364.000000,4363.525320
7366.000000,4357.826586
7368.000000,4352.119038
7370.000000,4346.393654
7372.000000,4340.660625
7374.000000,4334.910541
7376.000000,4329.152422
7378.000000,4323.381122
7380.000000,4317.596015
7382.000000,4311.805631
7384.000000,4305.999360
7386.000000,4300.186017
7388.000000,4294.360766
7390.000000,4288.524024
7392.000000,4282.683017
7394.000000,4276.827372
7396.000000,4270.966475
7398.000000,4265.096296
7400.000000,4259.215483
7402.000000,4253.330588
7404.000000,4247.434512
7406.000000,4241.531625
7408.000000,4235.625644
7410.000000,4229.708093
7412.000000,4223.786954
7414.000000,4217.861030
7416.000000,4211.926241
7418.000000,4205.987968
7420.000000,4200.045872
7422.000000,4194.096159
7424.000000,4188.143715
7426.000000,4182.188594
7428.000000,4176.226868
7430.000000,4170.262569
7432.000000,4164.298243
7434.000000,4158.327262
7436.000000,4152.355630
7438.000000,4146.383999
7440.000000,4140.408077
7442.000000,4134.430908
7444.000000,4128.453270
7446.000000,4122.475607
7448.000000,4116.495421
7450.000000,4110.516406
7452.000000,4104.539392
7454.000000,4098.561052
7456.000000,4092.583415
7458.000000,4086.606505
7460.000000,4080.634198
7462.000000,4074.661578
7464.000000,4068.690727
7466.000000,4062.722111
7468.000000,4056.759138
7470.000000,4050.797230
7472.000000,4044.837897
7474.000000,4038.883373
7476.000000,4032.933764
7478.000000,4026.988393
7480.000000,4021.046193
7482.000000,4015.110104
7484.000000,4009.178720
7486.000000,4003.253889
7488.000000,3997.334960
7490.000000,3991.420893
7492.000000,3985.514469
7494.000000,3979.614156
7496.000000,3973.720837
7498.000000,3967.836462
7500.000000,3961.958535
7502.000000,3956.087628
7504.000000,3950.226133
7506.000000,3944.373010
7508.000000,3938.527323
7510.000000,3932.692478
7512.000000,3926.866942
7514.000000,3921.049647
7516.000000,3915.241998
7518.000000,3909.445555
7520.000000,3903.659383
7522.000000,3897.883116
7524.000000,3892.117016
7526.000000,3886.363473
7528.000000,3880.621319
7530.000000,3874.890293
7532.000000,3869.170550
7534.000000,3863.462534
7536.000000,3857.766634
7538.000000,3852.084436
7540.000000,3846.414588
7542.000000,3840.757792
7544.000000,3835.113710
7546.000000,3829.482706
7548.000000,3823.865378
7550.000000,3818.261389
7552.000000,3812.671439
7554.000000,3807.096023
7556.000000,3801.535480
7558.000000,3795.989236
7560.000000,3790.457553
7562.000000,3784.941002
7564.000000,3779.439245
7566.000000,3773.952568
7568.000000,3768.481464
7570.000000,3763.025779
7572.000000,3757.586137
7574.000000,3752.162146
7576.000000,3746.754275
7578.000000,3741.362810
7580.000000,3735.987440
7582.000000,3730.628657
7584.000000,3725.286593
7586.000000,3719.962235
7588.000000,3714.654308
7590.000000,3709.363516
7592.000000,3704.089806
7594.000000,3698.833412
7596.000000,3693.594048
7598.000000,3688.372546
7600.000000,3683.168231
7602.000000,3677.982739
7604.000000,3672.815317
7606.000000,3667.665446
7608.000000,3662.533359
7610.000000,3657.419497
7612.000000,3652.325058
7614.000000,3647.248923
7616.000000,3642.190442
7618.000000,3637.150603
7620.000000,3632.129562
7622.000000,3627.127736
7624.000000,3622.144161
7626.000000,3617.179696
7628.000000,3612.235174
7630.000000,3607.308540
7632.000000,3602.400911
7634.000000,3597.513147
7636.000000,3592.644181
7638.000000,3587.794819
7640.000000,3582.965035
7642.000000,3578.154543
7644.000000,3573.362694
7646.000000,3568.591436
7648.000000,3563.839107
7650.000000,3559.106901
7652.000000,3554.393442
7654.000000,3549.699795
7656.000000,3545.025934
7658.000000,3540.372509
7660.000000,3535.738116
7662.000000,3531.123431
7664.000000,3526.528454
7666.000000,3521.953992
7668.000000,3517.398821
7670.000000,3512.862969
7672.000000,3508.346902
7674.000000,3503.851896
7676.000000,3499.375792
7678.000000,3494.919656
7680.000000,3490.483540
7682.000000,3486.067600
7684.000000,3481.670510
7686.000000,3477.293675
7688.000000,3472.937145
7690.000000,3468.599544
7692.000000,3464.282300
7694.000000,3459.985233
7696.000000,3455.706964
7698.000000,3451.449313
7700.000000,3447.211422
7702.000000,3442.992251
7704.000000,3438.793672
7706.000000,3434.614412
7708.000000,3430.454625
7710.000000,3426.315145
7712.000000,3422.194306
7714.000000,3418.093774
7716.000000,3414.012664
7718.000000,3409.950586
7720.000000,3405.908684
7722.000000,3401.885320
7724.000000,3397.882080
7726.000000,3393.897534
7728.000000,3389.932307
7730.000000,3385.987151
7732.000000,3382.059780
7734.000000,3378.153105
7736.000000,3374.264187
7738.000000,3370.395628
7740.000000,3366.544775
7742.000000,3362.714124
7744.000000,3358.901205
7746.000000,3355.108255
7748.000000,3351.332958
7750.000000,3347.577187
7752.000000,3343.839617
7754.000000,3340.121469
7756.000000,3336.420558
7758.000000,3332.739642
7760.000000,3329.075990
7762.000000,3325.431786
7764.000000,3321.804508
7766.000000,3318.197016
7768.000000,3314.606346
7770.000000,3311.034787
7772.000000,3307.481037
7774.000000,3303.944812
7776.000000,3300.427696
7778.000000,3296.926779
7780.000000,3293.444972
7782.000000,3289.980429
7784.000000,3286.533306
7786.000000,3283.104435
7788.000000,3279.691866
7790.000000,3276.298277
7792.000000,3272.921380
7794.000000,3269.560994
7796.000000,3266.219275
7798.000000,3262.893521
7800.000000,3259.585134
7802.000000,3256.294558
7804.000000,3253.019634
7806.000000,3249.762078
7808.000000,3246.521812
7810.000000,3243.297692
7812.000000,3240.090030
7814.000000,3236.899710
7816.000000,3233.725381
7818.000000,3230.566625
7820.000000,3227.425575
7822.000000,3224.300464
7824.000000,3221.190693
7826.000000,3218.097457
7828.000000,3215.020862
7830.000000,3211.959633
7832.000000,3208.913900
7834.000000,3205.883975
7836.000000,3202.870508
7838.000000,3199.871939
7840.000000,3196.888996
7842.000000,3193.921160
7844.000000,3190.969391
7846.000000,3188.033171
7848.000000,3185.111354
7850.000000,3182.204956
7852.000000,3179.312780
7854.000000,3176.436619
7856.000000,3173.575487
7858.000000,3170.728551
7860.000000,3167.896487
7862.000000,3165.079009
7864.000000,3162.275727
7866.000000,3159.487370
7868.000000,3156.713650
7870.000000,3153.954152
7872.000000,3151.208903
7874.000000,3148.477485
7876.000000,3145.760160
7878.000000,3143.056874
7880.000000,3140.367499
7882.000000,3137.691722
7884.000000,3135.029959
7886.000000,3132.382210
7888.000000,3129.747643
7890.000000,3127.126986
7892.000000,3124.519537
7894.000000,3121.925322
7896.000000,3119.344627
7898.000000,3116.776724
7900.000000,3114.222420
7902.000000,3111.680777
7904.000000,3109.152317
7906.000000,3106.636570
7908.000000,3104.133642
7910.000000,3101.643584
7912.000000,3099.166005
7914.000000,3096.701271
7916.000000,3094.248939
7918.000000,3091.808801
7920.000000,3089.381221
7922.000000,3086.965809
7924.000000,3084.562591
7926.000000,3082.171515
7928.000000,3079.792556
7930.000000,3077.425452
7932.000000,3075.070048
7934.000000,3072.726423
7936.000000,3070.395069
7938.000000,3068.075130
7940.000000,3065.766942
7942.000000,3063.470091
7944.000000,3061.184836
7946.000000,3058.910526
7948.000000,3056.647839
7950.000000,3054.396202
7952.000000,3052.155927
7954.000000,3049.926312
7956.000000,3047.708397
7958.000000,3045.501090
7960.000000,3043.304495
7962.000000,3041.119054
7964.000000,3038.943728
7966.000000,3036.779139
7968.000000,3034.625522
7970.000000,3032.482514
7972.000000,3030.349645
7974.000000,3028.227229
7976.000000,3026.114666
7978.000000,3024.012972
7980.000000,3021.921443
7982.000000,3019.839691
7984.000000,3017.767611
7986.000000,3015.705827
7988.000000,3013.654469
7990.000000,3011.612548
7992.000000,3009.580118
7994.000000,3007.557620
7996.000000,3005.544976
7998.000000,3003.541407
8000.000000,3001.547509
8002.000000,2999.563283
8004.000000,2997.588261
8006.000000,2995.622313
8008.000000,2993.665700
8010.000000,2991.718758
8012.000000,2989.780397
8014.000000,2987.851317
8016.000000,2985.931155
8018.000000,2984.019600
8020.000000,2982.117353
8022.000000,2980.223763
8024.000000,2978.338572
8026.000000,2976.462533
8028.000000,2974.595203
8030.000000,2972.736116
8032.000000,2970.885479
8034.000000,2969.043448
8036.000000,2967.209737
8038.000000,2965.384710
8040.000000,2963.567249
8042.000000,2961.758342
8044.000000,2959.957287
8046.000000,2958.164682
8048.000000,2956.380007
8050.000000,2954.603419
8052.000000,2952.834760
8054.000000,2951.073641
8056.000000,2949.320660
8058.000000,2947.575220
8060.000000,2945.837501
8062.000000,2944.107375
8064.000000,2942.384788
8066.000000,2940.669898
8068.000000,2938.962339
8070.000000,2937.262139
8072.000000,2935.569660
8074.000000,2933.884410
8076.000000,2932.206050
8078.000000,2930.534944
8080.000000,2928.871533
8082.000000,2927.214675
8084.000000,2925.565045
8086.000000,2923.922045
8088.000000,2922.286403
8090.000000,2920.657911
8092.000000,2919.035893
8094.000000,2917.420895
8096.000000,2915.812371
8098.000000,2914.210529
8100.000000,2912.615655
8102.000000,2911.027073
8104.000000,2909.444861
8106.000000,2907.869488
8108.000000,2906.300510
8110.000000,2904.738006
8112.000000,2903.181768
8114.000000,2901.631849
8116.000000,2900.088117
8118.000000,2898.550807
8120.000000,2897.019400
8122.000000,2895.494388
8124.000000,2893.975279
8126.000000,2892.462123
8128.000000,2890.955182
8130.000000,2889.454038
8132.000000,2887.958771
8134.000000,2886.469588
8136.000000,2884.986098
8138.000000,2883.508199
8140.000000,2882.035994
8142.000000,2880.569587
8144.000000,2879.109107
8146.000000,2877.653984
8148.000000,2876.204243
8150.000000,2874.760274
8152.000000,2873.321947
8154.000000,2871.888378
8156.000000,2870.460685
8158.000000,2869.038270
8160.000000,2867.621107
8162.000000,2866.209248
8164.000000,2864.802563
8166.000000,2863.400766
8168.000000,2862.004611
8170.000000,2860.613292
8172.000000,2859.227147
8174.000000,2857.845890
8176.000000,2856.469911
8178.000000,2855.098691
8180.000000,2853.731994
8182.000000,2852.370783
8184.000000,2851.014070
8186.000000,2849.662298
8188.000000,2848.315283
8190.000000,2846.972922
8192.000000,2845.635424
8194.000000,2844.302397
8196.000000,2842.974025
8198.000000,2841.650072
8200.000000,2840.330592
8202.000000,2839.016051
8204.000000,2837.705879
8206.000000,2836.399814
8208.000000,2835.098300
8210.000000,2833.801335
8212.000000,2832.508583
8214.000000,2831.220277
8216.000000,2829.935844
8218.000000,2828.655988
8220.000000,2827.380214
8222.000000,2826.108521
8224.000000,2824.840989
8226.000000,2823.577565
8228.000000,2822.318405
8230.000000,2821.062832
8232.000000,2819.811836
8234.000000,2818.564376
8236.000000,2817.320998
8238.000000,2816.081520
8240.000000,2814.845942
8242.000000,2813.614030
8244.000000,2812.386095
8246.000000,2811.161879
8248.000000,2809.941615
8250.000000,2808.724757
8252.000000,2807.511825
8254.000000,2806.302273
8256.000000,2805.096569
8258.000000,2803.894531
8260.000000,2802.695926
8262.000000,2801.500830
8264.000000,2800.309192
8266.000000,2799.121168
8268.000000,2797.936550
8270.000000,2796.755572
8272.000000,2795.577740
8274.000000,2794.403263
8276.000000,2793.232399
8278.000000,2792.064317
8280.000000,2790.899849
8282.000000,2789.738761
8284.000000,2788.580716
8286.000000,2787.425946
8288.000000,2786.274348
8290.000000,2785.125819
8292.000000,2783.980747
8294.000000,2782.838483
8296.000000,2781.699288
8298.000000,2780.563134
8300.000000,2779.429919
8302.000000,2778.299823
8304.000000,2777.172691
8306.000000,2776.048576
8308.000000,2774.927424
8310.000000,2773.809003
8312.000000,2772.693571
8314.000000,2771.580896
8316.000000,2770.471106
8318.000000,2769.364021
8320.000000,2768.259665
8322.000000,2767.158222
8324.000000,2766.059404
8326.000000,2764.963395
8328.000000,2763.869856
8330.000000,2762.779176
8332.000000,2761.691045
8334.000000,2760.605435
8336.000000,2759.522452
8338.000000,2758.442251
8340.000000,2757.364233
8342.000000,2756.289024
8344.000000,2755.216051
8346.000000,2754.145626
8348.000000,2753.077722
8350.000000,2752.012393
8352.000000,2750.948936
8354.000000,2749.888390
8356.000000,2748.829977
8358.000000,2747.774008
8360.000000,2746.720405
8362.000000,2745.668778
8364.000000,2744.619646
8366.000000,2743.573063
8368.000000,2742.528456
8370.000000,2741.485825
8372.000000,2740.445664
8374.000000,2739.407635
8376.000000,2738.371738
8378.000000,2737.337842
8380.000000,2736.306313
8382.000000,2735.276838
8384.000000,2734.249001
8386.000000,2733.223712
8388.000000,2732.200451
8390.000000,2731.178880
8392.000000,2730.159493
8394.000000,2729.142030
8396.000000,2728.126647
8398.000000,2727.113266
8400.000000,2726.101575
8402.000000,2725.091756
8404.000000,2724.083965
8406.000000,2723.078176
8408.000000,2722.073947
8410.000000,2721.071512
8412.000000,2720.071183
8414.000000,2719.072440
8416.000000,2718.075465
8418.000000,2717.080310
8420.000000,2716.087027
8422.000000,2715.095018
8424.000000,2714.105038
8426.000000,2713.117059
8428.000000,2712.130120
8430.000000,2711.145365
8432.000000,2710.161962
8434.000000,2709.180093
8436.000000,2708.199524
8438.000000,2707.221036
8440.000000,2706.244055
8442.000000,2705.268426
8444.000000,2704.294591
8446.000000,2703.322134
8448.000000,2702.351159
8450.000000,2701.381745
8452.000000,2700.413604
8454.000000,2699.447335
8456.000000,2698.481950
8458.000000,2697.518464
8460.000000,2696.556069
8462.000000,2695.595026
8464.000000,2694.635699
8466.000000,2693.677283
8468.000000,2692.720296
8470.000000,2691.764687
8472.000000,2690.810456
8474.000000,2689.857630
8476.000000,2688.905895
8478.000000,2687.955278
8480.000000,2687.006118
8482.000000,2686.058283
8484.000000,2685.111306
8486.000000,2684.165812
8488.000000,2683.221591
8490.000000,2682.278462
8492.000000,2681.336348
8494.000000,2680.395533
8496.000000,2679.455602
8498.000000,2678.517050
8500.000000,2677.579459
8502.000000,2676.643038
8504.000000,2675.707424
8506.000000,2674.773161
8508.000000,2673.839860
8510.000000,2672.907418
8512.000000,2671.975989
8514.000000,2671.045783
8516.000000,2670.116460
8518.000000,2669.188151
8520.000000,2668.260623
8522.000000,2667.334290
8524.000000,2666.408582
8526.000000,2665.483965
8528.000000,2664.560311
8530.000000,2663.637462
8532.000000,2662.715627
8534.000000,2661.794365
8536.000000,2660.873830
8538.000000,2659.954804
8540.000000,2659.035959
8542.000000,2658.118207
8544.000000,2657.201130
8546.000000,2656.284990
8548.000000,2655.369473
8550.000000,2654.454685
8552.000000,2653.540624
8554.000000,2652.627630
8556.000000,2651.714921
8558.000000,2650.802993
8560.000000,2649.891792
8562.000000,2648.981242
8564.000000,2648.071315
8566.000000,2647.162247
8568.000000,2646.253698
8570.000000,2645.345904
8572.000000,2644.438421
8574.000000,2643.531927
8576.000000,2642.625770
8578.000000,2641.720004
8580.000000,2640.814991
8582.000000,2639.910603
8584.000000,2639.006552
8586.000000,2638.103230
8588.000000,2637.200375
8590.000000,2636.298327
8592.000000,2635.396304
8594.000000,2634.494750
8596.000000,2633.593507
8598.000000,2632.692967
8600.000000,2631.792999
8602.000000,2630.893732
8604.000000,2629.994440
8606.000000,2629.095433
8608.000000,2628.196791
8610.000000,2627.298876
8612.000000,2626.401222
8614.000000,2625.503905
8616.000000,2624.606745
8618.000000,2623.709949
8620.000000,2622.813594
8622.000000,2621.917500
8624.000000,2621.021717
8626.000000,2620.126429
8628.000000,2619.231140
8630.000000,2618.335852
8632.000000,2617.441396
8634.000000,2616.546887
8636.000000,2615.652223
8638.000000,2614.758312
8640.000000,2613.864454
8642.000000,2612.970830
8644.000000,2612.077179
8646.000000,2611.183945
8648.000000,2610.290528
8650.000000,2609.397580
8652.000000,2608.504371
8654.000000,2607.611657
8656.000000,2606.718761
8658.000000,2605.826332
8660.000000,2604.933670
8662.000000,2604.041189
8664.000000,2603.148553
8666.000000,2602.256359
8668.000000,2601.363956
8670.000000,2600.471528
8672.000000,2599.579125
8674.000000,2598.686697
8676.000000,2597.794555
8678.000000,2596.902152
8680.000000,2596.009698
8682.000000,2595.117061
8684.000000,2594.224399
8686.000000,2593.331944
8688.000000,2592.439282
8690.000000,2591.546308
8692.000000,2590.653463
8694.000000,2589.760229
8696.000000,2588.867020
8698.000000,2587.973864
8700.000000,2587.080474
8702.000000,2586.186719
8704.000000,2585.292887
8706.000000,2584.398768
8708.000000,2583.504624
8710.000000,2582.610037
8712.000000,2581.715425
8714.000000,2580.820605
8716.000000,2579.925264
8718.000000,2579.030002
8720.000000,2578.134063
8722.000000,2577.238151
8724.000000,2576.341874
8726.000000,2575.445078
8728.000000,2574.548256
8730.000000,2573.651173
8732.000000,2572.753311
8734.000000,2571.855240
8736.000000,2570.957092
8738.000000,2570.058163
8740.000000,2569.159235
8742.000000,2568.259604
8744.000000,2567.359662
8746.000000,2566.459226
8748.000000,2565.558269
8750.000000,2564.657027
8752.000000,2563.755264
8754.000000,2562.852956
8756.000000,2561.950231
8758.000000,2561.046935
8760.000000,2560.143326
8762.000000,2559.238964
8764.000000,2558.334055
8766.000000,2557.428523
8768.000000,2556.522548
8770.000000,2555.615898
8772.000000,2554.708935
8774.000000,2553.801219
8776.000000,2552.892749
8778.000000,2551.983706
8780.000000,2551.073884
8782.000000,2550.163593
8784.000000,2549.252471
8786.000000,2548.340880
8788.000000,2547.428275
8790.000000,2546.515281
8792.000000,2545.601610
8794.000000,2544.686952
8796.000000,2543.771591
8798.000000,2542.855581
8800.000000,2541.938764
8802.000000,2541.020960
8804.000000,2540.102583
8806.000000,2539.183167
8808.000000,2538.262970
8810.000000,2537.342046
8812.000000,2536.420497
8814.000000,2535.497545
8816.000000,2534.574124
8818.000000,2533.649611
8820.000000,2532.724293
8822.000000,2531.798038
8824.000000,2530.870614
8826.000000,2529.942643
8828.000000,2529.013580
8830.000000,2528.083270
8832.000000,2527.151997
8834.000000,2526.220049
8836.000000,2525.286696
8838.000000,2524.352693
8840.000000,2523.417287
8842.000000,2522.480892
8844.000000,2521.543588
8846.000000,2520.604957
8848.000000,2519.665312
8850.000000,2518.724576
8852.000000,2517.782825
8854.000000,2516.839644
8856.000000,2515.895502
8858.000000,2514.950215
8860.000000,2514.003498
8862.000000,2513.055742
8864.000000,2512.106737
8866.000000,2511.156406
8868.000000,2510.204801
8870.000000,2509.251663
8872.000000,2508.297432
8874.000000,2507.342161
8876.000000,2506.385461
8878.000000,2505.427304
8880.000000,2504.467873
8882.000000,2503.507194
8884.000000,2502.544696
8886.000000,2501.581131
8888.000000,2500.616240
8890.000000,2499.649789
8892.000000,2498.681622
8894.000000,2497.712312
8896.000000,2496.741545
8898.000000,2495.768958
8900.000000,2494.795201
8902.000000,2493.819754
8904.000000,2492.842696
8906.000000,2491.864077
8908.000000,2490.884106
8910.000000,2489.902133
8912.000000,2488.918834
8914.000000,2487.934027
8916.000000,2486.947088
8918.000000,2485.958798
8920.000000,2484.968791
8922.000000,2483.976938
8924.000000,2482.983733
8926.000000,2481.988292
8928.000000,2480.991447
8930.000000,2479.992626
8932.000000,2478.992141
8934.000000,2477.989862
8936.000000,2476.985581
8938.000000,2475.979428
8940.000000,2474.971507
8942.000000,2473.961714
8944.000000,2472.949789
8946.000000,2471.936122
8948.000000,2470.920869
8950.000000,2469.903172
8952.000000,2468.883343
8954.000000,2467.861928
8956.000000,2466.838381
8958.000000,2465.812728
8960.000000,2464.784865
8962.000000,2463.755260
8964.000000,2462.723211
8966.000000,2461.689186
8968.000000,2460.652898
8970.000000,2459.614505
8972.000000,2458.573928
8974.000000,2457.531557
8976.000000,2456.486300
8978.000000,2455.439093
8980.000000,2454.389571
8982.000000,2453.337944
8984.000000,2452.283743
8986.000000,2451.227254
8988.000000,2450.168477
8990.000000,2449.107411
8992.000000,2448.043616
8994.000000,2446.977507
8996.000000,2445.909162
8998.000000,2444.838112
9000.000000,2443.764749
9002.000000,2442.688734
9004.000000,2441.610404
9006.000000,2440.529189
9008.000000,2439.445608
9010.000000,2438.359244
9012.000000,2437.270437
9014.000000,2436.178821
9016.000000,2435.084892
9018.000000,2433.987661
9020.000000,2432.887985
9022.000000,2431.785710
9024.000000,2430.680600
9026.000000,2429.572657
9028.000000,2428.461801
9030.000000,2427.348190
9032.000000,2426.231848
9034.000000,2425.112517
9036.000000,2423.990013
9038.000000,2422.864650
9040.000000,2421.736400
9042.000000,2420.605082
9044.000000,2419.470905
9046.000000,2418.333529
9048.000000,2417.192930
9050.000000,2416.049574
9052.000000,2414.902734
9054.000000,2413.752905
9056.000000,2412.600007
9058.000000,2411.443729
9060.000000,2410.284175
9062.000000,2409.121606
9064.000000,2407.955448
9066.000000,2406.785988
9068.000000,2405.613252
9070.000000,2404.437059
9072.000000,2403.257433
9074.000000,2402.074479
9076.000000,2400.887937
9078.000000,2399.697885
9080.000000,2398.504505
9082.000000,2397.307485
9084.000000,2396.106721
9086.000000,2394.902577
9088.000000,2393.694533
9090.000000,2392.482901
9092.000000,2391.267707
9094.000000,2390.048613
9096.000000,2388.825775
9098.000000,2387.599089
9100.000000,2386.368607
9102.000000,2385.134199
9104.000000,2383.896021
9106.000000,2382.653813
9108.000000,2381.407497
9110.000000,2380.157410
9112.000000,2378.903190
9114.000000,2377.644940
9116.000000,2376.382608
9118.000000,2375.116064
9120.000000,2373.845437
9122.000000,2372.570469
9124.000000,2371.291523
9126.000000,2370.008130
9128.000000,2368.720448
9130.000000,2367.428554
9132.000000,2366.132135
9134.000000,2364.831115
9136.000000,2363.525986
9138.000000,2362.216204
9140.000000,2360.902079
9142.000000,2359.583405
9144.000000,2358.259686
9146.000000,2356.931730
9148.000000,2355.598911
9150.000000,2354.261750
9152.000000,2352.919624
9154.000000,2351.572427
9156.000000,2350.220862
9158.000000,2348.864254
9160.000000,2347.502861
9162.000000,2346.136242
9164.000000,2344.764918
9166.000000,2343.388367
9168.000000,2342.006876
9170.000000,2340.620341
9172.000000,2339.228450
9174.000000,2337.831645
9176.000000,2336.429510
9178.000000,2335.022253
9180.000000,2333.609406
9182.000000,2332.191359
9184.000000,2330.768034
9186.000000,2329.339119
9188.000000,2327.904640
9190.000000,2326.464805
9192.000000,2325.019536
9194.000000,2323.568391
9196.000000,2322.111916
9198.000000,2320.649382
9200.000000,2319.181233
9202.000000,2317.707286
9204.000000,2316.227722
9206.000000,2314.742075
9208.000000,2313.250552
9210.000000,2311.753152
9212.000000,2310.249903
9214.000000,2308.740283
9216.000000,2307.224788
9218.000000,2305.703078
9220.000000,2304.174713
9222.000000,2302.640471
9224.000000,2301.100068
9226.000000,2299.552982
9228.000000,2297.999812
9230.000000,2296.440117
9232.000000,2294.873895
9234.000000,2293.301043
9236.000000,2291.721847
9238.000000,2290.135605
9240.000000,2288.542916
9242.000000,2286.943310
9244.000000,2285.337204
9246.000000,2283.724078
9248.000000,2282.104010
9250.000000,2280.477078
9252.000000,2278.842970
9254.000000,2277.201789
9256.000000,2275.553615
9258.000000,2273.898135
9260.000000,2272.235531
9262.000000,2270.565517
9264.000000,2268.888456
9266.000000,2267.203700
9268.000000,2265.511612
9270.000000,2263.811775
9272.000000,2262.104607
9274.000000,2260.389664
9276.000000,2258.667182
9278.000000,2256.936977
9280.000000,2255.198791
9282.000000,2253.452804
9284.000000,2251.699043
9286.000000,2249.937119
9288.000000,2248.167394
9290.000000,2246.389375
9292.000000,2244.603296
9294.000000,2242.808871
9296.000000,2241.006179
9298.000000,2239.195036
9300.000000,2237.375599
9302.000000,2235.547478
9304.000000,2233.710958
9306.000000,2231.866171
9308.000000,2230.012414
9310.000000,2228.149921
9312.000000,2226.278432
9314.000000,2224.398778
9316.000000,2222.509661
9318.000000,2220.611652
9320.000000,2218.704568
9322.000000,2216.788359
9324.000000,2214.862841
9326.000000,2212.928198
9328.000000,2210.984220
9330.000000,2209.030700
9332.000000,2207.067951
9334.000000,2205.095165
9336.000000,2203.113227
9338.000000,2201.121747
9340.000000,2199.119893
9342.000000,2197.108575
9344.000000,2195.087767
9346.000000,2193.056299
9348.000000,2191.015133
9350.000000,2188.963931
9352.000000,2186.902381
9354.000000,2184.830561
9356.000000,2182.748210
9358.000000,2180.656084
9360.000000,2178.553064
9362.000000,2176.439175
9364.000000,2174.314965
9366.000000,2172.180302
9368.000000,2170.034668
9370.000000,2167.877957
9372.000000,2165.710326
9374.000000,2163.531879
9376.000000,2161.342435
9378.000000,2159.141446
9380.000000,2156.929329
9382.000000,2154.705798
9384.000000,2152.471035
9386.000000,2150.225014
9388.000000,2147.966669
9390.000000,2145.697039
9392.000000,2143.415658
9394.000000,2141.122421
9396.000000,2138.817457
9398.000000,2136.500508
9400.000000,2134.171364
9402.000000,2131.830079
9404.000000,2129.476261
9406.000000,2127.110145
9408.000000,2124.731836
9410.000000,2122.340734
9412.000000,2119.937490
9414.000000,2117.521350
9416.000000,2115.092600
9418.000000,2112.651006
9420.000000,2110.196412
9422.000000,2107.728714
9424.000000,2105.247885
9426.000000,2102.753589
9428.000000,2100.246085
9430.000000,2097.725294
9432.000000,2095.190984
9434.000000,2092.643231
9436.000000,2090.081854
9438.000000,2087.506594
9440.000000,2084.917605
9442.000000,2082.314472
9444.000000,2079.697559
9446.000000,2077.066450
9448.000000,2074.421249
9450.000000,2071.761592
9452.000000,2069.087531
9454.000000,2066.399247
9456.000000,2063.695962
9458.000000,2060.978454
9460.000000,2058.246075
9462.000000,2055.498693
9464.000000,2052.736050
9466.000000,2049.958248
9468.000000,2047.165470
9470.000000,2044.357508
9472.000000,2041.534102
9474.000000,2038.695460
9476.000000,2035.841244
9478.000000,2032.971454
9480.000000,2030.086038
9482.000000,2027.184813
9484.000000,2024.267001
9486.000000,2021.333198
9488.000000,2018.383666
9490.000000,2015.417753
9492.000000,2012.435720
9494.000000,2009.437620
9496.000000,2006.422515
9498.000000,2003.390536
9500.000000,2000.341761
9502.000000,1997.276345
9504.000000,1994.194264
9506.000000,1991.095439
9508.000000,1987.978466
9510.000000,1984.844436
9512.000000,1981.693792
9514.000000,1978.525807
9516.000000,1975.340011
9518.000000,1972.135885
9520.000000,1968.914703
9522.000000,1965.675893
9524.000000,1962.419117
9526.000000,1959.143595
9528.000000,1955.850341
9530.000000,1952.539432
9532.000000,1949.209596
9534.000000,1945.860857
9536.000000,1942.494751
9538.000000,1939.110054
9540.000000,1935.705233
9542.000000,1932.282394
9544.000000,1928.841147
9546.000000,1925.379776
9548.000000,1921.900023
9550.000000,1918.401628
9552.000000,1914.882692
9554.000000,1911.344725
9556.000000,1907.788219
9558.000000,1904.210757
9560.000000,1900.614394
9562.000000,1896.998452
9564.000000,1893.361372
9566.000000,1889.706170
9568.000000,1886.029465
9570.000000,1882.332793
9572.000000,1878.616959
9574.000000,1874.879024
9576.000000,1871.122422
9578.000000,1867.344031
9580.000000,1863.545490
9582.000000,1859.726409
9584.000000,1855.885826
9586.000000,1852.025847
9588.000000,1848.142962
9590.000000,1844.240941
9592.000000,1840.316403
9594.000000,1836.371716
9596.000000,1832.404694
9598.000000,1828.417263
9600.000000,1824.407497
9602.000000,1820.376619
9604.000000,1816.323875
9606.000000,1812.249889
9608.000000,1808.153568
9610.000000,1804.035928
9612.000000,1799.895746
9614.000000,1795.734503
9616.000000,1791.549860
9618.000000,1787.344756
9620.000000,1783.115939
9622.000000,1778.866270
9624.000000,1774.592681
9626.000000,1770.298291
9628.000000,1765.980164
9630.000000,1761.640066
9632.000000,1757.277661
9634.000000,1752.891647
9636.000000,1748.484599
9638.000000,1744.053034
9640.000000,1739.599628
9642.000000,1735.123263
9644.000000,1730.623395
9646.000000,1726.102259
9648.000000,1721.556500
9650.000000,1716.987914
9652.000000,1712.397253
9654.000000,1707.782204
9656.000000,1703.144899
9658.000000,1698.484584
9660.000000,1693.800271
9662.000000,1689.093104
9664.000000,1684.362926
9666.000000,1679.609063
9668.000000,1674.832111
9670.000000,1670.032280
9672.000000,1665.208580
9674.000000,1660.361350
9676.000000,1655.492150
9678.000000,1650.597963
9680.000000,1645.680247
9682.000000,1640.740509
9684.000000,1635.776980
9686.000000,1630.790208
9688.000000,1625.779229
9690.000000,1620.745864
9692.000000,1615.688891
9694.000000,1610.608570
9696.000000,1605.504745
9698.000000,1600.378195
9700.000000,1595.228402
9702.000000,1590.055234
9704.000000,1584.858458
9706.000000,1579.638933
9708.000000,1574.397255
9710.000000,1569.130929
9712.000000,1563.842607
9714.000000,1558.530962
9716.000000,1553.196100
9718.000000,1547.839397
9720.000000,1542.459373
9722.000000,1537.056702
9724.000000,1531.632113
9726.000000,1526.183838
9728.000000,1520.713307
9730.000000,1515.221378
9732.000000,1509.707297
9734.000000,1504.169426
9736.000000,1498.610416
9738.000000,1493.029852
9740.000000,1487.426981
9742.000000,1481.801801
9744.000000,1476.155561
9746.000000,1470.488053
9748.000000,1464.799589
9750.000000,1459.089129
9752.000000,1453.357114
9754.000000,1447.604508
9756.000000,1441.831127
9758.000000,1436.037155
9760.000000,1430.223162
9762.000000,1424.388213
9764.000000,1418.532594
9766.000000,1412.657215
9768.000000,1406.762050
9770.000000,1400.847125
9772.000000,1394.912621
9774.000000,1388.958904
9776.000000,1382.986154
9778.000000,1376.994399
9780.000000,1370.984053
9782.000000,1364.955221
9784.000000,1358.907825
9786.000000,1352.842437
9788.000000,1346.759031
9790.000000,1340.658231
9792.000000,1334.539491
9794.000000,1328.404033
9796.000000,1322.251310
9798.000000,1316.082026
9800.000000,1309.896595
9802.000000,1303.694654
9804.000000,1297.477140
9806.000000,1291.243947
9808.000000,1284.995622
9810.000000,1278.731593
9812.000000,1272.452484
9814.000000,1266.158607
9816.000000,1259.850534
9818.000000,1253.529252
9820.000000,1247.194451
9822.000000,1240.846780
9824.000000,1234.484938
9826.000000,1228.110097
9828.000000,1221.723113
9830.000000,1215.324975
9832.000000,1208.914878
9834.000000,1202.492092
9836.000000,1196.058594
9838.000000,1189.614852
9840.000000,1183.161984
9842.000000,1176.696870
9844.000000,1170.222656
9846.000000,1163.740122
9848.000000,1157.247604
9850.000000,1150.746038
9852.000000,1144.237088
9854.000000,1137.721482
9856.000000,1131.195710
9858.000000,1124.664503
9860.000000,1118.125809
9862.000000,1111.580511
9864.000000,1105.030558
9866.000000,1098.474366
9868.000000,1091.912635
9870.000000,1085.346485
9872.000000,1078.775238
9874.000000,1072.201626
9876.000000,1065.623463
9878.000000,1059.042493
9880.000000,1052.457752
9882.000000,1045.871218
9884.000000,1039.284969
9886.000000,1032.693833
9888.000000,1026.102852
9890.000000,1019.510727
9892.000000,1012.921437
9894.000000,1006.328246
9896.000000,999.736850
9898.000000,993.146545
9900.000000,986.560400
9902.000000,979.972878
9904.000000,973.388033
9906.000000,966.807115
9908.000000,960.229030
9910.000000,953.654014
9912.000000,947.083157
9914.000000,940.519139
9916.000000,933.957252
9918.000000,927.400254
9920.000000,920.851836
9922.000000,914.307369
9924.000000,907.769195
9926.000000,901.240329
9928.000000,894.717598
9930.000000,888.201992
9932.000000,881.696812
9934.000000,875.199250
9936.000000,868.709930
9938.000000,862.233142
9940.000000,855.764388
9942.000000,849.304916
9944.000000,842.860550
9946.000000,836.422996
9948.000000,829.997974
9950.000000,823.587617
9952.000000,817.186307
9954.000000,810.800805
9956.000000,804.428512
9958.000000,798.067555
9960.000000,791.725369
9962.000000,785.392076
9964.000000,779.076905
9966.000000,772.777697
9968.000000,766.491334
9970.000000,760.226005
9972.000000,753.971181
9974.000000,747.737338
9976.000000,741.520187
9978.000000,735.318974
9980.000000,729.138276
9982.000000,722.972059
9984.000000,716.830439
9986.000000,710.701273
9988.000000,704.596312
9990.000000,698.508824
9992.000000,692.442058
9994.000000,686.396716
9996.000000,680.369809
9998.000000,674.366691
10000.000000,668.381565
10002.000000,662.422804
10004.000000,656.480917
10006.000000,650.566979
10008.000000,644.669708
10010.000000,638.801765
10012.000000,632.950150
10014.000000,627.129527
10016.000000,621.324973
10018.000000,615.552476
10020.000000,609.796204
10022.000000,604.072353
10024.000000,598.365793
10026.000000,592.691863
10028.000000,587.036393
10030.000000,581.413267
10032.000000,575.809538
10034.000000,570.237918
10036.000000,564.687515
10038.000000,559.168415
10040.000000,553.672404
10042.000000,548.205253
10044.000000,542.765142
10046.000000,537.350824
10048.000000,531.967965
10050.000000,526.607414
10052.000000,521.281597
10054.000000,515.976721
10056.000000,510.706669
10058.000000,505.460680
10060.000000,500.245130
10062.000000,495.059740
10064.000000,489.899450
10066.000000,484.774552
10068.000000,479.671902
10070.000000,474.604604
10072.000000,469.563842
10074.000000,464.551771
10076.000000,459.574970
10078.000000,454.620346
10080.000000,449.702542
10082.000000,444.811525
10084.000000,439.949641
10086.000000,435.123541
10088.000000,430.321016
10090.000000,425.553786
10092.000000,420.816927
10094.000000,416.107003
10096.000000,411.433735
10098.000000,406.786859
10100.000000,402.171064
10102.000000,397.590817
10104.000000,393.035501
10106.000000,388.514442
10108.000000,384.027062
10110.000000,379.564678
10112.000000,375.138159
10114.000000,370.743456
10116.000000,366.375333
10118.000000,362.043160
10120.000000,357.741923
10122.000000,353.468071
10124.000000,349.229954
10126.000000,345.023005
10128.000000,340.843305
10130.000000,336.699012
10132.000000,332.586868
10134.000000,328.501268
10136.000000,324.450435
10138.000000,320.433233
10140.000000,316.441865
10142.000000,312.484133
10144.000000,308.560833
10146.000000,304.664818
10148.000000,300.799787
10150.000000,296.969461
10152.000000,293.169129
10154.000000,289.396783
10156.000000,285.658350
10158.000000,281.952954
10160.000000,278.274347
10162.000000,274.627247
10164.000000,271.013879
10166.000000,267.430814
10168.000000,263.875114
10170.000000,260.352172
10172.000000,256.862404
10174.000000,253.400541
10176.000000,249.967479
10178.000000,246.567151
10180.000000,243.199024
10182.000000,239.858174
10184.000000,236.546632
10186.000000,233.267233
10188.000000,230.019505
10190.000000,226.798944
10192.000000,223.607311
10194.000000,220.447186
10196.000000,217.318385
10198.000000,214.217225
10200.000000,211.143788
10202.000000,208.101165
10204.000000,205.089315
10206.000000,202.106586
10208.000000,199.149932
10210.000000,196.223087
10212.000000,193.326316
10214.000000,190.459495
10216.000000,187.619265
10218.000000,184.806290
10220.000000,182.022836
10222.000000,179.268692
10224.000000,176.543366
10226.000000,173.843812
10228.000000,171.171750
10230.000000,168.528376
10232.000000,165.913554
10234.000000,163.326877
10236.000000,160.765658
10238.000000,158.231114
10240.000000,155.724496
10242.000000,153.245626
10244.000000,150.794334
10246.000000,148.368854
10248.000000,145.968611
10250.000000,143.595311
10252.000000,141.248997
10254.000000,138.929461
10256.000000,136.636398
10258.000000,134.367835
10260.000000,132.124434
10262.000000,129.907203
10264.000000,127.715962
10266.000000,125.550544
10268.000000,123.410717
10270.000000,121.294858
10272.000000,119.203213
10274.000000,117.136743
10276.000000,115.095320
10278.000000,113.078729
10280.000000,111.086851
10282.000000,109.119188
10284.000000,107.174248
10286.000000,105.253262
10288.000000,103.356316
10290.000000,101.483296
10292.000000,99.634008
10294.000000,97.808274
10296.000000,96.005804
10298.000000,94.225383
10300.000000,92.467600
10302.000000,90.732747
10304.000000,89.020698
10306.000000,87.331254
10308.000000,85.664287
10310.000000,84.019574
10312.000000,82.396799
10314.000000,80.795040
10316.000000,79.214846
10318.000000,77.656300
10320.000000,76.119260
10322.000000,74.603552
10324.000000,73.108986
10326.000000,71.635463
10328.000000,70.182760
10330.000000,68.750580
10332.000000,67.338164
10334.000000,65.946034
10336.000000,64.574129
10338.000000,63.222307
10340.000000,61.890336
10342.000000,60.578123
10344.000000,59.285462
10346.000000,58.012272
10348.000000,56.758306
10350.000000,55.523368
10352.000000,54.306863
10354.000000,53.109006
10356.000000,51.929795
10358.000000,50.769048
10360.000000,49.626619
10362.000000,48.502342
10364.000000,47.396068
10366.000000,46.307636
10368.000000,45.236884
10370.000000,44.183658
10372.000000,43.147798
10374.000000,42.129112
10376.000000,41.127202
10378.000000,40.142083
10380.000000,39.173708
10382.000000,38.221924
10384.000000,37.286574
10386.000000,36.367497
10388.000000,35.464537
10390.000000,34.577542
10392.000000,33.706354
10394.000000,32.850817
10396.000000,32.010774
10398.000000,31.186072
10400.000000,30.376555
10402.000000,29.582067
10404.000000,28.802450
10406.000000,28.037415
10408.000000,27.286851
10410.000000,26.550697
10412.000000,25.828806
10414.000000,25.121019
10416.000000,24.427183
10418.000000,23.747146
10420.000000,23.080751
10422.000000,22.427846
10424.000000,21.788276
10426.000000,21.161890
10428.000000,20.548531
10430.000000,19.948049
10432.000000,19.360290
10434.000000,18.785102
10436.000000,18.222329
10438.000000,17.671822
10440.000000,17.133428
10442.000000,16.606991
10444.000000,16.092364
10446.000000,15.589391
10448.000000,15.097916
10450.000000,14.617740
10452.000000,14.148745
10454.000000,13.690803
10456.000000,13.243760
10458.000000,12.807463
10460.000000,12.381759
10462.000000,11.966503
10464.000000,11.561540
10466.000000,11.166719
10468.000000,10.781890
10470.000000,10.406902
10472.000000,10.041607
10474.000000,9.685849
10476.000000,9.339483
10478.000000,9.002356
10480.000000,8.674319
10482.000000,8.355221
10484.000000,8.044914
10486.000000,7.743247
10488.000000,7.450070
10490.000000,7.165233
10492.000000,6.888585
10494.000000,6.619982
10496.000000,6.359270
10498.000000,6.106301
10500.000000,5.860926
10502.000000,5.622997
10504.000000,5.392363
10506.000000,5.168876
10508.000000,4.952385
10510.000000,4.742748
10512.000000,4.539809
10514.000000,4.343424
10516.000000,4.153443
10518.000000,3.969718
10520.000000,3.792099
10522.000000,3.620438
10524.000000,3.454588
10526.000000,3.294403
10528.000000,3.139731
10530.000000,2.990428
10532.000000,2.846342
10534.000000,2.707327
10536.000000,2.573235
10538.000000,2.443919
10540.000000,2.319232
10542.000000,2.199026
10544.000000,2.083150
10546.000000,1.971460
10548.000000,1.863809
10550.000000,1.760048
10552.000000,1.660030
10554.000000,1.563608
10556.000000,1.470631
10558.000000,1.380956
10560.000000,1.294438
10562.000000,1.210923
10564.000000,1.130269
10566.000000,1.052330
10568.000000,0.976957
10570.000000,0.903999
10572.000000,0.833317
10574.000000,0.764758
10576.000000,0.698175
10578.000000,0.633428
10580.000000,0.570362
10582.000000,0.508835
10584.000000,0.448697
10586.000000,0.389804
10588.000000,0.332008
10590.000000,0.275162
10592.000000,0.219119
10594.000000,0.163733
10596.000000,0.108857
10598.000000,0.054345
10600.000000,0.000048
