# SERX2 rescaled to the measured 90-degree point of EO2: peak 5199.942 V -> 5137.4 V (x 0.987973), 2026-09-01, tools/make_v90_targets.py
# V90 at the monitor 5137.4 V = 8.672 V commanded (measured command->HV gain 0.5924); EO zero at -8.7 V, NOT applied -- the record still starts/ends at 0 V; rise/fall hysteresis 0.047 %
# source target_SERX2.csv, 5501 pts at 2.0000 us, header of the source follows
#   from forward.csv + 1000 us hold + reverse.csv, 1.25 us -> 2 us linear
#   split ramp target B (EO2): holds at 0, then ramps on from the handoff level
#   total stroke 10400 V across both EOMs, handed off at 5200.058 V (sample 902, t = 1804 us); this channel peaks at 5199.942 V
#   5501 pts at 2 us = 11.0020 ms period; first/last sample 0.000000/0.000000 V
#   A + B reproduces the integrated stroke sample for sample
time_us,voltage_V
0.000000,0.000000
2.000000,0.000000
4.000000,0.000000
6.000000,0.000000
8.000000,0.000000
10.000000,0.000000
12.000000,0.000000
14.000000,0.000000
16.000000,0.000000
18.000000,0.000000
20.000000,0.000000
22.000000,0.000000
24.000000,0.000000
26.000000,0.000000
28.000000,0.000000
30.000000,0.000000
32.000000,0.000000
34.000000,0.000000
36.000000,0.000000
38.000000,0.000000
40.000000,0.000000
42.000000,0.000000
44.000000,0.000000
46.000000,0.000000
48.000000,0.000000
50.000000,0.000000
52.000000,0.000000
54.000000,0.000000
56.000000,0.000000
58.000000,0.000000
60.000000,0.000000
62.000000,0.000000
64.000000,0.000000
66.000000,0.000000
68.000000,0.000000
70.000000,0.000000
72.000000,0.000000
74.000000,0.000000
76.000000,0.000000
78.000000,0.000000
80.000000,0.000000
82.000000,0.000000
84.000000,0.000000
86.000000,0.000000
88.000000,0.000000
90.000000,0.000000
92.000000,0.000000
94.000000,0.000000
96.000000,0.000000
98.000000,0.000000
100.000000,0.000000
102.000000,0.000000
104.000000,0.000000
106.000000,0.000000
108.000000,0.000000
110.000000,0.000000
112.000000,0.000000
114.000000,0.000000
116.000000,0.000000
118.000000,0.000000
120.000000,0.000000
122.000000,0.000000
124.000000,0.000000
126.000000,0.000000
128.000000,0.000000
130.000000,0.000000
132.000000,0.000000
134.000000,0.000000
136.000000,0.000000
138.000000,0.000000
140.000000,0.000000
142.000000,0.000000
144.000000,0.000000
146.000000,0.000000
148.000000,0.000000
150.000000,0.000000
152.000000,0.000000
154.000000,0.000000
156.000000,0.000000
158.000000,0.000000
160.000000,0.000000
162.000000,0.000000
164.000000,0.000000
166.000000,0.000000
168.000000,0.000000
170.000000,0.000000
172.000000,0.000000
174.000000,0.000000
176.000000,0.000000
178.000000,0.000000
180.000000,0.000000
182.000000,0.000000
184.000000,0.000000
186.000000,0.000000
188.000000,0.000000
190.000000,0.000000
192.000000,0.000000
194.000000,0.000000
196.000000,0.000000
198.000000,0.000000
200.000000,0.000000
202.000000,0.000000
204.000000,0.000000
206.000000,0.000000
208.000000,0.000000
210.000000,0.000000
212.000000,0.000000
214.000000,0.000000
216.000000,0.000000
218.000000,0.000000
220.000000,0.000000
222.000000,0.000000
224.000000,0.000000
226.000000,0.000000
228.000000,0.000000
230.000000,0.000000
232.000000,0.000000
234.000000,0.000000
236.000000,0.000000
238.000000,0.000000
240.000000,0.000000
242.000000,0.000000
244.000000,0.000000
246.000000,0.000000
248.000000,0.000000
250.000000,0.000000
252.000000,0.000000
254.000000,0.000000
256.000000,0.000000
258.000000,0.000000
260.000000,0.000000
262.000000,0.000000
264.000000,0.000000
266.000000,0.000000
268.000000,0.000000
270.000000,0.000000
272.000000,0.000000
274.000000,0.000000
276.000000,0.000000
278.000000,0.000000
280.000000,0.000000
282.000000,0.000000
284.000000,0.000000
286.000000,0.000000
288.000000,0.000000
290.000000,0.000000
292.000000,0.000000
294.000000,0.000000
296.000000,0.000000
298.000000,0.000000
300.000000,0.000000
302.000000,0.000000
304.000000,0.000000
306.000000,0.000000
308.000000,0.000000
310.000000,0.000000
312.000000,0.000000
314.000000,0.000000
316.000000,0.000000
318.000000,0.000000
320.000000,0.000000
322.000000,0.000000
324.000000,0.000000
326.000000,0.000000
328.000000,0.000000
330.000000,0.000000
332.000000,0.000000
334.000000,0.000000
336.000000,0.000000
338.000000,0.000000
340.000000,0.000000
342.000000,0.000000
344.000000,0.000000
346.000000,0.000000
348.000000,0.000000
350.000000,0.000000
352.000000,0.000000
354.000000,0.000000
356.000000,0.000000
358.000000,0.000000
360.000000,0.000000
362.000000,0.000000
364.000000,0.000000
366.000000,0.000000
368.000000,0.000000
370.000000,0.000000
372.000000,0.000000
374.000000,0.000000
376.000000,0.000000
378.000000,0.000000
380.000000,0.000000
382.000000,0.000000
384.000000,0.000000
386.000000,0.000000
388.000000,0.000000
390.000000,0.000000
392.000000,0.000000
394.000000,0.000000
396.000000,0.000000
398.000000,0.000000
400.000000,0.000000
402.000000,0.000000
404.000000,0.000000
406.000000,0.000000
408.000000,0.000000
410.000000,0.000000
412.000000,0.000000
414.000000,0.000000
416.000000,0.000000
418.000000,0.000000
420.000000,0.000000
422.000000,0.000000
424.000000,0.000000
426.000000,0.000000
428.000000,0.000000
430.000000,0.000000
432.000000,0.000000
434.000000,0.000000
436.000000,0.000000
438.000000,0.000000
440.000000,0.000000
442.000000,0.000000
444.000000,0.000000
446.000000,0.000000
448.000000,0.000000
450.000000,0.000000
452.000000,0.000000
454.000000,0.000000
456.000000,0.000000
458.000000,0.000000
460.000000,0.000000
462.000000,0.000000
464.000000,0.000000
466.000000,0.000000
468.000000,0.000000
470.000000,0.000000
472.000000,0.000000
474.000000,0.000000
476.000000,0.000000
478.000000,0.000000
480.000000,0.000000
482.000000,0.000000
484.000000,0.000000
486.000000,0.000000
488.000000,0.000000
490.000000,0.000000
492.000000,0.000000
494.000000,0.000000
496.000000,0.000000
498.000000,0.000000
500.000000,0.000000
502.000000,0.000000
504.000000,0.000000
506.000000,0.000000
508.000000,0.000000
510.000000,0.000000
512.000000,0.000000
514.000000,0.000000
516.000000,0.000000
518.000000,0.000000
520.000000,0.000000
522.000000,0.000000
524.000000,0.000000
526.000000,0.000000
528.000000,0.000000
530.000000,0.000000
532.000000,0.000000
534.000000,0.000000
536.000000,0.000000
538.000000,0.000000
540.000000,0.000000
542.000000,0.000000
544.000000,0.000000
546.000000,0.000000
548.000000,0.000000
550.000000,0.000000
552.000000,0.000000
554.000000,0.000000
556.000000,0.000000
558.000000,0.000000
560.000000,0.000000
562.000000,0.000000
564.000000,0.000000
566.000000,0.000000
568.000000,0.000000
570.000000,0.000000
572.000000,0.000000
574.000000,0.000000
576.000000,0.000000
578.000000,0.000000
580.000000,0.000000
582.000000,0.000000
584.000000,0.000000
586.000000,0.000000
588.000000,0.000000
590.000000,0.000000
592.000000,0.000000
594.000000,0.000000
596.000000,0.000000
598.000000,0.000000
600.000000,0.000000
602.000000,0.000000
604.000000,0.000000
606.000000,0.000000
608.000000,0.000000
610.000000,0.000000
612.000000,0.000000
614.000000,0.000000
616.000000,0.000000
618.000000,0.000000
620.000000,0.000000
622.000000,0.000000
624.000000,0.000000
626.000000,0.000000
628.000000,0.000000
630.000000,0.000000
632.000000,0.000000
634.000000,0.000000
636.000000,0.000000
638.000000,0.000000
640.000000,0.000000
642.000000,0.000000
644.000000,0.000000
646.000000,0.000000
648.000000,0.000000
650.000000,0.000000
652.000000,0.000000
654.000000,0.000000
656.000000,0.000000
658.000000,0.000000
660.000000,0.000000
662.000000,0.000000
664.000000,0.000000
666.000000,0.000000
668.000000,0.000000
670.000000,0.000000
672.000000,0.000000
674.000000,0.000000
676.000000,0.000000
678.000000,0.000000
680.000000,0.000000
682.000000,0.000000
684.000000,0.000000
686.000000,0.000000
688.000000,0.000000
690.000000,0.000000
692.000000,0.000000
694.000000,0.000000
696.000000,0.000000
698.000000,0.000000
700.000000,0.000000
702.000000,0.000000
704.000000,0.000000
706.000000,0.000000
708.000000,0.000000
710.000000,0.000000
712.000000,0.000000
714.000000,0.000000
716.000000,0.000000
718.000000,0.000000
720.000000,0.000000
722.000000,0.000000
724.000000,0.000000
726.000000,0.000000
728.000000,0.000000
730.000000,0.000000
732.000000,0.000000
734.000000,0.000000
736.000000,0.000000
738.000000,0.000000
740.000000,0.000000
742.000000,0.000000
744.000000,0.000000
746.000000,0.000000
748.000000,0.000000
750.000000,0.000000
752.000000,0.000000
754.000000,0.000000
756.000000,0.000000
758.000000,0.000000
760.000000,0.000000
762.000000,0.000000
764.000000,0.000000
766.000000,0.000000
768.000000,0.000000
770.000000,0.000000
772.000000,0.000000
774.000000,0.000000
776.000000,0.000000
778.000000,0.000000
780.000000,0.000000
782.000000,0.000000
784.000000,0.000000
786.000000,0.000000
788.000000,0.000000
790.000000,0.000000
792.000000,0.000000
794.000000,0.000000
796.000000,0.000000
798.000000,0.000000
800.000000,0.000000
802.000000,0.000000
804.000000,0.000000
806.000000,0.000000
808.000000,0.000000
810.000000,0.000000
812.000000,0.000000
814.000000,0.000000
816.000000,0.000000
818.000000,0.000000
820.000000,0.000000
822.000000,0.000000
824.000000,0.000000
826.000000,0.000000
828.000000,0.000000
830.000000,0.000000
832.000000,0.000000
834.000000,0.000000
836.000000,0.000000
838.000000,0.000000
840.000000,0.000000
842.000000,0.000000
844.000000,0.000000
846.000000,0.000000
848.000000,0.000000
850.000000,0.000000
852.000000,0.000000
854.000000,0.000000
856.000000,0.000000
858.000000,0.000000
860.000000,0.000000
862.000000,0.000000
864.000000,0.000000
866.000000,0.000000
868.000000,0.000000
870.000000,0.000000
872.000000,0.000000
874.000000,0.000000
876.000000,0.000000
878.000000,0.000000
880.000000,0.000000
882.000000,0.000000
884.000000,0.000000
886.000000,0.000000
888.000000,0.000000
890.000000,0.000000
892.000000,0.000000
894.000000,0.000000
896.000000,0.000000
898.000000,0.000000
900.000000,0.000000
902.000000,0.000000
904.000000,0.000000
906.000000,0.000000
908.000000,0.000000
910.000000,0.000000
912.000000,0.000000
914.000000,0.000000
916.000000,0.000000
918.000000,0.000000
920.000000,0.000000
922.000000,0.000000
924.000000,0.000000
926.000000,0.000000
928.000000,0.000000
930.000000,0.000000
932.000000,0.000000
934.000000,0.000000
936.000000,0.000000
938.000000,0.000000
940.000000,0.000000
942.000000,0.000000
944.000000,0.000000
946.000000,0.000000
948.000000,0.000000
950.000000,0.000000
952.000000,0.000000
954.000000,0.000000
956.000000,0.000000
958.000000,0.000000
960.000000,0.000000
962.000000,0.000000
964.000000,0.000000
966.000000,0.000000
968.000000,0.000000
970.000000,0.000000
972.000000,0.000000
974.000000,0.000000
976.000000,0.000000
978.000000,0.000000
980.000000,0.000000
982.000000,0.000000
984.000000,0.000000
986.000000,0.000000
988.000000,0.000000
990.000000,0.000000
992.000000,0.000000
994.000000,0.000000
996.000000,0.000000
998.000000,0.000000
1000.000000,0.000000
1002.000000,0.000000
1004.000000,0.000000
1006.000000,0.000000
1008.000000,0.000000
1010.000000,0.000000
1012.000000,0.000000
1014.000000,0.000000
1016.000000,0.000000
1018.000000,0.000000
1020.000000,0.000000
1022.000000,0.000000
1024.000000,0.000000
1026.000000,0.000000
1028.000000,0.000000
1030.000000,0.000000
1032.000000,0.000000
1034.000000,0.000000
1036.000000,0.000000
1038.000000,0.000000
1040.000000,0.000000
1042.000000,0.000000
1044.000000,0.000000
1046.000000,0.000000
1048.000000,0.000000
1050.000000,0.000000
1052.000000,0.000000
1054.000000,0.000000
1056.000000,0.000000
1058.000000,0.000000
1060.000000,0.000000
1062.000000,0.000000
1064.000000,0.000000
1066.000000,0.000000
1068.000000,0.000000
1070.000000,0.000000
1072.000000,0.000000
1074.000000,0.000000
1076.000000,0.000000
1078.000000,0.000000
1080.000000,0.000000
1082.000000,0.000000
1084.000000,0.000000
1086.000000,0.000000
1088.000000,0.000000
1090.000000,0.000000
1092.000000,0.000000
1094.000000,0.000000
1096.000000,0.000000
1098.000000,0.000000
1100.000000,0.000000
1102.000000,0.000000
1104.000000,0.000000
1106.000000,0.000000
1108.000000,0.000000
1110.000000,0.000000
1112.000000,0.000000
1114.000000,0.000000
1116.000000,0.000000
1118.000000,0.000000
1120.000000,0.000000
1122.000000,0.000000
1124.000000,0.000000
1126.000000,0.000000
1128.000000,0.000000
1130.000000,0.000000
1132.000000,0.000000
1134.000000,0.000000
1136.000000,0.000000
1138.000000,0.000000
1140.000000,0.000000
1142.000000,0.000000
1144.000000,0.000000
1146.000000,0.000000
1148.000000,0.000000
1150.000000,0.000000
1152.000000,0.000000
1154.000000,0.000000
1156.000000,0.000000
1158.000000,0.000000
1160.000000,0.000000
1162.000000,0.000000
1164.000000,0.000000
1166.000000,0.000000
1168.000000,0.000000
1170.000000,0.000000
1172.000000,0.000000
1174.000000,0.000000
1176.000000,0.000000
1178.000000,0.000000
1180.000000,0.000000
1182.000000,0.000000
1184.000000,0.000000
1186.000000,0.000000
1188.000000,0.000000
1190.000000,0.000000
1192.000000,0.000000
1194.000000,0.000000
1196.000000,0.000000
1198.000000,0.000000
1200.000000,0.000000
1202.000000,0.000000
1204.000000,0.000000
1206.000000,0.000000
1208.000000,0.000000
1210.000000,0.000000
1212.000000,0.000000
1214.000000,0.000000
1216.000000,0.000000
1218.000000,0.000000
1220.000000,0.000000
1222.000000,0.000000
1224.000000,0.000000
1226.000000,0.000000
1228.000000,0.000000
1230.000000,0.000000
1232.000000,0.000000
1234.000000,0.000000
1236.000000,0.000000
1238.000000,0.000000
1240.000000,0.000000
1242.000000,0.000000
1244.000000,0.000000
1246.000000,0.000000
1248.000000,0.000000
1250.000000,0.000000
1252.000000,0.000000
1254.000000,0.000000
1256.000000,0.000000
1258.000000,0.000000
1260.000000,0.000000
1262.000000,0.000000
1264.000000,0.000000
1266.000000,0.000000
1268.000000,0.000000
1270.000000,0.000000
1272.000000,0.000000
1274.000000,0.000000
1276.000000,0.000000
1278.000000,0.000000
1280.000000,0.000000
1282.000000,0.000000
1284.000000,0.000000
1286.000000,0.000000
1288.000000,0.000000
1290.000000,0.000000
1292.000000,0.000000
1294.000000,0.000000
1296.000000,0.000000
1298.000000,0.000000
1300.000000,0.000000
1302.000000,0.000000
1304.000000,0.000000
1306.000000,0.000000
1308.000000,0.000000
1310.000000,0.000000
1312.000000,0.000000
1314.000000,0.000000
1316.000000,0.000000
1318.000000,0.000000
1320.000000,0.000000
1322.000000,0.000000
1324.000000,0.000000
1326.000000,0.000000
1328.000000,0.000000
1330.000000,0.000000
1332.000000,0.000000
1334.000000,0.000000
1336.000000,0.000000
1338.000000,0.000000
1340.000000,0.000000
1342.000000,0.000000
1344.000000,0.000000
1346.000000,0.000000
1348.000000,0.000000
1350.000000,0.000000
1352.000000,0.000000
1354.000000,0.000000
1356.000000,0.000000
1358.000000,0.000000
1360.000000,0.000000
1362.000000,0.000000
1364.000000,0.000000
1366.000000,0.000000
1368.000000,0.000000
1370.000000,0.000000
1372.000000,0.000000
1374.000000,0.000000
1376.000000,0.000000
1378.000000,0.000000
1380.000000,0.000000
1382.000000,0.000000
1384.000000,0.000000
1386.000000,0.000000
1388.000000,0.000000
1390.000000,0.000000
1392.000000,0.000000
1394.000000,0.000000
1396.000000,0.000000
1398.000000,0.000000
1400.000000,0.000000
1402.000000,0.000000
1404.000000,0.000000
1406.000000,0.000000
1408.000000,0.000000
1410.000000,0.000000
1412.000000,0.000000
1414.000000,0.000000
1416.000000,0.000000
1418.000000,0.000000
1420.000000,0.000000
1422.000000,0.000000
1424.000000,0.000000
1426.000000,0.000000
1428.000000,0.000000
1430.000000,0.000000
1432.000000,0.000000
1434.000000,0.000000
1436.000000,0.000000
1438.000000,0.000000
1440.000000,0.000000
1442.000000,0.000000
1444.000000,0.000000
1446.000000,0.000000
1448.000000,0.000000
1450.000000,0.000000
1452.000000,0.000000
1454.000000,0.000000
1456.000000,0.000000
1458.000000,0.000000
1460.000000,0.000000
1462.000000,0.000000
1464.000000,0.000000
1466.000000,0.000000
1468.000000,0.000000
1470.000000,0.000000
1472.000000,0.000000
1474.000000,0.000000
1476.000000,0.000000
1478.000000,0.000000
1480.000000,0.000000
1482.000000,0.000000
1484.000000,0.000000
1486.000000,0.000000
1488.000000,0.000000
1490.000000,0.000000
1492.000000,0.000000
1494.000000,0.000000
1496.000000,0.000000
1498.000000,0.000000
1500.000000,0.000000
1502.000000,0.000000
1504.000000,0.000000
1506.000000,0.000000
1508.000000,0.000000
1510.000000,0.000000
1512.000000,0.000000
1514.000000,0.000000
1516.000000,0.000000
1518.000000,0.000000
1520.000000,0.000000
1522.000000,0.000000
1524.000000,0.000000
1526.000000,0.000000
1528.000000,0.000000
1530.000000,0.000000
1532.000000,0.000000
1534.000000,0.000000
1536.000000,0.000000
1538.000000,0.000000
1540.000000,0.000000
1542.000000,0.000000
1544.000000,0.000000
1546.000000,0.000000
1548.000000,0.000000
1550.000000,0.000000
1552.000000,0.000000
1554.000000,0.000000
1556.000000,0.000000
1558.000000,0.000000
1560.000000,0.000000
1562.000000,0.000000
1564.000000,0.000000
1566.000000,0.000000
1568.000000,0.000000
1570.000000,0.000000
1572.000000,0.000000
1574.000000,0.000000
1576.000000,0.000000
1578.000000,0.000000
1580.000000,0.000000
1582.000000,0.000000
1584.000000,0.000000
1586.000000,0.000000
1588.000000,0.000000
1590.000000,0.000000
1592.000000,0.000000
1594.000000,0.000000
1596.000000,0.000000
1598.000000,0.000000
1600.000000,0.000000
1602.000000,0.000000
1604.000000,0.000000
1606.000000,0.000000
1608.000000,0.000000
1610.000000,0.000000
1612.000000,0.000000
1614.000000,0.000000
1616.000000,0.000000
1618.000000,0.000000
1620.000000,0.000000
1622.000000,0.000000
1624.000000,0.000000
1626.000000,0.000000
1628.000000,0.000000
1630.000000,0.000000
1632.000000,0.000000
1634.000000,0.000000
1636.000000,0.000000
1638.000000,0.000000
1640.000000,0.000000
1642.000000,0.000000
1644.000000,0.000000
1646.000000,0.000000
1648.000000,0.000000
1650.000000,0.000000
1652.000000,0.000000
1654.000000,0.000000
1656.000000,0.000000
1658.000000,0.000000
1660.000000,0.000000
1662.000000,0.000000
1664.000000,0.000000
1666.000000,0.000000
1668.000000,0.000000
1670.000000,0.000000
1672.000000,0.000000
1674.000000,0.000000
1676.000000,0.000000
1678.000000,0.000000
1680.000000,0.000000
1682.000000,0.000000
1684.000000,0.000000
1686.000000,0.000000
1688.000000,0.000000
1690.000000,0.000000
1692.000000,0.000000
1694.000000,0.000000
1696.000000,0.000000
1698.000000,0.000000
1700.000000,0.000000
1702.000000,0.000000
1704.000000,0.000000
1706.000000,0.000000
1708.000000,0.000000
1710.000000,0.000000
1712.000000,0.000000
1714.000000,0.000000
1716.000000,0.000000
1718.000000,0.000000
1720.000000,0.000000
1722.000000,0.000000
1724.000000,0.000000
1726.000000,0.000000
1728.000000,0.000000
1730.000000,0.000000
1732.000000,0.000000
1734.000000,0.000000
1736.000000,0.000000
1738.000000,0.000000
1740.000000,0.000000
1742.000000,0.000000
1744.000000,0.000000
1746.000000,0.000000
1748.000000,0.000000
1750.000000,0.000000
1752.000000,0.000000
1754.000000,0.000000
1756.000000,0.000000
1758.000000,0.000000
1760.000000,0.000000
1762.000000,0.000000
1764.000000,0.000000
1766.000000,0.000000
1768.000000,0.000000
1770.000000,0.000000
1772.000000,0.000000
1774.000000,0.000000
1776.000000,0.000000
1778.000000,0.000000
1780.000000,0.000000
1782.000000,0.000000
1784.000000,0.000000
1786.000000,0.000000
1788.000000,0.000000
1790.000000,0.000000
1792.000000,0.000000
1794.000000,0.000000
1796.000000,0.000000
1798.000000,0.000000
1800.000000,0.000000
1802.000000,0.000000
1804.000000,0.000000
1806.000000,2.144816
1808.000000,4.289077
1810.000000,6.432861
1812.000000,8.576134
1814.000000,10.719006
1816.000000,12.861482
1818.000000,15.003603
1820.000000,17.145430
1822.000000,19.286963
1824.000000,21.428276
1826.000000,23.569396
1828.000000,25.710355
1830.000000,27.851212
1832.000000,29.991978
1834.000000,32.132719
1836.000000,34.273454
1838.000000,36.414233
1840.000000,38.555082
1842.000000,40.696054
1844.000000,42.837172
1846.000000,44.978483
1848.000000,47.120031
1850.000000,49.261824
1852.000000,51.403959
1854.000000,53.546414
1856.000000,55.689268
1858.000000,57.832544
1860.000000,59.976266
1862.000000,62.120525
1864.000000,64.265298
1866.000000,66.410645
1868.000000,68.556623
1870.000000,70.703203
1872.000000,72.850540
1874.000000,74.998556
1876.000000,77.147352
1878.000000,79.296964
1880.000000,81.447369
1882.000000,83.598740
1884.000000,85.750976
1886.000000,87.904196
1888.000000,90.058425
1890.000000,92.213636
1892.000000,94.370010
1894.000000,96.527441
1896.000000,98.686025
1898.000000,100.845828
1900.000000,103.006776
1902.000000,105.169104
1904.000000,107.332672
1906.000000,109.497585
1908.000000,111.663936
1910.000000,113.831598
1912.000000,116.000889
1914.000000,118.171587
1916.000000,120.343842
1918.000000,122.517728
1920.000000,124.693102
1922.000000,126.870312
1924.000000,129.049104
1926.000000,131.229640
1928.000000,133.412012
1930.000000,135.596057
1932.000000,137.782143
1934.000000,139.970019
1936.000000,142.159843
1938.000000,144.351700
1940.000000,146.545451
1942.000000,148.741439
1944.000000,150.939410
1946.000000,153.139542
1948.000000,155.341879
1950.000000,157.546303
1952.000000,159.753175
1954.000000,161.962203
1956.000000,164.173621
1958.000000,166.387448
1960.000000,168.603529
1962.000000,170.822340
1964.000000,173.043511
1966.000000,175.267257
1968.000000,177.493638
1970.000000,179.722495
1972.000000,181.954250
1974.000000,184.188537
1976.000000,186.425645
1978.000000,188.665592
1980.000000,190.908184
1982.000000,193.153916
1984.000000,195.402398
1986.000000,197.653893
1988.000000,199.908443
1990.000000,202.165854
1992.000000,204.426674
1994.000000,206.690445
1996.000000,208.957430
1998.000000,211.227674
2000.000000,213.500976
2002.000000,215.777919
2004.000000,218.058000
2006.000000,220.341514
2008.000000,222.628516
2010.000000,224.918794
2012.000000,227.212943
2014.000000,229.510443
2016.000000,231.811624
2018.000000,234.116547
2020.000000,236.424961
2022.000000,238.737436
2024.000000,241.053486
2026.000000,243.373452
2028.000000,245.697349
2030.000000,248.024898
2032.000000,250.356850
2034.000000,252.692580
2036.000000,255.032410
2038.000000,257.376446
2040.000000,259.724423
2042.000000,262.076962
2044.000000,264.433527
2046.000000,266.794461
2048.000000,269.159781
2050.000000,271.529262
2052.000000,273.903568
2054.000000,276.282077
2056.000000,278.665233
2058.000000,281.052981
2060.000000,283.445146
2062.000000,285.842407
2064.000000,288.244102
2066.000000,290.650699
2068.000000,293.062140
2070.000000,295.478220
2072.000000,297.899612
2074.000000,300.325713
2076.000000,302.756887
2078.000000,305.193205
2080.000000,307.634347
2082.000000,310.081099
2084.000000,312.532802
2086.000000,314.989816
2088.000000,317.452290
2090.000000,319.919771
2092.000000,322.393194
2094.000000,324.871744
2096.000000,327.355885
2098.000000,329.845709
2100.000000,332.340725
2102.000000,334.842053
2104.000000,337.348626
2106.000000,339.861180
2108.000000,342.379565
2110.000000,344.903507
2112.000000,347.433963
2114.000000,349.969930
2116.000000,352.512160
2118.000000,355.060476
2120.000000,357.614521
2122.000000,360.175432
2124.000000,362.742079
2126.000000,365.315150
2128.000000,367.894730
2130.000000,370.480211
2132.000000,373.072774
2134.000000,375.671539
2136.000000,378.276866
2138.000000,380.888870
2140.000000,383.507254
2142.000000,386.132915
2144.000000,388.764847
2146.000000,391.403748
2148.000000,394.049716
2150.000000,396.702123
2152.000000,399.362101
2154.000000,402.028684
2156.000000,404.702622
2158.000000,407.383765
2160.000000,410.071608
2162.000000,412.767332
2164.000000,415.469903
2166.000000,418.180093
2168.000000,420.897774
2170.000000,423.622424
2172.000000,426.355273
2174.000000,429.095212
2176.000000,431.842886
2178.000000,434.598403
2180.000000,437.361269
2182.000000,440.132640
2184.000000,442.911356
2186.000000,445.698085
2188.000000,448.492889
2190.000000,451.295195
2192.000000,454.106321
2194.000000,456.925067
2196.000000,459.752123
2198.000000,462.587546
2200.000000,465.430739
2202.000000,468.283059
2204.000000,471.143258
2206.000000,474.012040
2208.000000,476.889466
2210.000000,479.774919
2212.000000,482.669799
2214.000000,485.572813
2216.000000,488.484689
2218.000000,491.405483
2220.000000,494.334549
2222.000000,497.273321
2224.000000,500.220463
2226.000000,503.176714
2228.000000,506.142143
2230.000000,509.116221
2232.000000,512.100359
2234.000000,515.093108
2236.000000,518.095225
2238.000000,521.106763
2240.000000,524.127029
2242.000000,527.157599
2244.000000,530.197251
2246.000000,533.246556
2248.000000,536.305512
2250.000000,539.373407
2252.000000,542.451902
2254.000000,545.539760
2256.000000,548.637481
2258.000000,551.745058
2260.000000,554.861830
2262.000000,557.989847
2264.000000,561.127073
2266.000000,564.274296
2268.000000,567.431976
2270.000000,570.599262
2272.000000,573.777426
2274.000000,576.965280
2276.000000,580.163802
2278.000000,583.372517
2280.000000,586.591143
2282.000000,589.821282
2284.000000,593.060971
2286.000000,596.311678
2288.000000,599.572976
2290.000000,602.844151
2292.000000,606.127305
2294.000000,609.420143
2296.000000,612.724315
2298.000000,616.039127
2300.000000,619.364409
2302.000000,622.701410
2304.000000,626.048773
2306.000000,629.407301
2308.000000,632.776956
2310.000000,636.157128
2312.000000,639.549315
2314.000000,642.952064
2316.000000,646.366190
2318.000000,649.791628
2320.000000,653.227888
2322.000000,656.676175
2324.000000,660.135473
2326.000000,663.606034
2328.000000,667.088397
2330.000000,670.581541
2332.000000,674.087053
2334.000000,677.603743
2336.000000,681.131920
2338.000000,684.671954
2340.000000,688.223124
2342.000000,691.786738
2344.000000,695.361541
2346.000000,698.948308
2348.000000,702.546745
2350.000000,706.156525
2352.000000,709.779397
2354.000000,713.413185
2356.000000,717.058998
2358.000000,720.717108
2360.000000,724.386543
2362.000000,728.068679
2364.000000,731.762139
2366.000000,735.467999
2368.000000,739.186212
2370.000000,742.915722
2372.000000,746.658169
2374.000000,750.411932
2376.000000,754.178133
2378.000000,757.956906
2380.000000,761.747175
2382.000000,765.550322
2384.000000,769.365043
2386.000000,773.192351
2388.000000,777.031956
2390.000000,780.882742
2392.000000,784.747347
2394.000000,788.623599
2396.000000,792.511927
2398.000000,796.412826
2400.000000,800.325538
2402.000000,804.251186
2404.000000,808.188681
2406.000000,812.138674
2408.000000,816.100922
2410.000000,820.075172
2412.000000,824.062326
2414.000000,828.061401
2416.000000,832.072981
2418.000000,836.096736
2420.000000,840.132558
2422.000000,844.181145
2424.000000,848.241870
2426.000000,852.314517
2428.000000,856.400083
2430.000000,860.496643
2432.000000,864.607113
2434.000000,868.728443
2436.000000,872.862905
2438.000000,877.008893
2440.000000,881.167343
2442.000000,885.338046
2444.000000,889.521032
2446.000000,893.715274
2448.000000,897.922879
2450.000000,902.141271
2452.000000,906.372562
2454.000000,910.615903
2456.000000,914.870130
2458.000000,919.137838
2460.000000,923.416144
2462.000000,927.706890
2464.000000,932.009775
2466.000000,936.323914
2468.000000,940.649675
2470.000000,944.987678
2472.000000,949.337555
2474.000000,953.697827
2476.000000,958.071260
2478.000000,962.455853
2480.000000,966.850524
2482.000000,971.258159
2484.000000,975.677127
2486.000000,980.106952
2488.000000,984.547631
2490.000000,988.999364
2492.000000,993.463988
2494.000000,997.938556
2496.000000,1002.423877
2498.000000,1006.919938
2500.000000,1011.427112
2502.000000,1015.946473
2504.000000,1020.475618
2506.000000,1025.015323
2508.000000,1029.565539
2510.000000,1034.125422
2512.000000,1038.696977
2514.000000,1043.279032
2516.000000,1047.871440
2518.000000,1052.474066
2520.000000,1057.086067
2522.000000,1061.708935
2524.000000,1066.341061
2526.000000,1070.983155
2528.000000,1075.635142
2530.000000,1080.296191
2532.000000,1084.967714
2534.000000,1089.648124
2536.000000,1094.338093
2538.000000,1099.037532
2540.000000,1103.745638
2542.000000,1108.463737
2544.000000,1113.190301
2546.000000,1117.925926
2548.000000,1122.670492
2550.000000,1127.423202
2552.000000,1132.185269
2554.000000,1136.955215
2556.000000,1141.733559
2558.000000,1146.520133
2560.000000,1151.314182
2562.000000,1156.116783
2564.000000,1160.926570
2566.000000,1165.743978
2568.000000,1170.568821
2570.000000,1175.400680
2572.000000,1180.241954
2574.000000,1185.089736
2576.000000,1189.944375
2578.000000,1194.805645
2580.000000,1199.672836
2582.000000,1204.546674
2584.000000,1209.427834
2586.000000,1214.316171
2588.000000,1219.210173
2590.000000,1224.109181
2592.000000,1229.013720
2594.000000,1233.925098
2596.000000,1238.842955
2598.000000,1243.765353
2600.000000,1248.691690
2602.000000,1253.624076
2604.000000,1258.563005
2606.000000,1263.505531
2608.000000,1268.451325
2610.000000,1273.403375
2612.000000,1278.360465
2614.000000,1283.319806
2616.000000,1288.283279
2618.000000,1293.252668
2620.000000,1298.223850
2622.000000,1303.198139
2624.000000,1308.178037
2626.000000,1313.159228
2628.000000,1318.142830
2630.000000,1323.132107
2632.000000,1328.121085
2634.000000,1333.114029
2636.000000,1338.109859
2638.000000,1343.105545
2640.000000,1348.105960
2642.000000,1353.105778
2644.000000,1358.108180
2646.000000,1363.112743
2648.000000,1368.116252
2650.000000,1373.124087
2652.000000,1378.129196
2654.000000,1383.138289
2656.000000,1388.144938
2658.000000,1393.154381
2660.000000,1398.162465
2662.000000,1403.171052
2664.000000,1408.179121
2666.000000,1413.186936
2668.000000,1418.193796
2670.000000,1423.200639
2672.000000,1428.205161
2674.000000,1433.209976
2676.000000,1438.211610
2678.000000,1443.213958
2680.000000,1448.211573
2682.000000,1453.210981
2684.000000,1458.204253
2686.000000,1463.199329
2688.000000,1468.188125
2690.000000,1473.177200
2692.000000,1478.161887
2694.000000,1483.142915
2696.000000,1488.122676
2698.000000,1493.095749
2700.000000,1498.068505
2702.000000,1503.035742
2704.000000,1507.997927
2706.000000,1512.958656
2708.000000,1517.912376
2710.000000,1522.861861
2712.000000,1527.808861
2714.000000,1532.748218
2716.000000,1537.682672
2718.000000,1542.614471
2720.000000,1547.538529
2722.000000,1552.456295
2724.000000,1557.370509
2726.000000,1562.276995
2728.000000,1567.176801
2730.000000,1572.071881
2732.000000,1576.958624
2734.000000,1581.837307
2736.000000,1586.711073
2738.000000,1591.579156
2740.000000,1596.439079
2742.000000,1601.289562
2744.000000,1606.133682
2746.000000,1610.969957
2748.000000,1615.797031
2750.000000,1620.615768
2752.000000,1625.427520
2754.000000,1630.231763
2756.000000,1635.025939
2758.000000,1639.809431
2760.000000,1644.584400
2762.000000,1649.352733
2764.000000,1654.112284
2766.000000,1658.860474
2768.000000,1663.597498
2770.000000,1668.325785
2772.000000,1673.045528
2774.000000,1677.755119
2776.000000,1682.453124
2778.000000,1687.140612
2780.000000,1691.819149
2782.000000,1696.484798
2784.000000,1701.138826
2786.000000,1705.782629
2788.000000,1710.418729
2790.000000,1715.042441
2792.000000,1719.651729
2794.000000,1724.251733
2796.000000,1728.839949
2798.000000,1733.413033
2800.000000,1737.977883
2802.000000,1742.531199
2804.000000,1747.070082
2806.000000,1751.595242
2808.000000,1756.113300
2810.000000,1760.616369
2812.000000,1765.104321
2814.000000,1769.583337
2816.000000,1774.047066
2818.000000,1778.497509
2820.000000,1782.938303
2822.000000,1787.360571
2824.000000,1791.773058
2826.000000,1796.172645
2828.000000,1800.555142
2830.000000,1804.929202
2832.000000,1809.285788
2834.000000,1813.628914
2836.000000,1817.961488
2838.000000,1822.274465
2840.000000,1826.579868
2842.000000,1830.867664
2844.000000,1835.140571
2846.000000,1839.403053
2848.000000,1843.645618
2850.000000,1847.880443
2852.000000,1852.095296
2854.000000,1856.298390
2856.000000,1860.487810
2858.000000,1864.659283
2860.000000,1868.821712
2862.000000,1872.962584
2864.000000,1877.094489
2866.000000,1881.207738
2868.000000,1885.308452
2870.000000,1889.394172
2872.000000,1893.463466
2874.000000,1897.520121
2876.000000,1901.559372
2878.000000,1905.586490
2880.000000,1909.595999
2882.000000,1913.593105
2884.000000,1917.572259
2886.000000,1921.539831
2888.000000,1925.487702
2890.000000,1929.426603
2892.000000,1933.342105
2894.000000,1937.251116
2896.000000,1941.138369
2898.000000,1945.015610
2900.000000,1948.874995
2902.000000,1952.720005
2904.000000,1956.549687
2906.000000,1960.364288
2908.000000,1964.164578
2910.000000,1967.948068
2912.000000,1971.719563
2914.000000,1975.469369
2916.000000,1979.214559
2918.000000,1982.935398
2920.000000,1986.649504
2922.000000,1990.339267
2924.000000,1994.022250
2926.000000,1997.686834
2928.000000,2001.334870
2930.000000,2004.974696
2932.000000,2008.590748
2934.000000,2012.200788
2936.000000,2015.787961
2938.000000,2019.367133
2940.000000,2022.930726
2942.000000,2026.474789
2944.000000,2030.012185
2946.000000,2033.525233
2948.000000,2037.034318
2950.000000,2040.525004
2952.000000,2043.997698
2954.000000,2047.464005
2956.000000,2050.906315
2958.000000,2054.344161
2960.000000,2057.765366
2962.000000,2061.167381
2964.000000,2064.564229
2966.000000,2067.939279
2968.000000,2071.304781
2970.000000,2074.660034
2972.000000,2077.992135
2974.000000,2081.321237
2976.000000,2084.632608
2978.000000,2087.926454
2980.000000,2091.217631
2982.000000,2094.488867
2984.000000,2097.748349
2986.000000,2100.994819
2988.000000,2104.228391
2990.000000,2107.450144
2992.000000,2110.658225
2994.000000,2113.854703
2996.000000,2117.038713
2998.000000,2120.210351
3000.000000,2123.370663
3002.000000,2126.517895
3004.000000,2129.654046
3006.000000,2132.778265
3008.000000,2135.890676
3010.000000,2138.992317
3012.000000,2142.081481
3014.000000,2145.160079
3016.000000,2148.227352
3018.000000,2151.283393
3020.000000,2154.329211
3022.000000,2157.363182
3024.000000,2160.387159
3026.000000,2163.400374
3028.000000,2166.402993
3030.000000,2169.395905
3032.000000,2172.377647
3034.000000,2175.349934
3036.000000,2178.312066
3038.000000,2181.264202
3040.000000,2184.207199
3042.000000,2187.139658
3044.000000,2190.063220
3046.000000,2192.977244
3048.000000,2195.881848
3050.000000,2198.777866
3052.000000,2201.664024
3054.000000,2204.541829
3056.000000,2207.410688
3058.000000,2210.270732
3060.000000,2213.122752
3062.000000,2215.965551
3064.000000,2218.800544
3066.000000,2221.627195
3068.000000,2224.445637
3070.000000,2227.256606
3072.000000,2230.058971
3074.000000,2232.854094
3076.000000,2235.641471
3078.000000,2238.421220
3080.000000,2241.194049
3082.000000,2243.958904
3084.000000,2246.717061
3086.000000,2249.468058
3088.000000,2252.212017
3090.000000,2254.949592
3092.000000,2257.679822
3094.000000,2260.403903
3096.000000,2263.121391
3098.000000,2265.832443
3100.000000,2268.537632
3102.000000,2271.236123
3104.000000,2273.928987
3106.000000,2276.615850
3108.000000,2279.296858
3110.000000,2281.972527
3112.000000,2284.642148
3114.000000,2287.306659
3116.000000,2289.965756
3118.000000,2292.619578
3120.000000,2295.268601
3122.000000,2297.912183
3124.000000,2300.551215
3126.000000,2303.185396
3128.000000,2305.814877
3130.000000,2308.440123
3132.000000,2311.060524
3134.000000,2313.676897
3136.000000,2316.289041
3138.000000,2318.897038
3140.000000,2321.501311
3142.000000,2324.101390
3144.000000,2326.697983
3146.000000,2329.290891
3148.000000,2331.880232
3150.000000,2334.466401
3152.000000,2337.048993
3154.000000,2339.628615
3156.000000,2342.205124
3158.000000,2344.778646
3160.000000,2347.349530
3162.000000,2349.917442
3164.000000,2352.482910
3166.000000,2355.045840
3168.000000,2357.606351
3170.000000,2360.164745
3172.000000,2362.720778
3174.000000,2365.274892
3176.000000,2367.827031
3178.000000,2370.377311
3180.000000,2372.925973
3182.000000,2375.472894
3184.000000,2378.018411
3186.000000,2380.562511
3188.000000,2383.105307
3190.000000,2385.646995
3192.000000,2388.187512
3194.000000,2390.727135
3196.000000,2393.265900
3198.000000,2395.803904
3200.000000,2398.341297
3202.000000,2400.878097
3204.000000,2403.414486
3206.000000,2405.950532
3208.000000,2408.486343
3210.000000,2411.022039
3212.000000,2413.557700
3214.000000,2416.093426
3216.000000,2418.629314
3218.000000,2421.165470
3220.000000,2423.701955
3222.000000,2426.238937
3224.000000,2428.776451
3226.000000,2431.314618
3228.000000,2433.853534
3230.000000,2436.393223
3232.000000,2438.933916
3234.000000,2441.475556
3236.000000,2444.018306
3238.000000,2446.562279
3240.000000,2449.107446
3242.000000,2451.654092
3244.000000,2454.202094
3246.000000,2456.751636
3248.000000,2459.302811
3250.000000,2461.855571
3252.000000,2464.410268
3254.000000,2466.966692
3256.000000,2469.525059
3258.000000,2472.085445
3260.000000,2474.647761
3262.000000,2477.212434
3264.000000,2479.779178
3266.000000,2482.348225
3268.000000,2484.919646
3270.000000,2487.493318
3272.000000,2490.069717
3274.000000,2492.648492
3276.000000,2495.229896
3278.000000,2497.813995
3280.000000,2500.400643
3282.000000,2502.990334
3284.000000,2505.582670
3286.000000,2508.177920
3288.000000,2510.776156
3290.000000,2513.377200
3292.000000,2515.981546
3294.000000,2518.588772
3296.000000,2521.199181
3298.000000,2523.812811
3300.000000,2526.429434
3302.000000,2529.049614
3304.000000,2531.672891
3306.000000,2534.299534
3308.000000,2536.929583
3310.000000,2539.562830
3312.000000,2542.199817
3314.000000,2544.840033
3316.000000,2547.483813
3318.000000,2550.131147
3320.000000,2552.781793
3322.000000,2555.436356
3324.000000,2558.094266
3326.000000,2560.755846
3328.000000,2563.421114
3330.000000,2566.089779
3332.000000,2568.762476
3334.000000,2571.438603
3336.000000,2574.118481
3338.000000,2576.802125
3340.000000,2579.489234
3342.000000,2582.180436
3344.000000,2584.875117
3346.000000,2587.573607
3348.000000,2590.275883
3350.000000,2592.981684
3352.000000,2595.691573
3354.000000,2598.404987
3356.000000,2601.122203
3358.000000,2603.843225
3360.000000,2606.567760
3362.000000,2609.296387
3364.000000,2612.028517
3366.000000,2614.764440
3368.000000,2617.504139
3370.000000,2620.247332
3372.000000,2622.994567
3374.000000,2625.745281
3376.000000,2628.499725
3378.000000,2631.257913
3380.000000,2634.019525
3382.000000,2636.785126
3384.000000,2639.554141
3386.000000,2642.326816
3388.000000,2645.103166
3390.000000,2647.882862
3392.000000,2650.666463
3394.000000,2653.453398
3396.000000,2656.243905
3398.000000,2659.037984
3400.000000,2661.835336
3402.000000,2664.636474
3404.000000,2667.440852
3406.000000,2670.248710
3408.000000,2673.060021
3410.000000,2675.874511
3412.000000,2678.692672
3414.000000,2681.513953
3416.000000,2684.338614
3418.000000,2687.166613
3420.000000,2689.997670
3422.000000,2692.832276
3424.000000,2695.669906
3426.000000,2698.510777
3428.000000,2701.354865
3430.000000,2704.201908
3432.000000,2707.052366
3434.000000,2709.905728
3436.000000,2712.762212
3438.000000,2715.621797
3440.000000,2718.484223
3442.000000,2721.349927
3444.000000,2724.218423
3446.000000,2727.089931
3448.000000,2729.964421
3450.000000,2732.841645
3452.000000,2735.722020
3454.000000,2738.605084
3456.000000,2741.491046
3458.000000,2744.379881
3460.000000,2747.271346
3462.000000,2750.165851
3464.000000,2753.062953
3466.000000,2755.962846
3468.000000,2758.865508
3470.000000,2761.770710
3472.000000,2764.678860
3474.000000,2767.589523
3476.000000,2770.502883
3478.000000,2773.418926
3480.000000,2776.337437
3482.000000,2779.258810
3484.000000,2782.182616
3486.000000,2785.109052
3488.000000,2788.038117
3490.000000,2790.969579
3492.000000,2793.903834
3494.000000,2796.840478
3496.000000,2799.779695
3498.000000,2802.721477
3500.000000,2805.665627
3502.000000,2808.612523
3504.000000,2811.561765
3506.000000,2814.513561
3508.000000,2817.467886
3510.000000,2820.424543
3512.000000,2823.383944
3514.000000,2826.345667
3516.000000,2829.309918
3518.000000,2832.276708
3520.000000,2835.245818
3522.000000,2838.217663
3524.000000,2841.191847
3526.000000,2844.168554
3528.000000,2847.147821
3530.000000,2850.129422
3532.000000,2853.113777
3534.000000,2856.100494
3536.000000,2859.089765
3538.000000,2862.081626
3540.000000,2865.075851
3542.000000,2868.072884
3544.000000,2871.072308
3546.000000,2874.074353
3548.000000,2877.079020
3550.000000,2880.086119
3552.000000,2883.096081
3554.000000,2886.108495
3556.000000,2889.123599
3558.000000,2892.141390
3560.000000,2895.161696
3562.000000,2898.184928
3564.000000,2901.210708
3566.000000,2904.239238
3568.000000,2907.270568
3570.000000,2910.304466
3572.000000,2913.341426
3574.000000,2916.380992
3576.000000,2919.423434
3578.000000,2922.468746
3580.000000,2925.516754
3582.000000,2928.567899
3584.000000,2931.621784
3586.000000,2934.678631
3588.000000,2937.738476
3590.000000,2940.801110
3592.000000,2943.867011
3594.000000,2946.935757
3596.000000,2950.007576
3598.000000,2953.082529
3600.000000,2956.160370
3602.000000,2959.241618
3604.000000,2962.325820
3606.000000,2965.413221
3608.000000,2968.503881
3610.000000,2971.597544
3612.000000,2974.694746
3614.000000,2977.795022
3616.000000,2980.898626
3618.000000,2984.005599
3620.000000,2987.115711
3622.000000,2990.229486
3624.000000,2993.346447
3626.000000,2996.466876
3628.000000,2999.590784
3630.000000,3002.717938
3632.000000,3005.848910
3634.000000,3008.983162
3636.000000,3012.120993
3638.000000,3015.262449
3640.000000,3018.407250
3642.000000,3021.555976
3644.000000,3024.708106
3646.000000,3027.863938
3648.000000,3031.023481
3650.000000,3034.186472
3652.000000,3037.353517
3654.000000,3040.524059
3656.000000,3043.698394
3658.000000,3046.876543
3660.000000,3050.058227
3662.000000,3053.244077
3664.000000,3056.433498
3666.000000,3059.626802
3668.000000,3062.824003
3670.000000,3066.024820
3672.000000,3069.229874
3674.000000,3072.438581
3676.000000,3075.651243
3678.000000,3078.867875
3680.000000,3082.088184
3682.000000,3085.312791
3684.000000,3088.541094
3686.000000,3091.773412
3688.000000,3095.009759
3690.000000,3098.249829
3692.000000,3101.494246
3694.000000,3104.742397
3696.000000,3107.994598
3698.000000,3111.250853
3700.000000,3114.510855
3702.000000,3117.775230
3704.000000,3121.043357
3706.000000,3124.315552
3708.000000,3127.591812
3710.000000,3130.871825
3712.000000,3134.156218
3714.000000,3137.444359
3716.000000,3140.736564
3718.000000,3144.032824
3720.000000,3147.332825
3722.000000,3150.637186
3724.000000,3153.945281
3726.000000,3157.257409
3728.000000,3160.573569
3730.000000,3163.893437
3732.000000,3167.217627
3734.000000,3170.545511
3736.000000,3173.877386
3738.000000,3177.213239
3740.000000,3180.552757
3742.000000,3183.896543
3744.000000,3187.243965
3746.000000,3190.595315
3748.000000,3193.950575
3750.000000,3197.309432
3752.000000,3200.672466
3754.000000,3204.039064
3756.000000,3207.409516
3758.000000,3210.783803
3760.000000,3214.161605
3762.000000,3217.543489
3764.000000,3220.928853
3766.000000,3224.317969
3768.000000,3227.710828
3770.000000,3231.107113
3772.000000,3234.507369
3774.000000,3237.911004
3776.000000,3241.318292
3778.000000,3244.729209
3780.000000,3248.143447
3782.000000,3251.561528
3784.000000,3254.982891
3786.000000,3258.407792
3788.000000,3261.836190
3790.000000,3265.267794
3792.000000,3268.703131
3794.000000,3272.141633
3796.000000,3275.583533
3798.000000,3279.028814
3800.000000,3282.477203
3802.000000,3285.929167
3804.000000,3289.384177
3806.000000,3292.842480
3808.000000,3296.304028
3810.000000,3299.768552
3812.000000,3303.236537
3814.000000,3306.707443
3816.000000,3310.181504
3818.000000,3313.658697
3820.000000,3317.138743
3822.000000,3320.622114
3824.000000,3324.108302
3826.000000,3327.597510
3828.000000,3331.089736
3830.000000,3334.584703
3832.000000,3338.082863
3834.000000,3341.583732
3836.000000,3345.087509
3838.000000,3348.594185
3840.000000,3352.103498
3842.000000,3355.615889
3844.000000,3359.130881
3846.000000,3362.648683
3848.000000,3366.169268
3850.000000,3369.692405
3852.000000,3373.218506
3854.000000,3376.747117
3856.000000,3380.278453
3858.000000,3383.812469
3860.000000,3387.348971
3862.000000,3390.888330
3864.000000,3394.430139
3866.000000,3397.974572
3868.000000,3401.521634
3870.000000,3405.071089
3872.000000,3408.623351
3874.000000,3412.177982
3876.000000,3415.735199
3878.000000,3419.294963
3880.000000,3422.857093
3882.000000,3426.421953
3884.000000,3429.989156
3886.000000,3433.558885
3888.000000,3437.131133
3890.000000,3440.705709
3892.000000,3444.282978
3894.000000,3447.862571
3896.000000,3451.444657
3898.000000,3455.029249
3900.000000,3458.616146
3902.000000,3462.205730
3904.000000,3465.797627
3906.000000,3469.392016
3908.000000,3472.988913
3910.000000,3476.588120
3912.000000,3480.190023
3914.000000,3483.794253
3916.000000,3487.400993
3918.000000,3491.010259
3920.000000,3494.621861
3922.000000,3498.236188
3924.000000,3501.852867
3926.000000,3505.472096
3928.000000,3509.093884
3930.000000,3512.718050
3932.000000,3516.344989
3934.000000,3519.974324
3936.000000,3523.606268
3938.000000,3527.240825
3940.000000,3530.877813
3942.000000,3534.517656
3944.000000,3538.159952
3946.000000,3541.804923
3948.000000,3545.452592
3950.000000,3549.102763
3952.000000,3552.755861
3954.000000,3556.411497
3956.000000,3560.069891
3958.000000,3563.731061
3960.000000,3567.394808
3962.000000,3571.061597
3964.000000,3574.730999
3966.000000,3578.403253
3968.000000,3582.078379
3970.000000,3585.756178
3972.000000,3589.437113
3974.000000,3593.120759
3976.000000,3596.807356
3978.000000,3600.496934
3980.000000,3604.189277
3982.000000,3607.884868
3984.000000,3611.583265
3986.000000,3615.284723
3988.000000,3618.989266
3990.000000,3622.696672
3992.000000,3626.407439
3994.000000,3630.121112
3996.000000,3633.837950
3998.000000,3637.557975
4000.000000,3641.280955
4002.000000,3645.007413
4004.000000,3648.736868
4006.000000,3652.469585
4008.000000,3656.205584
4010.000000,3659.944634
4012.000000,3663.687260
4014.000000,3667.432969
4016.000000,3671.182032
4018.000000,3674.934475
4020.000000,3678.690048
4022.000000,3682.449285
4024.000000,3686.211686
4026.000000,3689.977521
4028.000000,3693.746806
4030.000000,3697.519291
4032.000000,3701.295517
4034.000000,3705.074960
4036.000000,3708.857902
4038.000000,3712.644350
4040.000000,3716.434040
4042.000000,3720.227533
4044.000000,3724.024278
4046.000000,3727.824569
4048.000000,3731.628403
4050.000000,3735.435509
4052.000000,3739.246451
4054.000000,3743.060665
4056.000000,3746.878447
4058.000000,3750.699781
4060.000000,3754.524404
4062.000000,3758.352854
4064.000000,3762.184585
4066.000000,3766.019867
4068.000000,3769.858689
4070.000000,3773.700783
4072.000000,3777.546676
4074.000000,3781.395826
4076.000000,3785.248482
4078.000000,3789.104652
4080.000000,3792.964038
4082.000000,3796.827176
4084.000000,3800.693507
4086.000000,3804.563292
4088.000000,3808.436505
4090.000000,3812.312875
4092.000000,3816.192900
4094.000000,3820.076039
4096.000000,3823.962539
4098.000000,3827.852361
4100.000000,3831.745246
4102.000000,3835.641657
4104.000000,3839.541080
4106.000000,3843.443732
4108.000000,3847.349577
4110.000000,3851.258358
4112.000000,3855.170511
4114.000000,3859.085535
4116.000000,3863.003638
4118.000000,3866.924773
4120.000000,3870.848695
4122.000000,3874.775813
4124.000000,3878.705635
4126.000000,3882.638364
4128.000000,3886.573946
4130.000000,3890.512128
4132.000000,3894.453309
4134.000000,3898.397010
4136.000000,3902.343402
4138.000000,3906.292451
4140.000000,3910.243901
4142.000000,3914.198103
4144.000000,3918.154631
4146.000000,3922.113629
4148.000000,3926.075043
4150.000000,3930.038655
4152.000000,3934.004778
4154.000000,3937.972999
4156.000000,3941.943451
4158.000000,3945.916090
4160.000000,3949.890700
4162.000000,3953.867550
4164.000000,3957.846272
4166.000000,3961.826984
4168.000000,3965.809624
4170.000000,3969.794000
4172.000000,3973.780343
4174.000000,3977.768332
4176.000000,3981.758051
4178.000000,3985.749444
4180.000000,3989.742337
4182.000000,3993.736930
4184.000000,3997.732935
4186.000000,4001.730412
4188.000000,4005.729312
4190.000000,4009.729481
4192.000000,4013.731087
4194.000000,4017.733870
4196.000000,4021.737878
4198.000000,4025.743066
4200.000000,4029.749301
4202.000000,4033.756713
4204.000000,4037.765085
4206.000000,4041.774451
4208.000000,4045.784767
4210.000000,4049.795922
4212.000000,4053.808018
4214.000000,4057.820872
4216.000000,4061.834510
4218.000000,4065.848890
4220.000000,4069.863922
4222.000000,4073.879679
4224.000000,4077.896020
4226.000000,4081.912959
4228.000000,4085.930458
4230.000000,4089.948447
4232.000000,4093.966974
4234.000000,4097.985939
4236.000000,4102.005344
4238.000000,4106.025161
4240.000000,4110.045335
4242.000000,4114.065899
4244.000000,4118.086778
4246.000000,4122.107980
4248.000000,4126.129481
4250.000000,4130.151240
4252.000000,4134.173281
4254.000000,4138.195553
4256.000000,4142.218064
4258.000000,4146.240800
4260.000000,4150.263734
4262.000000,4154.286889
4264.000000,4158.310227
4266.000000,4162.333759
4268.000000,4166.357486
4270.000000,4170.381391
4272.000000,4174.405500
4274.000000,4178.429785
4276.000000,4182.454266
4278.000000,4186.478950
4280.000000,4190.503829
4282.000000,4194.528946
4284.000000,4198.554271
4286.000000,4202.579835
4288.000000,4206.605654
4290.000000,4210.631718
4292.000000,4214.658093
4294.000000,4218.684751
4296.000000,4222.711732
4298.000000,4226.739055
4300.000000,4230.766714
4302.000000,4234.794797
4304.000000,4238.823268
4306.000000,4242.852187
4308.000000,4246.881579
4310.000000,4250.911434
4312.000000,4254.941864
4314.000000,4258.972819
4316.000000,4263.004371
4318.000000,4267.036562
4320.000000,4271.069370
4322.000000,4275.102935
4324.000000,4279.137185
4326.000000,4283.172214
4328.000000,4287.208058
4330.000000,4291.244696
4332.000000,4295.282300
4334.000000,4299.320771
4336.000000,4303.360218
4338.000000,4307.400685
4340.000000,4311.442128
4342.000000,4315.484757
4344.000000,4319.528444
4346.000000,4323.573315
4348.000000,4327.619416
4350.000000,4331.666686
4352.000000,4335.715363
4354.000000,4339.765287
4356.000000,4343.816599
4358.000000,4347.869339
4360.000000,4351.923433
4362.000000,4355.979149
4364.000000,4360.036295
4366.000000,4364.095017
4368.000000,4368.155356
4370.000000,4372.217215
4372.000000,4376.280885
4374.000000,4380.346139
4376.000000,4384.413133
4378.000000,4388.481901
4380.000000,4392.552327
4382.000000,4396.624716
4384.000000,4400.698810
4386.000000,4404.774772
4388.000000,4408.852623
4390.000000,4412.932225
4392.000000,4417.013895
4394.000000,4421.097341
4396.000000,4425.182725
4398.000000,4429.270052
4400.000000,4433.359176
4402.000000,4437.450398
4404.000000,4441.543415
4406.000000,4445.638374
4408.000000,4449.735265
4410.000000,4453.833929
4412.000000,4457.934644
4414.000000,4462.037101
4416.000000,4466.141420
4418.000000,4470.247578
4420.000000,4474.355403
4422.000000,4478.465138
4424.000000,4482.576473
4426.000000,4486.689501
4428.000000,4490.804178
4430.000000,4494.920330
4432.000000,4499.038144
4434.000000,4503.157328
4436.000000,4507.277935
4438.000000,4511.399897
4440.000000,4515.523046
4442.000000,4519.647494
4444.000000,4523.772976
4446.000000,4527.899499
4448.000000,4532.026966
4450.000000,4536.155225
4452.000000,4540.284291
4454.000000,4544.413949
4456.000000,4548.544143
4458.000000,4552.674754
4460.000000,4556.805644
4462.000000,4560.936721
4464.000000,4565.067833
4466.000000,4569.198855
4468.000000,4573.329641
4470.000000,4577.460084
4472.000000,4581.589956
4474.000000,4585.719190
4476.000000,4589.847582
4478.000000,4593.974961
4480.000000,4598.101253
4482.000000,4602.226085
4484.000000,4606.349490
4486.000000,4610.471175
4488.000000,4614.590942
4490.000000,4618.708767
4492.000000,4622.824106
4494.000000,4626.937115
4496.000000,4631.047405
4498.000000,4635.154752
4500.000000,4639.259192
4502.000000,4643.359995
4504.000000,4647.457455
4506.000000,4651.551084
4508.000000,4655.640634
4510.000000,4659.726207
4512.000000,4663.806874
4514.000000,4667.883093
4516.000000,4671.954265
4518.000000,4676.020120
4520.000000,4680.080843
4522.000000,4684.135287
4524.000000,4688.184092
4526.000000,4692.226541
4528.000000,4696.262346
4530.000000,4700.291783
4532.000000,4704.313482
4534.000000,4708.328278
4536.000000,4712.335337
4538.000000,4716.334353
4540.000000,4720.325702
4542.000000,4724.307787
4544.000000,4728.281650
4546.000000,4732.246334
4548.000000,4736.201531
4550.000000,4740.147721
4552.000000,4744.083069
4554.000000,4748.008840
4556.000000,4751.923961
4558.000000,4755.828118
4560.000000,4759.721900
4562.000000,4763.603245
4564.000000,4767.473643
4566.000000,4771.331909
4568.000000,4775.177725
4570.000000,4779.011799
4572.000000,4782.831841
4574.000000,4786.639573
4576.000000,4790.433700
4578.000000,4794.213912
4580.000000,4797.981032
4582.000000,4801.732554
4584.000000,4805.470434
4586.000000,4809.193270
4588.000000,4812.900770
4590.000000,4816.593868
4592.000000,4820.269858
4594.000000,4823.930927
4596.000000,4827.575574
4598.000000,4831.203521
4600.000000,4834.815824
4602.000000,4838.409593
4604.000000,4841.987223
4606.000000,4845.547139
4608.000000,4849.089078
4610.000000,4852.614217
4612.000000,4856.119486
4614.000000,4859.607501
4616.000000,4863.076607
4618.000000,4866.526572
4620.000000,4869.958678
4622.000000,4873.369705
4624.000000,4876.762469
4626.000000,4880.135256
4628.000000,4883.487857
4630.000000,4886.821659
4632.000000,4890.133316
4634.000000,4893.425821
4636.000000,4896.697416
4638.000000,4899.947918
4640.000000,4903.178811
4642.000000,4906.386646
4644.000000,4909.574577
4646.000000,4912.740806
4648.000000,4915.885183
4650.000000,4919.009277
4652.000000,4922.109564
4654.000000,4925.189328
4656.000000,4928.246750
4658.000000,4931.281714
4660.000000,4934.295863
4662.000000,4937.285615
4664.000000,4940.254368
4666.000000,4943.200294
4668.000000,4946.123308
4670.000000,4949.025111
4672.000000,4951.902090
4674.000000,4954.757735
4676.000000,4957.590217
4678.000000,4960.399481
4680.000000,4963.187270
4682.000000,4965.949970
4684.000000,4968.691125
4686.000000,4971.408918
4688.000000,4974.103321
4690.000000,4976.776116
4692.000000,4979.423685
4694.000000,4982.049622
4696.000000,4984.652122
4698.000000,4987.231179
4700.000000,4989.788604
4702.000000,4992.320789
4704.000000,4994.831355
4706.000000,4997.318512
4708.000000,4999.782278
4710.000000,5002.224471
4712.000000,5004.641512
4714.000000,5007.037033
4716.000000,5009.409254
4718.000000,5011.758211
4720.000000,5014.085723
4722.000000,5016.388254
4724.000000,5018.669406
4726.000000,5020.927436
4728.000000,5023.162381
4730.000000,5025.376052
4732.000000,5027.564955
4734.000000,5029.732656
4736.000000,5031.877444
4738.000000,5033.999351
4740.000000,5036.100174
4742.000000,5038.176458
4744.000000,5040.231740
4746.000000,5042.264306
4748.000000,5044.274201
4750.000000,5046.263206
4752.000000,5048.227876
4754.000000,5050.171729
4756.000000,5052.093058
4758.000000,5053.991901
4760.000000,5055.870007
4762.000000,5057.723971
4764.000000,5059.557258
4766.000000,5061.368171
4768.000000,5063.156737
4770.000000,5064.924691
4772.000000,5066.668622
4774.000000,5068.391975
4776.000000,5070.093057
4778.000000,5071.771864
4780.000000,5073.430133
4782.000000,5075.064432
4784.000000,5076.678199
4786.000000,5078.269720
4788.000000,5079.838992
4790.000000,5081.387722
4792.000000,5082.912478
4794.000000,5084.416685
4796.000000,5085.898615
4798.000000,5087.358249
4800.000000,5088.797290
4802.000000,5090.212298
4804.000000,5091.606671
4806.000000,5092.978693
4808.000000,5094.328321
4810.000000,5095.657283
4812.000000,5096.962069
4814.000000,5098.246138
4816.000000,5099.507732
4818.000000,5100.746819
4820.000000,5101.965118
4822.000000,5103.159136
4824.000000,5104.332320
4826.000000,5105.482910
4828.000000,5106.610887
4830.000000,5107.717991
4832.000000,5108.800701
4834.000000,5109.862511
4836.000000,5110.901654
4838.000000,5111.918145
4840.000000,5112.913707
4842.000000,5113.884869
4844.000000,5114.835131
4846.000000,5115.762758
4848.000000,5116.667780
4850.000000,5117.551958
4852.000000,5118.411847
4854.000000,5119.250979
4856.000000,5120.067659
4858.000000,5120.861937
4860.000000,5121.635631
4862.000000,5122.385367
4864.000000,5123.114652
4866.000000,5123.821890
4868.000000,5124.507188
4870.000000,5125.172348
4872.000000,5125.814139
4874.000000,5126.436056
4876.000000,5127.036581
4878.000000,5127.615915
4880.000000,5128.175831
4882.000000,5128.713301
4884.000000,5129.231763
4886.000000,5129.729823
4888.000000,5130.207747
4890.000000,5130.667292
4892.000000,5131.105704
4894.000000,5131.526275
4896.000000,5131.927790
4898.000000,5132.310605
4900.000000,5132.676398
4902.000000,5133.022757
4904.000000,5133.352802
4906.000000,5133.665505
4908.000000,5133.961272
4910.000000,5134.241760
4912.000000,5134.504876
4914.000000,5134.753510
4916.000000,5134.986875
4918.000000,5135.205446
4920.000000,5135.410737
4922.000000,5135.601088
4924.000000,5135.779084
4926.000000,5135.944152
4928.000000,5136.096809
4930.000000,5136.238460
4932.000000,5136.367845
4934.000000,5136.487186
4936.000000,5136.596152
4938.000000,5136.695275
4940.000000,5136.785784
4942.000000,5136.866801
4944.000000,5136.940194
4946.000000,5137.005792
4948.000000,5137.064147
4950.000000,5137.116236
4952.000000,5137.161593
4954.000000,5137.201621
4956.000000,5137.236359
4958.000000,5137.266261
4960.000000,5137.292093
4962.000000,5137.313674
4964.000000,5137.331997
4966.000000,5137.347171
4968.000000,5137.359579
4970.000000,5137.369761
4972.000000,5137.377706
4974.000000,5137.384015
4976.000000,5137.388840
4978.000000,5137.392449
4980.000000,5137.395113
4982.000000,5137.396945
4984.000000,5137.398225
4986.000000,5137.399027
4988.000000,5137.399534
4990.000000,5137.399815
4992.000000,5137.399947
4994.000000,5137.400000
4996.000000,5137.400000
4998.000000,5137.400000
5000.000000,5137.400000
5002.000000,5137.400000
5004.000000,5137.400000
5006.000000,5137.400000
5008.000000,5137.400000
5010.000000,5137.400000
5012.000000,5137.400000
5014.000000,5137.400000
5016.000000,5137.400000
5018.000000,5137.400000
5020.000000,5137.400000
5022.000000,5137.400000
5024.000000,5137.400000
5026.000000,5137.400000
5028.000000,5137.400000
5030.000000,5137.400000
5032.000000,5137.400000
5034.000000,5137.400000
5036.000000,5137.400000
5038.000000,5137.400000
5040.000000,5137.400000
5042.000000,5137.400000
5044.000000,5137.400000
5046.000000,5137.400000
5048.000000,5137.400000
5050.000000,5137.400000
5052.000000,5137.400000
5054.000000,5137.400000
5056.000000,5137.400000
5058.000000,5137.400000
5060.000000,5137.400000
5062.000000,5137.400000
5064.000000,5137.400000
5066.000000,5137.400000
5068.000000,5137.400000
5070.000000,5137.400000
5072.000000,5137.400000
5074.000000,5137.400000
5076.000000,5137.400000
5078.000000,5137.400000
5080.000000,5137.400000
5082.000000,5137.400000
5084.000000,5137.400000
5086.000000,5137.400000
5088.000000,5137.400000
5090.000000,5137.400000
5092.000000,5137.400000
5094.000000,5137.400000
5096.000000,5137.400000
5098.000000,5137.400000
5100.000000,5137.400000
5102.000000,5137.400000
5104.000000,5137.400000
5106.000000,5137.400000
5108.000000,5137.400000
5110.000000,5137.400000
5112.000000,5137.400000
5114.000000,5137.400000
5116.000000,5137.400000
5118.000000,5137.400000
5120.000000,5137.400000
5122.000000,5137.400000
5124.000000,5137.400000
5126.000000,5137.400000
5128.000000,5137.400000
5130.000000,5137.400000
5132.000000,5137.400000
5134.000000,5137.400000
5136.000000,5137.400000
5138.000000,5137.400000
5140.000000,5137.400000
5142.000000,5137.400000
5144.000000,5137.400000
5146.000000,5137.400000
5148.000000,5137.400000
5150.000000,5137.400000
5152.000000,5137.400000
5154.000000,5137.400000
5156.000000,5137.400000
5158.000000,5137.400000
5160.000000,5137.400000
5162.000000,5137.400000
5164.000000,5137.400000
5166.000000,5137.400000
5168.000000,5137.400000
5170.000000,5137.400000
5172.000000,5137.400000
5174.000000,5137.400000
5176.000000,5137.400000
5178.000000,5137.400000
5180.000000,5137.400000
5182.000000,5137.400000
5184.000000,5137.400000
5186.000000,5137.400000
5188.000000,5137.400000
5190.000000,5137.400000
5192.000000,5137.400000
5194.000000,5137.400000
5196.000000,5137.400000
5198.000000,5137.400000
5200.000000,5137.400000
5202.000000,5137.400000
5204.000000,5137.400000
5206.000000,5137.400000
5208.000000,5137.400000
5210.000000,5137.400000
5212.000000,5137.400000
5214.000000,5137.400000
5216.000000,5137.400000
5218.000000,5137.400000
5220.000000,5137.400000
5222.000000,5137.400000
5224.000000,5137.400000
5226.000000,5137.400000
5228.000000,5137.400000
5230.000000,5137.400000
5232.000000,5137.400000
5234.000000,5137.400000
5236.000000,5137.400000
5238.000000,5137.400000
5240.000000,5137.400000
5242.000000,5137.400000
5244.000000,5137.400000
5246.000000,5137.400000
5248.000000,5137.400000
5250.000000,5137.400000
5252.000000,5137.400000
5254.000000,5137.400000
5256.000000,5137.400000
5258.000000,5137.400000
5260.000000,5137.400000
5262.000000,5137.400000
5264.000000,5137.400000
5266.000000,5137.400000
5268.000000,5137.400000
5270.000000,5137.400000
5272.000000,5137.400000
5274.000000,5137.400000
5276.000000,5137.400000
5278.000000,5137.400000
5280.000000,5137.400000
5282.000000,5137.400000
5284.000000,5137.400000
5286.000000,5137.400000
5288.000000,5137.400000
5290.000000,5137.400000
5292.000000,5137.400000
5294.000000,5137.400000
5296.000000,5137.400000
5298.000000,5137.400000
5300.000000,5137.400000
5302.000000,5137.400000
5304.000000,5137.400000
5306.000000,5137.400000
5308.000000,5137.400000
5310.000000,5137.400000
5312.000000,5137.400000
5314.000000,5137.400000
5316.000000,5137.400000
5318.000000,5137.400000
5320.000000,5137.400000
5322.000000,5137.400000
5324.000000,5137.400000
5326.000000,5137.400000
5328.000000,5137.400000
5330.000000,5137.400000
5332.000000,5137.400000
5334.000000,5137.400000
5336.000000,5137.400000
5338.000000,5137.400000
5340.000000,5137.400000
5342.000000,5137.400000
5344.000000,5137.400000
5346.000000,5137.400000
5348.000000,5137.400000
5350.000000,5137.400000
5352.000000,5137.400000
5354.000000,5137.400000
5356.000000,5137.400000
5358.000000,5137.400000
5360.000000,5137.400000
5362.000000,5137.400000
5364.000000,5137.400000
5366.000000,5137.400000
5368.000000,5137.400000
5370.000000,5137.400000
5372.000000,5137.400000
5374.000000,5137.400000
5376.000000,5137.400000
5378.000000,5137.400000
5380.000000,5137.400000
5382.000000,5137.400000
5384.000000,5137.400000
5386.000000,5137.400000
5388.000000,5137.400000
5390.000000,5137.400000
5392.000000,5137.400000
5394.000000,5137.400000
5396.000000,5137.400000
5398.000000,5137.400000
5400.000000,5137.400000
5402.000000,5137.400000
5404.000000,5137.400000
5406.000000,5137.400000
5408.000000,5137.400000
5410.000000,5137.400000
5412.000000,5137.400000
5414.000000,5137.400000
5416.000000,5137.400000
5418.000000,5137.400000
5420.000000,5137.400000
5422.000000,5137.400000
5424.000000,5137.400000
5426.000000,5137.400000
5428.000000,5137.400000
5430.000000,5137.400000
5432.000000,5137.400000
5434.000000,5137.400000
5436.000000,5137.400000
5438.000000,5137.400000
5440.000000,5137.400000
5442.000000,5137.400000
5444.000000,5137.400000
5446.000000,5137.400000
5448.000000,5137.400000
5450.000000,5137.400000
5452.000000,5137.400000
5454.000000,5137.400000
5456.000000,5137.400000
5458.000000,5137.400000
5460.000000,5137.400000
5462.000000,5137.400000
5464.000000,5137.400000
5466.000000,5137.400000
5468.000000,5137.400000
5470.000000,5137.400000
5472.000000,5137.400000
5474.000000,5137.400000
5476.000000,5137.400000
5478.000000,5137.400000
5480.000000,5137.400000
5482.000000,5137.400000
5484.000000,5137.400000
5486.000000,5137.400000
5488.000000,5137.400000
5490.000000,5137.400000
5492.000000,5137.400000
5494.000000,5137.400000
5496.000000,5137.400000
5498.000000,5137.400000
5500.000000,5137.400000
5502.000000,5137.400000
5504.000000,5137.400000
5506.000000,5137.400000
5508.000000,5137.400000
5510.000000,5137.400000
5512.000000,5137.400000
5514.000000,5137.400000
5516.000000,5137.400000
5518.000000,5137.400000
5520.000000,5137.400000
5522.000000,5137.400000
5524.000000,5137.400000
5526.000000,5137.400000
5528.000000,5137.400000
5530.000000,5137.400000
5532.000000,5137.400000
5534.000000,5137.400000
5536.000000,5137.400000
5538.000000,5137.400000
5540.000000,5137.400000
5542.000000,5137.400000
5544.000000,5137.400000
5546.000000,5137.400000
5548.000000,5137.400000
5550.000000,5137.400000
5552.000000,5137.400000
5554.000000,5137.400000
5556.000000,5137.400000
5558.000000,5137.400000
5560.000000,5137.400000
5562.000000,5137.400000
5564.000000,5137.400000
5566.000000,5137.400000
5568.000000,5137.400000
5570.000000,5137.400000
5572.000000,5137.400000
5574.000000,5137.400000
5576.000000,5137.400000
5578.000000,5137.400000
5580.000000,5137.400000
5582.000000,5137.400000
5584.000000,5137.400000
5586.000000,5137.400000
5588.000000,5137.400000
5590.000000,5137.400000
5592.000000,5137.400000
5594.000000,5137.400000
5596.000000,5137.400000
5598.000000,5137.400000
5600.000000,5137.400000
5602.000000,5137.400000
5604.000000,5137.400000
5606.000000,5137.400000
5608.000000,5137.400000
5610.000000,5137.400000
5612.000000,5137.400000
5614.000000,5137.400000
5616.000000,5137.400000
5618.000000,5137.400000
5620.000000,5137.400000
5622.000000,5137.400000
5624.000000,5137.400000
5626.000000,5137.400000
5628.000000,5137.400000
5630.000000,5137.400000
5632.000000,5137.400000
5634.000000,5137.400000
5636.000000,5137.400000
5638.000000,5137.400000
5640.000000,5137.400000
5642.000000,5137.400000
5644.000000,5137.400000
5646.000000,5137.400000
5648.000000,5137.400000
5650.000000,5137.400000
5652.000000,5137.400000
5654.000000,5137.400000
5656.000000,5137.400000
5658.000000,5137.400000
5660.000000,5137.400000
5662.000000,5137.400000
5664.000000,5137.400000
5666.000000,5137.400000
5668.000000,5137.400000
5670.000000,5137.400000
5672.000000,5137.400000
5674.000000,5137.400000
5676.000000,5137.400000
5678.000000,5137.400000
5680.000000,5137.400000
5682.000000,5137.400000
5684.000000,5137.400000
5686.000000,5137.400000
5688.000000,5137.400000
5690.000000,5137.400000
5692.000000,5137.400000
5694.000000,5137.400000
5696.000000,5137.400000
5698.000000,5137.400000
5700.000000,5137.400000
5702.000000,5137.400000
5704.000000,5137.400000
5706.000000,5137.400000
5708.000000,5137.400000
5710.000000,5137.400000
5712.000000,5137.400000
5714.000000,5137.400000
5716.000000,5137.400000
5718.000000,5137.400000
5720.000000,5137.400000
5722.000000,5137.400000
5724.000000,5137.400000
5726.000000,5137.400000
5728.000000,5137.400000
5730.000000,5137.400000
5732.000000,5137.400000
5734.000000,5137.400000
5736.000000,5137.400000
5738.000000,5137.400000
5740.000000,5137.400000
5742.000000,5137.400000
5744.000000,5137.400000
5746.000000,5137.400000
5748.000000,5137.400000
5750.000000,5137.400000
5752.000000,5137.400000
5754.000000,5137.400000
5756.000000,5137.400000
5758.000000,5137.400000
5760.000000,5137.400000
5762.000000,5137.400000
5764.000000,5137.400000
5766.000000,5137.400000
5768.000000,5137.400000
5770.000000,5137.400000
5772.000000,5137.400000
5774.000000,5137.400000
5776.000000,5137.400000
5778.000000,5137.400000
5780.000000,5137.400000
5782.000000,5137.400000
5784.000000,5137.400000
5786.000000,5137.400000
5788.000000,5137.400000
5790.000000,5137.400000
5792.000000,5137.400000
5794.000000,5137.400000
5796.000000,5137.400000
5798.000000,5137.400000
5800.000000,5137.400000
5802.000000,5137.400000
5804.000000,5137.400000
5806.000000,5137.400000
5808.000000,5137.400000
5810.000000,5137.400000
5812.000000,5137.400000
5814.000000,5137.400000
5816.000000,5137.400000
5818.000000,5137.400000
5820.000000,5137.400000
5822.000000,5137.400000
5824.000000,5137.400000
5826.000000,5137.400000
5828.000000,5137.400000
5830.000000,5137.400000
5832.000000,5137.400000
5834.000000,5137.400000
5836.000000,5137.400000
5838.000000,5137.400000
5840.000000,5137.400000
5842.000000,5137.400000
5844.000000,5137.400000
5846.000000,5137.400000
5848.000000,5137.400000
5850.000000,5137.400000
5852.000000,5137.400000
5854.000000,5137.400000
5856.000000,5137.400000
5858.000000,5137.400000
5860.000000,5137.400000
5862.000000,5137.400000
5864.000000,5137.400000
5866.000000,5137.400000
5868.000000,5137.400000
5870.000000,5137.400000
5872.000000,5137.400000
5874.000000,5137.400000
5876.000000,5137.400000
5878.000000,5137.400000
5880.000000,5137.400000
5882.000000,5137.400000
5884.000000,5137.400000
5886.000000,5137.400000
5888.000000,5137.400000
5890.000000,5137.400000
5892.000000,5137.400000
5894.000000,5137.400000
5896.000000,5137.400000
5898.000000,5137.400000
5900.000000,5137.400000
5902.000000,5137.400000
5904.000000,5137.400000
5906.000000,5137.400000
5908.000000,5137.400000
5910.000000,5137.400000
5912.000000,5137.400000
5914.000000,5137.400000
5916.000000,5137.400000
5918.000000,5137.400000
5920.000000,5137.400000
5922.000000,5137.400000
5924.000000,5137.400000
5926.000000,5137.400000
5928.000000,5137.400000
5930.000000,5137.400000
5932.000000,5137.400000
5934.000000,5137.400000
5936.000000,5137.400000
5938.000000,5137.400000
5940.000000,5137.400000
5942.000000,5137.400000
5944.000000,5137.400000
5946.000000,5137.400000
5948.000000,5137.400000
5950.000000,5137.400000
5952.000000,5137.400000
5954.000000,5137.400000
5956.000000,5137.400000
5958.000000,5137.400000
5960.000000,5137.400000
5962.000000,5137.400000
5964.000000,5137.400000
5966.000000,5137.400000
5968.000000,5137.400000
5970.000000,5137.400000
5972.000000,5137.400000
5974.000000,5137.400000
5976.000000,5137.400000
5978.000000,5137.400000
5980.000000,5137.400000
5982.000000,5137.400000
5984.000000,5137.400000
5986.000000,5137.400000
5988.000000,5137.400000
5990.000000,5137.400000
5992.000000,5137.400000
5994.000000,5137.400000
5996.000000,5137.400000
5998.000000,5137.400000
6000.000000,5137.400000
6002.000000,5137.400000
6004.000000,5137.400000
6006.000000,5137.400000
6008.000000,5137.399947
6010.000000,5137.399815
6012.000000,5137.399534
6014.000000,5137.399027
6016.000000,5137.398225
6018.000000,5137.396945
6020.000000,5137.395113
6022.000000,5137.392449
6024.000000,5137.388840
6026.000000,5137.384015
6028.000000,5137.377706
6030.000000,5137.369761
6032.000000,5137.359579
6034.000000,5137.347171
6036.000000,5137.331997
6038.000000,5137.313674
6040.000000,5137.292093
6042.000000,5137.266261
6044.000000,5137.236359
6046.000000,5137.201621
6048.000000,5137.161593
6050.000000,5137.116236
6052.000000,5137.064147
6054.000000,5137.005792
6056.000000,5136.940194
6058.000000,5136.866801
6060.000000,5136.785784
6062.000000,5136.695275
6064.000000,5136.596152
6066.000000,5136.487186
6068.000000,5136.367845
6070.000000,5136.238460
6072.000000,5136.096809
6074.000000,5135.944152
6076.000000,5135.779084
6078.000000,5135.601088
6080.000000,5135.410737
6082.000000,5135.205446
6084.000000,5134.986875
6086.000000,5134.753510
6088.000000,5134.504876
6090.000000,5134.241760
6092.000000,5133.961272
6094.000000,5133.665505
6096.000000,5133.352802
6098.000000,5133.022757
6100.000000,5132.676398
6102.000000,5132.310605
6104.000000,5131.927790
6106.000000,5131.526275
6108.000000,5131.105704
6110.000000,5130.667292
6112.000000,5130.207747
6114.000000,5129.729823
6116.000000,5129.231763
6118.000000,5128.713301
6120.000000,5128.175831
6122.000000,5127.615915
6124.000000,5127.036581
6126.000000,5126.436056
6128.000000,5125.814139
6130.000000,5125.172348
6132.000000,5124.507188
6134.000000,5123.821890
6136.000000,5123.114652
6138.000000,5122.385367
6140.000000,5121.635631
6142.000000,5120.861937
6144.000000,5120.067659
6146.000000,5119.250979
6148.000000,5118.411847
6150.000000,5117.551958
6152.000000,5116.667780
6154.000000,5115.762758
6156.000000,5114.835131
6158.000000,5113.884869
6160.000000,5112.913707
6162.000000,5111.918145
6164.000000,5110.901654
6166.000000,5109.862511
6168.000000,5108.800701
6170.000000,5107.717991
6172.000000,5106.610887
6174.000000,5105.482910
6176.000000,5104.332320
6178.000000,5103.159136
6180.000000,5101.965118
6182.000000,5100.746819
6184.000000,5099.507732
6186.000000,5098.246138
6188.000000,5096.962069
6190.000000,5095.657283
6192.000000,5094.328321
6194.000000,5092.978693
6196.000000,5091.606671
6198.000000,5090.212298
6200.000000,5088.797290
6202.000000,5087.358249
6204.000000,5085.898615
6206.000000,5084.416685
6208.000000,5082.912478
6210.000000,5081.387722
6212.000000,5079.838992
6214.000000,5078.269720
6216.000000,5076.678199
6218.000000,5075.064432
6220.000000,5073.430133
6222.000000,5071.771864
6224.000000,5070.093057
6226.000000,5068.391975
6228.000000,5066.668622
6230.000000,5064.924691
6232.000000,5063.156737
6234.000000,5061.368171
6236.000000,5059.557258
6238.000000,5057.723971
6240.000000,5055.870007
6242.000000,5053.991901
6244.000000,5052.093058
6246.000000,5050.171729
6248.000000,5048.227876
6250.000000,5046.263206
6252.000000,5044.274201
6254.000000,5042.264306
6256.000000,5040.231740
6258.000000,5038.176458
6260.000000,5036.100174
6262.000000,5033.999351
6264.000000,5031.877444
6266.000000,5029.732656
6268.000000,5027.564955
6270.000000,5025.376052
6272.000000,5023.162381
6274.000000,5020.927436
6276.000000,5018.669406
6278.000000,5016.388254
6280.000000,5014.085723
6282.000000,5011.758211
6284.000000,5009.409254
6286.000000,5007.037033
6288.000000,5004.641512
6290.000000,5002.224471
6292.000000,4999.782278
6294.000000,4997.318512
6296.000000,4994.831355
6298.000000,4992.320789
6300.000000,4989.788604
6302.000000,4987.231179
6304.000000,4984.652122
6306.000000,4982.049622
6308.000000,4979.423685
6310.000000,4976.776116
6312.000000,4974.103321
6314.000000,4971.408918
6316.000000,4968.691125
6318.000000,4965.949970
6320.000000,4963.187270
6322.000000,4960.399481
6324.000000,4957.590217
6326.000000,4954.757735
6328.000000,4951.902090
6330.000000,4949.025111
6332.000000,4946.123308
6334.000000,4943.200294
6336.000000,4940.254368
6338.000000,4937.285615
6340.000000,4934.295863
6342.000000,4931.281714
6344.000000,4928.246750
6346.000000,4925.189328
6348.000000,4922.109564
6350.000000,4919.009277
6352.000000,4915.885183
6354.000000,4912.740806
6356.000000,4909.574577
6358.000000,4906.386646
6360.000000,4903.178811
6362.000000,4899.947918
6364.000000,4896.697416
6366.000000,4893.425821
6368.000000,4890.133316
6370.000000,4886.821659
6372.000000,4883.487857
6374.000000,4880.135256
6376.000000,4876.762469
6378.000000,4873.369705
6380.000000,4869.958678
6382.000000,4866.526572
6384.000000,4863.076607
6386.000000,4859.607501
6388.000000,4856.119486
6390.000000,4852.614217
6392.000000,4849.089078
6394.000000,4845.547139
6396.000000,4841.987223
6398.000000,4838.409593
6400.000000,4834.815824
6402.000000,4831.203521
6404.000000,4827.575574
6406.000000,4823.930927
6408.000000,4820.269858
6410.000000,4816.593868
6412.000000,4812.900770
6414.000000,4809.193270
6416.000000,4805.470434
6418.000000,4801.732554
6420.000000,4797.981032
6422.000000,4794.213912
6424.000000,4790.433700
6426.000000,4786.639573
6428.000000,4782.831841
6430.000000,4779.011799
6432.000000,4775.177725
6434.000000,4771.331909
6436.000000,4767.473643
6438.000000,4763.603245
6440.000000,4759.721900
6442.000000,4755.828118
6444.000000,4751.923961
6446.000000,4748.008840
6448.000000,4744.083069
6450.000000,4740.147721
6452.000000,4736.201531
6454.000000,4732.246334
6456.000000,4728.281650
6458.000000,4724.307787
6460.000000,4720.325702
6462.000000,4716.334353
6464.000000,4712.335337
6466.000000,4708.328278
6468.000000,4704.313482
6470.000000,4700.291783
6472.000000,4696.262346
6474.000000,4692.226541
6476.000000,4688.184092
6478.000000,4684.135287
6480.000000,4680.080843
6482.000000,4676.020120
6484.000000,4671.954265
6486.000000,4667.883093
6488.000000,4663.806874
6490.000000,4659.726207
6492.000000,4655.640634
6494.000000,4651.551084
6496.000000,4647.457455
6498.000000,4643.359995
6500.000000,4639.259192
6502.000000,4635.154752
6504.000000,4631.047405
6506.000000,4626.937115
6508.000000,4622.824106
6510.000000,4618.708767
6512.000000,4614.590942
6514.000000,4610.471175
6516.000000,4606.349490
6518.000000,4602.226085
6520.000000,4598.101253
6522.000000,4593.974961
6524.000000,4589.847582
6526.000000,4585.719190
6528.000000,4581.589956
6530.000000,4577.460084
6532.000000,4573.329641
6534.000000,4569.198855
6536.000000,4565.067833
6538.000000,4560.936721
6540.000000,4556.805644
6542.000000,4552.674754
6544.000000,4548.544143
6546.000000,4544.413949
6548.000000,4540.284291
6550.000000,4536.155225
6552.000000,4532.026966
6554.000000,4527.899499
6556.000000,4523.772976
6558.000000,4519.647494
6560.000000,4515.523046
6562.000000,4511.399897
6564.000000,4507.277935
6566.000000,4503.157328
6568.000000,4499.038144
6570.000000,4494.920330
6572.000000,4490.804178
6574.000000,4486.689501
6576.000000,4482.576473
6578.000000,4478.465138
6580.000000,4474.355403
6582.000000,4470.247578
6584.000000,4466.141420
6586.000000,4462.037101
6588.000000,4457.934644
6590.000000,4453.833929
6592.000000,4449.735265
6594.000000,4445.638374
6596.000000,4441.543415
6598.000000,4437.450398
6600.000000,4433.359176
6602.000000,4429.270052
6604.000000,4425.182725
6606.000000,4421.097341
6608.000000,4417.013895
6610.000000,4412.932225
6612.000000,4408.852623
6614.000000,4404.774772
6616.000000,4400.698810
6618.000000,4396.624716
6620.000000,4392.552327
6622.000000,4388.481901
6624.000000,4384.413133
6626.000000,4380.346139
6628.000000,4376.280885
6630.000000,4372.217215
6632.000000,4368.155356
6634.000000,4364.095017
6636.000000,4360.036295
6638.000000,4355.979149
6640.000000,4351.923433
6642.000000,4347.869339
6644.000000,4343.816599
6646.000000,4339.765287
6648.000000,4335.715363
6650.000000,4331.666686
6652.000000,4327.619416
6654.000000,4323.573315
6656.000000,4319.528444
6658.000000,4315.484757
6660.000000,4311.442128
6662.000000,4307.400685
6664.000000,4303.360218
6666.000000,4299.320771
6668.000000,4295.282300
6670.000000,4291.244696
6672.000000,4287.208058
6674.000000,4283.172214
6676.000000,4279.137185
6678.000000,4275.102935
6680.000000,4271.069370
6682.000000,4267.036562
6684.000000,4263.004371
6686.000000,4258.972819
6688.000000,4254.941864
6690.000000,4250.911434
6692.000000,4246.881579
6694.000000,4242.852187
6696.000000,4238.823268
6698.000000,4234.794797
6700.000000,4230.766714
6702.000000,4226.739055
6704.000000,4222.711732
6706.000000,4218.684751
6708.000000,4214.658093
6710.000000,4210.631718
6712.000000,4206.605654
6714.000000,4202.579835
6716.000000,4198.554271
6718.000000,4194.528946
6720.000000,4190.503829
6722.000000,4186.478950
6724.000000,4182.454266
6726.000000,4178.429785
6728.000000,4174.405500
6730.000000,4170.381391
6732.000000,4166.357486
6734.000000,4162.333759
6736.000000,4158.310227
6738.000000,4154.286889
6740.000000,4150.263734
6742.000000,4146.240800
6744.000000,4142.218064
6746.000000,4138.195553
6748.000000,4134.173281
6750.000000,4130.151240
6752.000000,4126.129481
6754.000000,4122.107980
6756.000000,4118.086778
6758.000000,4114.065899
6760.000000,4110.045335
6762.000000,4106.025161
6764.000000,4102.005344
6766.000000,4097.985939
6768.000000,4093.966974
6770.000000,4089.948447
6772.000000,4085.930458
6774.000000,4081.912959
6776.000000,4077.896020
6778.000000,4073.879679
6780.000000,4069.863922
6782.000000,4065.848890
6784.000000,4061.834510
6786.000000,4057.820872
6788.000000,4053.808018
6790.000000,4049.795922
6792.000000,4045.784767
6794.000000,4041.774451
6796.000000,4037.765085
6798.000000,4033.756713
6800.000000,4029.749301
6802.000000,4025.743066
6804.000000,4021.737878
6806.000000,4017.733870
6808.000000,4013.731087
6810.000000,4009.729481
6812.000000,4005.729312
6814.000000,4001.730412
6816.000000,3997.732935
6818.000000,3993.736930
6820.000000,3989.742337
6822.000000,3985.749444
6824.000000,3981.758051
6826.000000,3977.768332
6828.000000,3973.780343
6830.000000,3969.794000
6832.000000,3965.809624
6834.000000,3961.826984
6836.000000,3957.846272
6838.000000,3953.867550
6840.000000,3949.890700
6842.000000,3945.916090
6844.000000,3941.943451
6846.000000,3937.972999
6848.000000,3934.004778
6850.000000,3930.038655
6852.000000,3926.075043
6854.000000,3922.113629
6856.000000,3918.154631
6858.000000,3914.198103
6860.000000,3910.243901
6862.000000,3906.292451
6864.000000,3902.343402
6866.000000,3898.397010
6868.000000,3894.453309
6870.000000,3890.512128
6872.000000,3886.573946
6874.000000,3882.638364
6876.000000,3878.705635
6878.000000,3874.775813
6880.000000,3870.848695
6882.000000,3866.924773
6884.000000,3863.003638
6886.000000,3859.085535
6888.000000,3855.170511
6890.000000,3851.258358
6892.000000,3847.349577
6894.000000,3843.443732
6896.000000,3839.541080
6898.000000,3835.641657
6900.000000,3831.745246
6902.000000,3827.852361
6904.000000,3823.962539
6906.000000,3820.076039
6908.000000,3816.192900
6910.000000,3812.312875
6912.000000,3808.436505
6914.000000,3804.563292
6916.000000,3800.693507
6918.000000,3796.827176
6920.000000,3792.964038
6922.000000,3789.104652
6924.000000,3785.248482
6926.000000,3781.395826
6928.000000,3777.546676
6930.000000,3773.700783
6932.000000,3769.858689
6934.000000,3766.019867
6936.000000,3762.184585
6938.000000,3758.352854
6940.000000,3754.524404
6942.000000,3750.699781
6944.000000,3746.878447
6946.000000,3743.060665
6948.000000,3739.246451
6950.000000,3735.435509
6952.000000,3731.628403
6954.000000,3727.824569
6956.000000,3724.024278
6958.000000,3720.227533
6960.000000,3716.434040
6962.000000,3712.644350
6964.000000,3708.857902
6966.000000,3705.074960
6968.000000,3701.295517
6970.000000,3697.519291
6972.000000,3693.746806
6974.000000,3689.977521
6976.000000,3686.211686
6978.000000,3682.449285
6980.000000,3678.690048
6982.000000,3674.934475
6984.000000,3671.182032
6986.000000,3667.432969
6988.000000,3663.687260
6990.000000,3659.944634
6992.000000,3656.205584
6994.000000,3652.469585
6996.000000,3648.736868
6998.000000,3645.007413
7000.000000,3641.280955
7002.000000,3637.557975
7004.000000,3633.837950
7006.000000,3630.121112
7008.000000,3626.407439
7010.000000,3622.696672
7012.000000,3618.989266
7014.000000,3615.284723
7016.000000,3611.583265
7018.000000,3607.884868
7020.000000,3604.189277
7022.000000,3600.496934
7024.000000,3596.807356
7026.000000,3593.120759
7028.000000,3589.437113
7030.000000,3585.756178
7032.000000,3582.078379
7034.000000,3578.403253
7036.000000,3574.730999
7038.000000,3571.061597
7040.000000,3567.394808
7042.000000,3563.731061
7044.000000,3560.069891
7046.000000,3556.411497
7048.000000,3552.755861
7050.000000,3549.102763
7052.000000,3545.452592
7054.000000,3541.804923
7056.000000,3538.159952
7058.000000,3534.517656
7060.000000,3530.877813
7062.000000,3527.240825
7064.000000,3523.606268
7066.000000,3519.974324
7068.000000,3516.344989
7070.000000,3512.718050
7072.000000,3509.093884
7074.000000,3505.472096
7076.000000,3501.852867
7078.000000,3498.236188
7080.000000,3494.621861
7082.000000,3491.010259
7084.000000,3487.400993
7086.000000,3483.794253
7088.000000,3480.190023
7090.000000,3476.588120
7092.000000,3472.988913
7094.000000,3469.392016
7096.000000,3465.797627
7098.000000,3462.205730
7100.000000,3458.616146
7102.000000,3455.029249
7104.000000,3451.444657
7106.000000,3447.862571
7108.000000,3444.282978
7110.000000,3440.705709
7112.000000,3437.131133
7114.000000,3433.558885
7116.000000,3429.989156
7118.000000,3426.421953
7120.000000,3422.857093
7122.000000,3419.294963
7124.000000,3415.735199
7126.000000,3412.177982
7128.000000,3408.623351
7130.000000,3405.071089
7132.000000,3401.521634
7134.000000,3397.974572
7136.000000,3394.430139
7138.000000,3390.888330
7140.000000,3387.348971
7142.000000,3383.812469
7144.000000,3380.278453
7146.000000,3376.747117
7148.000000,3373.218506
7150.000000,3369.692405
7152.000000,3366.169268
7154.000000,3362.648683
7156.000000,3359.130881
7158.000000,3355.615889
7160.000000,3352.103498
7162.000000,3348.594185
7164.000000,3345.087509
7166.000000,3341.583732
7168.000000,3338.082863
7170.000000,3334.584703
7172.000000,3331.089736
7174.000000,3327.597510
7176.000000,3324.108302
7178.000000,3320.622114
7180.000000,3317.138743
7182.000000,3313.658697
7184.000000,3310.181504
7186.000000,3306.707443
7188.000000,3303.236537
7190.000000,3299.768552
7192.000000,3296.304028
7194.000000,3292.842480
7196.000000,3289.384177
7198.000000,3285.929167
7200.000000,3282.477203
7202.000000,3279.028814
7204.000000,3275.583533
7206.000000,3272.141633
7208.000000,3268.703131
7210.000000,3265.267794
7212.000000,3261.836190
7214.000000,3258.407792
7216.000000,3254.982891
7218.000000,3251.561528
7220.000000,3248.143447
7222.000000,3244.729209
7224.000000,3241.318292
7226.000000,3237.911004
7228.000000,3234.507369
7230.000000,3231.107113
7232.000000,3227.710828
7234.000000,3224.317969
7236.000000,3220.928853
7238.000000,3217.543489
7240.000000,3214.161605
7242.000000,3210.783803
7244.000000,3207.409516
7246.000000,3204.039064
7248.000000,3200.672466
7250.000000,3197.309432
7252.000000,3193.950575
7254.000000,3190.595315
7256.000000,3187.243965
7258.000000,3183.896543
7260.000000,3180.552757
7262.000000,3177.213239
7264.000000,3173.877386
7266.000000,3170.545511
7268.000000,3167.217627
7270.000000,3163.893437
7272.000000,3160.573569
7274.000000,3157.257409
7276.000000,3153.945281
7278.000000,3150.637186
7280.000000,3147.332825
7282.000000,3144.032824
7284.000000,3140.736564
7286.000000,3137.444359
7288.000000,3134.156218
7290.000000,3130.871825
7292.000000,3127.591812
7294.000000,3124.315552
7296.000000,3121.043357
7298.000000,3117.775230
7300.000000,3114.510855
7302.000000,3111.250853
7304.000000,3107.994598
7306.000000,3104.742397
7308.000000,3101.494246
7310.000000,3098.249829
7312.000000,3095.009759
7314.000000,3091.773412
7316.000000,3088.541094
7318.000000,3085.312791
7320.000000,3082.088184
7322.000000,3078.867875
7324.000000,3075.651243
7326.000000,3072.438581
7328.000000,3069.229874
7330.000000,3066.024820
7332.000000,3062.824003
7334.000000,3059.626802
7336.000000,3056.433498
7338.000000,3053.244077
7340.000000,3050.058227
7342.000000,3046.876543
7344.000000,3043.698394
7346.000000,3040.524059
7348.000000,3037.353517
7350.000000,3034.186472
7352.000000,3031.023481
7354.000000,3027.863938
7356.000000,3024.708106
7358.000000,3021.555976
7360.000000,3018.407250
7362.000000,3015.262449
7364.000000,3012.120993
7366.000000,3008.983162
7368.000000,3005.848910
7370.000000,3002.717938
7372.000000,2999.590784
7374.000000,2996.466876
7376.000000,2993.346447
7378.000000,2990.229486
7380.000000,2987.115711
7382.000000,2984.005599
7384.000000,2980.898626
7386.000000,2977.795022
7388.000000,2974.694746
7390.000000,2971.597544
7392.000000,2968.503881
7394.000000,2965.413221
7396.000000,2962.325820
7398.000000,2959.241618
7400.000000,2956.160370
7402.000000,2953.082529
7404.000000,2950.007576
7406.000000,2946.935757
7408.000000,2943.867011
7410.000000,2940.801110
7412.000000,2937.738476
7414.000000,2934.678631
7416.000000,2931.621784
7418.000000,2928.567899
7420.000000,2925.516754
7422.000000,2922.468746
7424.000000,2919.423434
7426.000000,2916.380992
7428.000000,2913.341426
7430.000000,2910.304466
7432.000000,2907.270568
7434.000000,2904.239238
7436.000000,2901.210708
7438.000000,2898.184928
7440.000000,2895.161696
7442.000000,2892.141390
7444.000000,2889.123599
7446.000000,2886.108495
7448.000000,2883.096081
7450.000000,2880.086119
7452.000000,2877.079020
7454.000000,2874.074353
7456.000000,2871.072308
7458.000000,2868.072884
7460.000000,2865.075851
7462.000000,2862.081626
7464.000000,2859.089765
7466.000000,2856.100494
7468.000000,2853.113777
7470.000000,2850.129422
7472.000000,2847.147821
7474.000000,2844.168554
7476.000000,2841.191847
7478.000000,2838.217663
7480.000000,2835.245818
7482.000000,2832.276708
7484.000000,2829.309918
7486.000000,2826.345667
7488.000000,2823.383944
7490.000000,2820.424543
7492.000000,2817.467886
7494.000000,2814.513561
7496.000000,2811.561765
7498.000000,2808.612523
7500.000000,2805.665627
7502.000000,2802.721477
7504.000000,2799.779695
7506.000000,2796.840478
7508.000000,2793.903834
7510.000000,2790.969579
7512.000000,2788.038117
7514.000000,2785.109052
7516.000000,2782.182616
7518.000000,2779.258810
7520.000000,2776.337437
7522.000000,2773.418926
7524.000000,2770.502883
7526.000000,2767.589523
7528.000000,2764.678860
7530.000000,2761.770710
7532.000000,2758.865508
7534.000000,2755.962846
7536.000000,2753.062953
7538.000000,2750.165851
7540.000000,2747.271346
7542.000000,2744.379881
7544.000000,2741.491046
7546.000000,2738.605084
7548.000000,2735.722020
7550.000000,2732.841645
7552.000000,2729.964421
7554.000000,2727.089931
7556.000000,2724.218423
7558.000000,2721.349927
7560.000000,2718.484223
7562.000000,2715.621797
7564.000000,2712.762212
7566.000000,2709.905728
7568.000000,2707.052366
7570.000000,2704.201908
7572.000000,2701.354865
7574.000000,2698.510777
7576.000000,2695.669906
7578.000000,2692.832276
7580.000000,2689.997670
7582.000000,2687.166613
7584.000000,2684.338614
7586.000000,2681.513953
7588.000000,2678.692672
7590.000000,2675.874511
7592.000000,2673.060021
7594.000000,2670.248710
7596.000000,2667.440852
7598.000000,2664.636474
7600.000000,2661.835336
7602.000000,2659.037984
7604.000000,2656.243905
7606.000000,2653.453398
7608.000000,2650.666463
7610.000000,2647.882862
7612.000000,2645.103166
7614.000000,2642.326816
7616.000000,2639.554141
7618.000000,2636.785126
7620.000000,2634.019525
7622.000000,2631.257913
7624.000000,2628.499725
7626.000000,2625.745281
7628.000000,2622.994567
7630.000000,2620.247332
7632.000000,2617.504139
7634.000000,2614.764440
7636.000000,2612.028517
7638.000000,2609.296387
7640.000000,2606.567760
7642.000000,2603.843225
7644.000000,2601.122203
7646.000000,2598.404987
7648.000000,2595.691573
7650.000000,2592.981684
7652.000000,2590.275883
7654.000000,2587.573607
7656.000000,2584.875117
7658.000000,2582.180436
7660.000000,2579.489234
7662.000000,2576.802125
7664.000000,2574.118481
7666.000000,2571.438603
7668.000000,2568.762476
7670.000000,2566.089779
7672.000000,2563.421114
7674.000000,2560.755846
7676.000000,2558.094266
7678.000000,2555.436356
7680.000000,2552.781793
7682.000000,2550.131147
7684.000000,2547.483813
7686.000000,2544.840033
7688.000000,2542.199817
7690.000000,2539.562830
7692.000000,2536.929583
7694.000000,2534.299534
7696.000000,2531.672891
7698.000000,2529.049614
7700.000000,2526.429434
7702.000000,2523.812811
7704.000000,2521.199181
7706.000000,2518.588772
7708.000000,2515.981546
7710.000000,2513.377200
7712.000000,2510.776156
7714.000000,2508.177920
7716.000000,2505.582670
7718.000000,2502.990334
7720.000000,2500.400643
7722.000000,2497.813995
7724.000000,2495.229896
7726.000000,2492.648492
7728.000000,2490.069717
7730.000000,2487.493318
7732.000000,2484.919646
7734.000000,2482.348225
7736.000000,2479.779178
7738.000000,2477.212434
7740.000000,2474.647761
7742.000000,2472.085445
7744.000000,2469.525059
7746.000000,2466.966692
7748.000000,2464.410268
7750.000000,2461.855571
7752.000000,2459.302811
7754.000000,2456.751636
7756.000000,2454.202094
7758.000000,2451.654092
7760.000000,2449.107446
7762.000000,2446.562279
7764.000000,2444.018306
7766.000000,2441.475556
7768.000000,2438.933916
7770.000000,2436.393223
7772.000000,2433.853534
7774.000000,2431.314618
7776.000000,2428.776451
7778.000000,2426.238937
7780.000000,2423.701955
7782.000000,2421.165470
7784.000000,2418.629314
7786.000000,2416.093426
7788.000000,2413.557700
7790.000000,2411.022039
7792.000000,2408.486343
7794.000000,2405.950532
7796.000000,2403.414486
7798.000000,2400.878097
7800.000000,2398.341297
7802.000000,2395.803904
7804.000000,2393.265900
7806.000000,2390.727135
7808.000000,2388.187512
7810.000000,2385.646995
7812.000000,2383.105307
7814.000000,2380.562511
7816.000000,2378.018411
7818.000000,2375.472894
7820.000000,2372.925973
7822.000000,2370.377311
7824.000000,2367.827031
7826.000000,2365.274892
7828.000000,2362.720778
7830.000000,2360.164745
7832.000000,2357.606351
7834.000000,2355.045840
7836.000000,2352.482910
7838.000000,2349.917442
7840.000000,2347.349530
7842.000000,2344.778646
7844.000000,2342.205124
7846.000000,2339.628615
7848.000000,2337.048993
7850.000000,2334.466401
7852.000000,2331.880232
7854.000000,2329.290891
7856.000000,2326.697983
7858.000000,2324.101390
7860.000000,2321.501311
7862.000000,2318.897038
7864.000000,2316.289041
7866.000000,2313.676897
7868.000000,2311.060524
7870.000000,2308.440123
7872.000000,2305.814877
7874.000000,2303.185396
7876.000000,2300.551215
7878.000000,2297.912183
7880.000000,2295.268601
7882.000000,2292.619578
7884.000000,2289.965756
7886.000000,2287.306659
7888.000000,2284.642148
7890.000000,2281.972527
7892.000000,2279.296858
7894.000000,2276.615850
7896.000000,2273.928987
7898.000000,2271.236123
7900.000000,2268.537632
7902.000000,2265.832443
7904.000000,2263.121391
7906.000000,2260.403903
7908.000000,2257.679822
7910.000000,2254.949592
7912.000000,2252.212017
7914.000000,2249.468058
7916.000000,2246.717061
7918.000000,2243.958904
7920.000000,2241.194049
7922.000000,2238.421220
7924.000000,2235.641471
7926.000000,2232.854094
7928.000000,2230.058971
7930.000000,2227.256606
7932.000000,2224.445637
7934.000000,2221.627195
7936.000000,2218.800544
7938.000000,2215.965551
7940.000000,2213.122752
7942.000000,2210.270732
7944.000000,2207.410688
7946.000000,2204.541829
7948.000000,2201.664024
7950.000000,2198.777866
7952.000000,2195.881848
7954.000000,2192.977244
7956.000000,2190.063220
7958.000000,2187.139658
7960.000000,2184.207199
7962.000000,2181.264202
7964.000000,2178.312066
7966.000000,2175.349934
7968.000000,2172.377647
7970.000000,2169.395905
7972.000000,2166.402993
7974.000000,2163.400374
7976.000000,2160.387159
7978.000000,2157.363182
7980.000000,2154.329211
7982.000000,2151.283393
7984.000000,2148.227352
7986.000000,2145.160079
7988.000000,2142.081481
7990.000000,2138.992317
7992.000000,2135.890676
7994.000000,2132.778265
7996.000000,2129.654046
7998.000000,2126.517895
8000.000000,2123.370663
8002.000000,2120.210351
8004.000000,2117.038713
8006.000000,2113.854703
8008.000000,2110.658225
8010.000000,2107.450144
8012.000000,2104.228391
8014.000000,2100.994819
8016.000000,2097.748349
8018.000000,2094.488867
8020.000000,2091.217631
8022.000000,2087.926454
8024.000000,2084.632608
8026.000000,2081.321237
8028.000000,2077.992135
8030.000000,2074.660034
8032.000000,2071.304781
8034.000000,2067.939279
8036.000000,2064.564229
8038.000000,2061.167381
8040.000000,2057.765366
8042.000000,2054.344161
8044.000000,2050.906315
8046.000000,2047.464005
8048.000000,2043.997698
8050.000000,2040.525004
8052.000000,2037.034318
8054.000000,2033.525233
8056.000000,2030.012185
8058.000000,2026.474789
8060.000000,2022.930726
8062.000000,2019.367133
8064.000000,2015.787961
8066.000000,2012.200788
8068.000000,2008.590748
8070.000000,2004.974696
8072.000000,2001.334870
8074.000000,1997.686834
8076.000000,1994.022250
8078.000000,1990.339267
8080.000000,1986.649504
8082.000000,1982.935398
8084.000000,1979.214559
8086.000000,1975.469369
8088.000000,1971.719563
8090.000000,1967.948068
8092.000000,1964.164578
8094.000000,1960.364288
8096.000000,1956.549687
8098.000000,1952.720005
8100.000000,1948.874995
8102.000000,1945.015610
8104.000000,1941.138369
8106.000000,1937.251116
8108.000000,1933.342105
8110.000000,1929.426603
8112.000000,1925.487702
8114.000000,1921.539831
8116.000000,1917.572259
8118.000000,1913.593105
8120.000000,1909.595999
8122.000000,1905.586490
8124.000000,1901.559372
8126.000000,1897.520121
8128.000000,1893.463466
8130.000000,1889.394172
8132.000000,1885.308452
8134.000000,1881.207738
8136.000000,1877.094489
8138.000000,1872.962584
8140.000000,1868.821712
8142.000000,1864.659283
8144.000000,1860.487810
8146.000000,1856.298390
8148.000000,1852.095296
8150.000000,1847.880443
8152.000000,1843.645618
8154.000000,1839.403053
8156.000000,1835.140571
8158.000000,1830.867664
8160.000000,1826.579868
8162.000000,1822.274465
8164.000000,1817.961488
8166.000000,1813.628914
8168.000000,1809.285788
8170.000000,1804.929202
8172.000000,1800.555142
8174.000000,1796.172645
8176.000000,1791.773058
8178.000000,1787.360571
8180.000000,1782.938303
8182.000000,1778.497509
8184.000000,1774.047066
8186.000000,1769.583337
8188.000000,1765.104321
8190.000000,1760.616369
8192.000000,1756.113300
8194.000000,1751.595242
8196.000000,1747.070082
8198.000000,1742.531199
8200.000000,1737.977883
8202.000000,1733.413033
8204.000000,1728.839949
8206.000000,1724.251733
8208.000000,1719.651729
8210.000000,1715.042441
8212.000000,1710.418729
8214.000000,1705.782629
8216.000000,1701.138826
8218.000000,1696.484798
8220.000000,1691.819149
8222.000000,1687.140612
8224.000000,1682.453124
8226.000000,1677.755119
8228.000000,1673.045528
8230.000000,1668.325785
8232.000000,1663.597498
8234.000000,1658.860474
8236.000000,1654.112284
8238.000000,1649.352733
8240.000000,1644.584400
8242.000000,1639.809431
8244.000000,1635.025939
8246.000000,1630.231763
8248.000000,1625.427520
8250.000000,1620.615768
8252.000000,1615.797031
8254.000000,1610.969957
8256.000000,1606.133682
8258.000000,1601.289562
8260.000000,1596.439079
8262.000000,1591.579156
8264.000000,1586.711073
8266.000000,1581.837307
8268.000000,1576.958624
8270.000000,1572.071881
8272.000000,1567.176801
8274.000000,1562.276995
8276.000000,1557.370509
8278.000000,1552.456295
8280.000000,1547.538529
8282.000000,1542.614471
8284.000000,1537.682672
8286.000000,1532.748218
8288.000000,1527.808861
8290.000000,1522.861861
8292.000000,1517.912376
8294.000000,1512.958656
8296.000000,1507.997927
8298.000000,1503.035742
8300.000000,1498.068505
8302.000000,1493.095749
8304.000000,1488.122676
8306.000000,1483.142915
8308.000000,1478.161887
8310.000000,1473.177200
8312.000000,1468.188125
8314.000000,1463.199329
8316.000000,1458.204253
8318.000000,1453.210981
8320.000000,1448.211573
8322.000000,1443.213958
8324.000000,1438.211610
8326.000000,1433.209976
8328.000000,1428.205161
8330.000000,1423.200639
8332.000000,1418.193796
8334.000000,1413.186936
8336.000000,1408.179121
8338.000000,1403.171052
8340.000000,1398.162465
8342.000000,1393.154381
8344.000000,1388.144938
8346.000000,1383.138289
8348.000000,1378.129196
8350.000000,1373.124087
8352.000000,1368.116252
8354.000000,1363.112743
8356.000000,1358.108180
8358.000000,1353.105778
8360.000000,1348.105960
8362.000000,1343.105545
8364.000000,1338.109859
8366.000000,1333.114029
8368.000000,1328.121085
8370.000000,1323.132107
8372.000000,1318.142830
8374.000000,1313.159228
8376.000000,1308.178037
8378.000000,1303.198139
8380.000000,1298.223850
8382.000000,1293.252668
8384.000000,1288.283279
8386.000000,1283.319806
8388.000000,1278.360465
8390.000000,1273.403375
8392.000000,1268.451325
8394.000000,1263.505531
8396.000000,1258.563005
8398.000000,1253.624076
8400.000000,1248.691690
8402.000000,1243.765353
8404.000000,1238.842955
8406.000000,1233.925098
8408.000000,1229.013720
8410.000000,1224.109181
8412.000000,1219.210173
8414.000000,1214.316171
8416.000000,1209.427834
8418.000000,1204.546674
8420.000000,1199.672836
8422.000000,1194.805645
8424.000000,1189.944375
8426.000000,1185.089736
8428.000000,1180.241954
8430.000000,1175.400680
8432.000000,1170.568821
8434.000000,1165.743978
8436.000000,1160.926570
8438.000000,1156.116783
8440.000000,1151.314182
8442.000000,1146.520133
8444.000000,1141.733559
8446.000000,1136.955215
8448.000000,1132.185269
8450.000000,1127.423202
8452.000000,1122.670492
8454.000000,1117.925926
8456.000000,1113.190301
8458.000000,1108.463737
8460.000000,1103.745638
8462.000000,1099.037532
8464.000000,1094.338093
8466.000000,1089.648124
8468.000000,1084.967714
8470.000000,1080.296191
8472.000000,1075.635142
8474.000000,1070.983155
8476.000000,1066.341061
8478.000000,1061.708935
8480.000000,1057.086067
8482.000000,1052.474066
8484.000000,1047.871440
8486.000000,1043.279032
8488.000000,1038.696977
8490.000000,1034.125422
8492.000000,1029.565539
8494.000000,1025.015323
8496.000000,1020.475618
8498.000000,1015.946473
8500.000000,1011.427112
8502.000000,1006.919938
8504.000000,1002.423877
8506.000000,997.938556
8508.000000,993.463988
8510.000000,988.999364
8512.000000,984.547631
8514.000000,980.106952
8516.000000,975.677127
8518.000000,971.258159
8520.000000,966.850524
8522.000000,962.455853
8524.000000,958.071260
8526.000000,953.697827
8528.000000,949.337555
8530.000000,944.987678
8532.000000,940.649675
8534.000000,936.323914
8536.000000,932.009775
8538.000000,927.706890
8540.000000,923.416144
8542.000000,919.137838
8544.000000,914.870130
8546.000000,910.615903
8548.000000,906.372562
8550.000000,902.141271
8552.000000,897.922879
8554.000000,893.715274
8556.000000,889.521032
8558.000000,885.338046
8560.000000,881.167343
8562.000000,877.008893
8564.000000,872.862905
8566.000000,868.728443
8568.000000,864.607113
8570.000000,860.496643
8572.000000,856.400083
8574.000000,852.314517
8576.000000,848.241870
8578.000000,844.181145
8580.000000,840.132558
8582.000000,836.096736
8584.000000,832.072981
8586.000000,828.061401
8588.000000,824.062326
8590.000000,820.075172
8592.000000,816.100922
8594.000000,812.138674
8596.000000,808.188681
8598.000000,804.251186
8600.000000,800.325538
8602.000000,796.412826
8604.000000,792.511927
8606.000000,788.623599
8608.000000,784.747347
8610.000000,780.882742
8612.000000,777.031956
8614.000000,773.192351
8616.000000,769.365043
8618.000000,765.550322
8620.000000,761.747175
8622.000000,757.956906
8624.000000,754.178133
8626.000000,750.411932
8628.000000,746.658169
8630.000000,742.915722
8632.000000,739.186212
8634.000000,735.467999
8636.000000,731.762139
8638.000000,728.068679
8640.000000,724.386543
8642.000000,720.717108
8644.000000,717.058998
8646.000000,713.413185
8648.000000,709.779397
8650.000000,706.156525
8652.000000,702.546745
8654.000000,698.948308
8656.000000,695.361541
8658.000000,691.786738
8660.000000,688.223124
8662.000000,684.671954
8664.000000,681.131920
8666.000000,677.603743
8668.000000,674.087053
8670.000000,670.581541
8672.000000,667.088397
8674.000000,663.606034
8676.000000,660.135473
8678.000000,656.676175
8680.000000,653.227888
8682.000000,649.791628
8684.000000,646.366190
8686.000000,642.952064
8688.000000,639.549315
8690.000000,636.157128
8692.000000,632.776956
8694.000000,629.407301
8696.000000,626.048773
8698.000000,622.701410
8700.000000,619.364409
8702.000000,616.039127
8704.000000,612.724315
8706.000000,609.420143
8708.000000,606.127305
8710.000000,602.844151
8712.000000,599.572976
8714.000000,596.311678
8716.000000,593.060971
8718.000000,589.821282
8720.000000,586.591143
8722.000000,583.372517
8724.000000,580.163802
8726.000000,576.965280
8728.000000,573.777426
8730.000000,570.599262
8732.000000,567.431976
8734.000000,564.274296
8736.000000,561.127073
8738.000000,557.989847
8740.000000,554.861830
8742.000000,551.745058
8744.000000,548.637481
8746.000000,545.539760
8748.000000,542.451902
8750.000000,539.373407
8752.000000,536.305512
8754.000000,533.246556
8756.000000,530.197251
8758.000000,527.157599
8760.000000,524.127029
8762.000000,521.106763
8764.000000,518.095225
8766.000000,515.093108
8768.000000,512.100359
8770.000000,509.116221
8772.000000,506.142143
8774.000000,503.176714
8776.000000,500.220463
8778.000000,497.273321
8780.000000,494.334549
8782.000000,491.405483
8784.000000,488.484689
8786.000000,485.572813
8788.000000,482.669799
8790.000000,479.774919
8792.000000,476.889466
8794.000000,474.012040
8796.000000,471.143258
8798.000000,468.283059
8800.000000,465.430739
8802.000000,462.587546
8804.000000,459.752123
8806.000000,456.925067
8808.000000,454.106321
8810.000000,451.295195
8812.000000,448.492889
8814.000000,445.698085
8816.000000,442.911356
8818.000000,440.132640
8820.000000,437.361269
8822.000000,434.598403
8824.000000,431.842886
8826.000000,429.095212
8828.000000,426.355273
8830.000000,423.622424
8832.000000,420.897774
8834.000000,418.180093
8836.000000,415.469903
8838.000000,412.767332
8840.000000,410.071608
8842.000000,407.383765
8844.000000,404.702622
8846.000000,402.028684
8848.000000,399.362101
8850.000000,396.702123
8852.000000,394.049716
8854.000000,391.403748
8856.000000,388.764847
8858.000000,386.132915
8860.000000,383.507254
8862.000000,380.888870
8864.000000,378.276866
8866.000000,375.671539
8868.000000,373.072774
8870.000000,370.480211
8872.000000,367.894730
8874.000000,365.315150
8876.000000,362.742079
8878.000000,360.175432
8880.000000,357.614521
8882.000000,355.060476
8884.000000,352.512160
8886.000000,349.969930
8888.000000,347.433963
8890.000000,344.903507
8892.000000,342.379565
8894.000000,339.861180
8896.000000,337.348626
8898.000000,334.842053
8900.000000,332.340725
8902.000000,329.845709
8904.000000,327.355885
8906.000000,324.871744
8908.000000,322.393194
8910.000000,319.919771
8912.000000,317.452290
8914.000000,314.989816
8916.000000,312.532802
8918.000000,310.081099
8920.000000,307.634347
8922.000000,305.193205
8924.000000,302.756887
8926.000000,300.325713
8928.000000,297.899612
8930.000000,295.478220
8932.000000,293.062140
8934.000000,290.650699
8936.000000,288.244102
8938.000000,285.842407
8940.000000,283.445146
8942.000000,281.052981
8944.000000,278.665233
8946.000000,276.282077
8948.000000,273.903568
8950.000000,271.529262
8952.000000,269.159781
8954.000000,266.794461
8956.000000,264.433527
8958.000000,262.076962
8960.000000,259.724423
8962.000000,257.376446
8964.000000,255.032410
8966.000000,252.692580
8968.000000,250.356850
8970.000000,248.024898
8972.000000,245.697349
8974.000000,243.373452
8976.000000,241.053486
8978.000000,238.737436
8980.000000,236.424961
8982.000000,234.116547
8984.000000,231.811624
8986.000000,229.510443
8988.000000,227.212943
8990.000000,224.918794
8992.000000,222.628516
8994.000000,220.341514
8996.000000,218.058000
8998.000000,215.777919
9000.000000,213.500976
9002.000000,211.227674
9004.000000,208.957430
9006.000000,206.690445
9008.000000,204.426674
9010.000000,202.165854
9012.000000,199.908443
9014.000000,197.653893
9016.000000,195.402398
9018.000000,193.153916
9020.000000,190.908184
9022.000000,188.665592
9024.000000,186.425645
9026.000000,184.188537
9028.000000,181.954250
9030.000000,179.722495
9032.000000,177.493638
9034.000000,175.267257
9036.000000,173.043511
9038.000000,170.822340
9040.000000,168.603529
9042.000000,166.387448
9044.000000,164.173621
9046.000000,161.962203
9048.000000,159.753175
9050.000000,157.546303
9052.000000,155.341879
9054.000000,153.139542
9056.000000,150.939410
9058.000000,148.741439
9060.000000,146.545451
9062.000000,144.351700
9064.000000,142.159843
9066.000000,139.970019
9068.000000,137.782143
9070.000000,135.596057
9072.000000,133.412012
9074.000000,131.229640
9076.000000,129.049104
9078.000000,126.870312
9080.000000,124.693102
9082.000000,122.517728
9084.000000,120.343842
9086.000000,118.171587
9088.000000,116.000889
9090.000000,113.831598
9092.000000,111.663936
9094.000000,109.497585
9096.000000,107.332672
9098.000000,105.169104
9100.000000,103.006776
9102.000000,100.845828
9104.000000,98.686025
9106.000000,96.527441
9108.000000,94.370010
9110.000000,92.213636
9112.000000,90.058425
9114.000000,87.904196
9116.000000,85.750976
9118.000000,83.598740
9120.000000,81.447369
9122.000000,79.296964
9124.000000,77.147352
9126.000000,74.998556
9128.000000,72.850540
9130.000000,70.703203
9132.000000,68.556623
9134.000000,66.410645
9136.000000,64.265298
9138.000000,62.120525
9140.000000,59.976266
9142.000000,57.832544
9144.000000,55.689268
9146.000000,53.546414
9148.000000,51.403959
9150.000000,49.261824
9152.000000,47.120031
9154.000000,44.978483
9156.000000,42.837172
9158.000000,40.696054
9160.000000,38.555082
9162.000000,36.414233
9164.000000,34.273454
9166.000000,32.132719
9168.000000,29.991978
9170.000000,27.851212
9172.000000,25.710355
9174.000000,23.569396
9176.000000,21.428276
9178.000000,19.286963
9180.000000,17.145430
9182.000000,15.003603
9184.000000,12.861482
9186.000000,10.719006
9188.000000,8.576134
9190.000000,6.432861
9192.000000,4.289077
9194.000000,2.144816
9196.000000,0.000000
9198.000000,0.000000
9200.000000,0.000000
9202.000000,0.000000
9204.000000,0.000000
9206.000000,0.000000
9208.000000,0.000000
9210.000000,0.000000
9212.000000,0.000000
9214.000000,0.000000
9216.000000,0.000000
9218.000000,0.000000
9220.000000,0.000000
9222.000000,0.000000
9224.000000,0.000000
9226.000000,0.000000
9228.000000,0.000000
9230.000000,0.000000
9232.000000,0.000000
9234.000000,0.000000
9236.000000,0.000000
9238.000000,0.000000
9240.000000,0.000000
9242.000000,0.000000
9244.000000,0.000000
9246.000000,0.000000
9248.000000,0.000000
9250.000000,0.000000
9252.000000,0.000000
9254.000000,0.000000
9256.000000,0.000000
9258.000000,0.000000
9260.000000,0.000000
9262.000000,0.000000
9264.000000,0.000000
9266.000000,0.000000
9268.000000,0.000000
9270.000000,0.000000
9272.000000,0.000000
9274.000000,0.000000
9276.000000,0.000000
9278.000000,0.000000
9280.000000,0.000000
9282.000000,0.000000
9284.000000,0.000000
9286.000000,0.000000
9288.000000,0.000000
9290.000000,0.000000
9292.000000,0.000000
9294.000000,0.000000
9296.000000,0.000000
9298.000000,0.000000
9300.000000,0.000000
9302.000000,0.000000
9304.000000,0.000000
9306.000000,0.000000
9308.000000,0.000000
9310.000000,0.000000
9312.000000,0.000000
9314.000000,0.000000
9316.000000,0.000000
9318.000000,0.000000
9320.000000,0.000000
9322.000000,0.000000
9324.000000,0.000000
9326.000000,0.000000
9328.000000,0.000000
9330.000000,0.000000
9332.000000,0.000000
9334.000000,0.000000
9336.000000,0.000000
9338.000000,0.000000
9340.000000,0.000000
9342.000000,0.000000
9344.000000,0.000000
9346.000000,0.000000
9348.000000,0.000000
9350.000000,0.000000
9352.000000,0.000000
9354.000000,0.000000
9356.000000,0.000000
9358.000000,0.000000
9360.000000,0.000000
9362.000000,0.000000
9364.000000,0.000000
9366.000000,0.000000
9368.000000,0.000000
9370.000000,0.000000
9372.000000,0.000000
9374.000000,0.000000
9376.000000,0.000000
9378.000000,0.000000
9380.000000,0.000000
9382.000000,0.000000
9384.000000,0.000000
9386.000000,0.000000
9388.000000,0.000000
9390.000000,0.000000
9392.000000,0.000000
9394.000000,0.000000
9396.000000,0.000000
9398.000000,0.000000
9400.000000,0.000000
9402.000000,0.000000
9404.000000,0.000000
9406.000000,0.000000
9408.000000,0.000000
9410.000000,0.000000
9412.000000,0.000000
9414.000000,0.000000
9416.000000,0.000000
9418.000000,0.000000
9420.000000,0.000000
9422.000000,0.000000
9424.000000,0.000000
9426.000000,0.000000
9428.000000,0.000000
9430.000000,0.000000
9432.000000,0.000000
9434.000000,0.000000
9436.000000,0.000000
9438.000000,0.000000
9440.000000,0.000000
9442.000000,0.000000
9444.000000,0.000000
9446.000000,0.000000
9448.000000,0.000000
9450.000000,0.000000
9452.000000,0.000000
9454.000000,0.000000
9456.000000,0.000000
9458.000000,0.000000
9460.000000,0.000000
9462.000000,0.000000
9464.000000,0.000000
9466.000000,0.000000
9468.000000,0.000000
9470.000000,0.000000
9472.000000,0.000000
9474.000000,0.000000
9476.000000,0.000000
9478.000000,0.000000
9480.000000,0.000000
9482.000000,0.000000
9484.000000,0.000000
9486.000000,0.000000
9488.000000,0.000000
9490.000000,0.000000
9492.000000,0.000000
9494.000000,0.000000
9496.000000,0.000000
9498.000000,0.000000
9500.000000,0.000000
9502.000000,0.000000
9504.000000,0.000000
9506.000000,0.000000
9508.000000,0.000000
9510.000000,0.000000
9512.000000,0.000000
9514.000000,0.000000
9516.000000,0.000000
9518.000000,0.000000
9520.000000,0.000000
9522.000000,0.000000
9524.000000,0.000000
9526.000000,0.000000
9528.000000,0.000000
9530.000000,0.000000
9532.000000,0.000000
9534.000000,0.000000
9536.000000,0.000000
9538.000000,0.000000
9540.000000,0.000000
9542.000000,0.000000
9544.000000,0.000000
9546.000000,0.000000
9548.000000,0.000000
9550.000000,0.000000
9552.000000,0.000000
9554.000000,0.000000
9556.000000,0.000000
9558.000000,0.000000
9560.000000,0.000000
9562.000000,0.000000
9564.000000,0.000000
9566.000000,0.000000
9568.000000,0.000000
9570.000000,0.000000
9572.000000,0.000000
9574.000000,0.000000
9576.000000,0.000000
9578.000000,0.000000
9580.000000,0.000000
9582.000000,0.000000
9584.000000,0.000000
9586.000000,0.000000
9588.000000,0.000000
9590.000000,0.000000
9592.000000,0.000000
9594.000000,0.000000
9596.000000,0.000000
9598.000000,0.000000
9600.000000,0.000000
9602.000000,0.000000
9604.000000,0.000000
9606.000000,0.000000
9608.000000,0.000000
9610.000000,0.000000
9612.000000,0.000000
9614.000000,0.000000
9616.000000,0.000000
9618.000000,0.000000
9620.000000,0.000000
9622.000000,0.000000
9624.000000,0.000000
9626.000000,0.000000
9628.000000,0.000000
9630.000000,0.000000
9632.000000,0.000000
9634.000000,0.000000
9636.000000,0.000000
9638.000000,0.000000
9640.000000,0.000000
9642.000000,0.000000
9644.000000,0.000000
9646.000000,0.000000
9648.000000,0.000000
9650.000000,0.000000
9652.000000,0.000000
9654.000000,0.000000
9656.000000,0.000000
9658.000000,0.000000
9660.000000,0.000000
9662.000000,0.000000
9664.000000,0.000000
9666.000000,0.000000
9668.000000,0.000000
9670.000000,0.000000
9672.000000,0.000000
9674.000000,0.000000
9676.000000,0.000000
9678.000000,0.000000
9680.000000,0.000000
9682.000000,0.000000
9684.000000,0.000000
9686.000000,0.000000
9688.000000,0.000000
9690.000000,0.000000
9692.000000,0.000000
9694.000000,0.000000
9696.000000,0.000000
9698.000000,0.000000
9700.000000,0.000000
9702.000000,0.000000
9704.000000,0.000000
9706.000000,0.000000
9708.000000,0.000000
9710.000000,0.000000
9712.000000,0.000000
9714.000000,0.000000
9716.000000,0.000000
9718.000000,0.000000
9720.000000,0.000000
9722.000000,0.000000
9724.000000,0.000000
9726.000000,0.000000
9728.000000,0.000000
9730.000000,0.000000
9732.000000,0.000000
9734.000000,0.000000
9736.000000,0.000000
9738.000000,0.000000
9740.000000,0.000000
9742.000000,0.000000
9744.000000,0.000000
9746.000000,0.000000
9748.000000,0.000000
9750.000000,0.000000
9752.000000,0.000000
9754.000000,0.000000
9756.000000,0.000000
9758.000000,0.000000
9760.000000,0.000000
9762.000000,0.000000
9764.000000,0.000000
9766.000000,0.000000
9768.000000,0.000000
9770.000000,0.000000
9772.000000,0.000000
9774.000000,0.000000
9776.000000,0.000000
9778.000000,0.000000
9780.000000,0.000000
9782.000000,0.000000
9784.000000,0.000000
9786.000000,0.000000
9788.000000,0.000000
9790.000000,0.000000
9792.000000,0.000000
9794.000000,0.000000
9796.000000,0.000000
9798.000000,0.000000
9800.000000,0.000000
9802.000000,0.000000
9804.000000,0.000000
9806.000000,0.000000
9808.000000,0.000000
9810.000000,0.000000
9812.000000,0.000000
9814.000000,0.000000
9816.000000,0.000000
9818.000000,0.000000
9820.000000,0.000000
9822.000000,0.000000
9824.000000,0.000000
9826.000000,0.000000
9828.000000,0.000000
9830.000000,0.000000
9832.000000,0.000000
9834.000000,0.000000
9836.000000,0.000000
9838.000000,0.000000
9840.000000,0.000000
9842.000000,0.000000
9844.000000,0.000000
9846.000000,0.000000
9848.000000,0.000000
9850.000000,0.000000
9852.000000,0.000000
9854.000000,0.000000
9856.000000,0.000000
9858.000000,0.000000
9860.000000,0.000000
9862.000000,0.000000
9864.000000,0.000000
9866.000000,0.000000
9868.000000,0.000000
9870.000000,0.000000
9872.000000,0.000000
9874.000000,0.000000
9876.000000,0.000000
9878.000000,0.000000
9880.000000,0.000000
9882.000000,0.000000
9884.000000,0.000000
9886.000000,0.000000
9888.000000,0.000000
9890.000000,0.000000
9892.000000,0.000000
9894.000000,0.000000
9896.000000,0.000000
9898.000000,0.000000
9900.000000,0.000000
9902.000000,0.000000
9904.000000,0.000000
9906.000000,0.000000
9908.000000,0.000000
9910.000000,0.000000
9912.000000,0.000000
9914.000000,0.000000
9916.000000,0.000000
9918.000000,0.000000
9920.000000,0.000000
9922.000000,0.000000
9924.000000,0.000000
9926.000000,0.000000
9928.000000,0.000000
9930.000000,0.000000
9932.000000,0.000000
9934.000000,0.000000
9936.000000,0.000000
9938.000000,0.000000
9940.000000,0.000000
9942.000000,0.000000
9944.000000,0.000000
9946.000000,0.000000
9948.000000,0.000000
9950.000000,0.000000
9952.000000,0.000000
9954.000000,0.000000
9956.000000,0.000000
9958.000000,0.000000
9960.000000,0.000000
9962.000000,0.000000
9964.000000,0.000000
9966.000000,0.000000
9968.000000,0.000000
9970.000000,0.000000
9972.000000,0.000000
9974.000000,0.000000
9976.000000,0.000000
9978.000000,0.000000
9980.000000,0.000000
9982.000000,0.000000
9984.000000,0.000000
9986.000000,0.000000
9988.000000,0.000000
9990.000000,0.000000
9992.000000,0.000000
9994.000000,0.000000
9996.000000,0.000000
9998.000000,0.000000
10000.000000,0.000000
10002.000000,0.000000
10004.000000,0.000000
10006.000000,0.000000
10008.000000,0.000000
10010.000000,0.000000
10012.000000,0.000000
10014.000000,0.000000
10016.000000,0.000000
10018.000000,0.000000
10020.000000,0.000000
10022.000000,0.000000
10024.000000,0.000000
10026.000000,0.000000
10028.000000,0.000000
10030.000000,0.000000
10032.000000,0.000000
10034.000000,0.000000
10036.000000,0.000000
10038.000000,0.000000
10040.000000,0.000000
10042.000000,0.000000
10044.000000,0.000000
10046.000000,0.000000
10048.000000,0.000000
10050.000000,0.000000
10052.000000,0.000000
10054.000000,0.000000
10056.000000,0.000000
10058.000000,0.000000
10060.000000,0.000000
10062.000000,0.000000
10064.000000,0.000000
10066.000000,0.000000
10068.000000,0.000000
10070.000000,0.000000
10072.000000,0.000000
10074.000000,0.000000
10076.000000,0.000000
10078.000000,0.000000
10080.000000,0.000000
10082.000000,0.000000
10084.000000,0.000000
10086.000000,0.000000
10088.000000,0.000000
10090.000000,0.000000
10092.000000,0.000000
10094.000000,0.000000
10096.000000,0.000000
10098.000000,0.000000
10100.000000,0.000000
10102.000000,0.000000
10104.000000,0.000000
10106.000000,0.000000
10108.000000,0.000000
10110.000000,0.000000
10112.000000,0.000000
10114.000000,0.000000
10116.000000,0.000000
10118.000000,0.000000
10120.000000,0.000000
10122.000000,0.000000
10124.000000,0.000000
10126.000000,0.000000
10128.000000,0.000000
10130.000000,0.000000
10132.000000,0.000000
10134.000000,0.000000
10136.000000,0.000000
10138.000000,0.000000
10140.000000,0.000000
10142.000000,0.000000
10144.000000,0.000000
10146.000000,0.000000
10148.000000,0.000000
10150.000000,0.000000
10152.000000,0.000000
10154.000000,0.000000
10156.000000,0.000000
10158.000000,0.000000
10160.000000,0.000000
10162.000000,0.000000
10164.000000,0.000000
10166.000000,0.000000
10168.000000,0.000000
10170.000000,0.000000
10172.000000,0.000000
10174.000000,0.000000
10176.000000,0.000000
10178.000000,0.000000
10180.000000,0.000000
10182.000000,0.000000
10184.000000,0.000000
10186.000000,0.000000
10188.000000,0.000000
10190.000000,0.000000
10192.000000,0.000000
10194.000000,0.000000
10196.000000,0.000000
10198.000000,0.000000
10200.000000,0.000000
10202.000000,0.000000
10204.000000,0.000000
10206.000000,0.000000
10208.000000,0.000000
10210.000000,0.000000
10212.000000,0.000000
10214.000000,0.000000
10216.000000,0.000000
10218.000000,0.000000
10220.000000,0.000000
10222.000000,0.000000
10224.000000,0.000000
10226.000000,0.000000
10228.000000,0.000000
10230.000000,0.000000
10232.000000,0.000000
10234.000000,0.000000
10236.000000,0.000000
10238.000000,0.000000
10240.000000,0.000000
10242.000000,0.000000
10244.000000,0.000000
10246.000000,0.000000
10248.000000,0.000000
10250.000000,0.000000
10252.000000,0.000000
10254.000000,0.000000
10256.000000,0.000000
10258.000000,0.000000
10260.000000,0.000000
10262.000000,0.000000
10264.000000,0.000000
10266.000000,0.000000
10268.000000,0.000000
10270.000000,0.000000
10272.000000,0.000000
10274.000000,0.000000
10276.000000,0.000000
10278.000000,0.000000
10280.000000,0.000000
10282.000000,0.000000
10284.000000,0.000000
10286.000000,0.000000
10288.000000,0.000000
10290.000000,0.000000
10292.000000,0.000000
10294.000000,0.000000
10296.000000,0.000000
10298.000000,0.000000
10300.000000,0.000000
10302.000000,0.000000
10304.000000,0.000000
10306.000000,0.000000
10308.000000,0.000000
10310.000000,0.000000
10312.000000,0.000000
10314.000000,0.000000
10316.000000,0.000000
10318.000000,0.000000
10320.000000,0.000000
10322.000000,0.000000
10324.000000,0.000000
10326.000000,0.000000
10328.000000,0.000000
10330.000000,0.000000
10332.000000,0.000000
10334.000000,0.000000
10336.000000,0.000000
10338.000000,0.000000
10340.000000,0.000000
10342.000000,0.000000
10344.000000,0.000000
10346.000000,0.000000
10348.000000,0.000000
10350.000000,0.000000
10352.000000,0.000000
10354.000000,0.000000
10356.000000,0.000000
10358.000000,0.000000
10360.000000,0.000000
10362.000000,0.000000
10364.000000,0.000000
10366.000000,0.000000
10368.000000,0.000000
10370.000000,0.000000
10372.000000,0.000000
10374.000000,0.000000
10376.000000,0.000000
10378.000000,0.000000
10380.000000,0.000000
10382.000000,0.000000
10384.000000,0.000000
10386.000000,0.000000
10388.000000,0.000000
10390.000000,0.000000
10392.000000,0.000000
10394.000000,0.000000
10396.000000,0.000000
10398.000000,0.000000
10400.000000,0.000000
10402.000000,0.000000
10404.000000,0.000000
10406.000000,0.000000
10408.000000,0.000000
10410.000000,0.000000
10412.000000,0.000000
10414.000000,0.000000
10416.000000,0.000000
10418.000000,0.000000
10420.000000,0.000000
10422.000000,0.000000
10424.000000,0.000000
10426.000000,0.000000
10428.000000,0.000000
10430.000000,0.000000
10432.000000,0.000000
10434.000000,0.000000
10436.000000,0.000000
10438.000000,0.000000
10440.000000,0.000000
10442.000000,0.000000
10444.000000,0.000000
10446.000000,0.000000
10448.000000,0.000000
10450.000000,0.000000
10452.000000,0.000000
10454.000000,0.000000
10456.000000,0.000000
10458.000000,0.000000
10460.000000,0.000000
10462.000000,0.000000
10464.000000,0.000000
10466.000000,0.000000
10468.000000,0.000000
10470.000000,0.000000
10472.000000,0.000000
10474.000000,0.000000
10476.000000,0.000000
10478.000000,0.000000
10480.000000,0.000000
10482.000000,0.000000
10484.000000,0.000000
10486.000000,0.000000
10488.000000,0.000000
10490.000000,0.000000
10492.000000,0.000000
10494.000000,0.000000
10496.000000,0.000000
10498.000000,0.000000
10500.000000,0.000000
10502.000000,0.000000
10504.000000,0.000000
10506.000000,0.000000
10508.000000,0.000000
10510.000000,0.000000
10512.000000,0.000000
10514.000000,0.000000
10516.000000,0.000000
10518.000000,0.000000
10520.000000,0.000000
10522.000000,0.000000
10524.000000,0.000000
10526.000000,0.000000
10528.000000,0.000000
10530.000000,0.000000
10532.000000,0.000000
10534.000000,0.000000
10536.000000,0.000000
10538.000000,0.000000
10540.000000,0.000000
10542.000000,0.000000
10544.000000,0.000000
10546.000000,0.000000
10548.000000,0.000000
10550.000000,0.000000
10552.000000,0.000000
10554.000000,0.000000
10556.000000,0.000000
10558.000000,0.000000
10560.000000,0.000000
10562.000000,0.000000
10564.000000,0.000000
10566.000000,0.000000
10568.000000,0.000000
10570.000000,0.000000
10572.000000,0.000000
10574.000000,0.000000
10576.000000,0.000000
10578.000000,0.000000
10580.000000,0.000000
10582.000000,0.000000
10584.000000,0.000000
10586.000000,0.000000
10588.000000,0.000000
10590.000000,0.000000
10592.000000,0.000000
10594.000000,0.000000
10596.000000,0.000000
10598.000000,0.000000
10600.000000,0.000000
10602.000000,0.000000
10604.000000,0.000000
10606.000000,0.000000
10608.000000,0.000000
10610.000000,0.000000
10612.000000,0.000000
10614.000000,0.000000
10616.000000,0.000000
10618.000000,0.000000
10620.000000,0.000000
10622.000000,0.000000
10624.000000,0.000000
10626.000000,0.000000
10628.000000,0.000000
10630.000000,0.000000
10632.000000,0.000000
10634.000000,0.000000
10636.000000,0.000000
10638.000000,0.000000
10640.000000,0.000000
10642.000000,0.000000
10644.000000,0.000000
10646.000000,0.000000
10648.000000,0.000000
10650.000000,0.000000
10652.000000,0.000000
10654.000000,0.000000
10656.000000,0.000000
10658.000000,0.000000
10660.000000,0.000000
10662.000000,0.000000
10664.000000,0.000000
10666.000000,0.000000
10668.000000,0.000000
10670.000000,0.000000
10672.000000,0.000000
10674.000000,0.000000
10676.000000,0.000000
10678.000000,0.000000
10680.000000,0.000000
10682.000000,0.000000
10684.000000,0.000000
10686.000000,0.000000
10688.000000,0.000000
10690.000000,0.000000
10692.000000,0.000000
10694.000000,0.000000
10696.000000,0.000000
10698.000000,0.000000
10700.000000,0.000000
10702.000000,0.000000
10704.000000,0.000000
10706.000000,0.000000
10708.000000,0.000000
10710.000000,0.000000
10712.000000,0.000000
10714.000000,0.000000
10716.000000,0.000000
10718.000000,0.000000
10720.000000,0.000000
10722.000000,0.000000
10724.000000,0.000000
10726.000000,0.000000
10728.000000,0.000000
10730.000000,0.000000
10732.000000,0.000000
10734.000000,0.000000
10736.000000,0.000000
10738.000000,0.000000
10740.000000,0.000000
10742.000000,0.000000
10744.000000,0.000000
10746.000000,0.000000
10748.000000,0.000000
10750.000000,0.000000
10752.000000,0.000000
10754.000000,0.000000
10756.000000,0.000000
10758.000000,0.000000
10760.000000,0.000000
10762.000000,0.000000
10764.000000,0.000000
10766.000000,0.000000
10768.000000,0.000000
10770.000000,0.000000
10772.000000,0.000000
10774.000000,0.000000
10776.000000,0.000000
10778.000000,0.000000
10780.000000,0.000000
10782.000000,0.000000
10784.000000,0.000000
10786.000000,0.000000
10788.000000,0.000000
10790.000000,0.000000
10792.000000,0.000000
10794.000000,0.000000
10796.000000,0.000000
10798.000000,0.000000
10800.000000,0.000000
10802.000000,0.000000
10804.000000,0.000000
10806.000000,0.000000
10808.000000,0.000000
10810.000000,0.000000
10812.000000,0.000000
10814.000000,0.000000
10816.000000,0.000000
10818.000000,0.000000
10820.000000,0.000000
10822.000000,0.000000
10824.000000,0.000000
10826.000000,0.000000
10828.000000,0.000000
10830.000000,0.000000
10832.000000,0.000000
10834.000000,0.000000
10836.000000,0.000000
10838.000000,0.000000
10840.000000,0.000000
10842.000000,0.000000
10844.000000,0.000000
10846.000000,0.000000
10848.000000,0.000000
10850.000000,0.000000
10852.000000,0.000000
10854.000000,0.000000
10856.000000,0.000000
10858.000000,0.000000
10860.000000,0.000000
10862.000000,0.000000
10864.000000,0.000000
10866.000000,0.000000
10868.000000,0.000000
10870.000000,0.000000
10872.000000,0.000000
10874.000000,0.000000
10876.000000,0.000000
10878.000000,0.000000
10880.000000,0.000000
10882.000000,0.000000
10884.000000,0.000000
10886.000000,0.000000
10888.000000,0.000000
10890.000000,0.000000
10892.000000,0.000000
10894.000000,0.000000
10896.000000,0.000000
10898.000000,0.000000
10900.000000,0.000000
10902.000000,0.000000
10904.000000,0.000000
10906.000000,0.000000
10908.000000,0.000000
10910.000000,0.000000
10912.000000,0.000000
10914.000000,0.000000
10916.000000,0.000000
10918.000000,0.000000
10920.000000,0.000000
10922.000000,0.000000
10924.000000,0.000000
10926.000000,0.000000
10928.000000,0.000000
10930.000000,0.000000
10932.000000,0.000000
10934.000000,0.000000
10936.000000,0.000000
10938.000000,0.000000
10940.000000,0.000000
10942.000000,0.000000
10944.000000,0.000000
10946.000000,0.000000
10948.000000,0.000000
10950.000000,0.000000
10952.000000,0.000000
10954.000000,0.000000
10956.000000,0.000000
10958.000000,0.000000
10960.000000,0.000000
10962.000000,0.000000
10964.000000,0.000000
10966.000000,0.000000
10968.000000,0.000000
10970.000000,0.000000
10972.000000,0.000000
10974.000000,0.000000
10976.000000,0.000000
10978.000000,0.000000
10980.000000,0.000000
10982.000000,0.000000
10984.000000,0.000000
10986.000000,0.000000
10988.000000,0.000000
10990.000000,0.000000
10992.000000,0.000000
10994.000000,0.000000
10996.000000,0.000000
10998.000000,0.000000
11000.000000,0.000000
