# target for EO1 from forward.csv + 1000 us hold + reverse.csv, 1.25 us -> 2 us linear
# integrated ramp target (EOs in parallel): peak 5200 V at the EOM, 5501 pts at 2 us = 11.0020 ms period
# first/last sample 0.000000/0.000000 V; peak slew 4.109 V/us at the EOM
# identical samples on both channels; the per-channel drive is what differs
time_us,voltage_V
0.000000,0.000000
2.000000,0.000000
4.000000,0.000000
6.000000,0.000000
8.000000,0.000000
10.000000,0.000000
12.000000,0.000001
14.000000,0.000002
16.000000,0.000004
18.000000,0.000007
20.000000,0.000013
22.000000,0.000020
24.000000,0.000030
26.000000,0.000045
28.000000,0.000065
30.000000,0.000092
32.000000,0.000128
34.000000,0.000172
36.000000,0.000229
38.000000,0.000301
40.000000,0.000388
42.000000,0.000497
44.000000,0.000626
46.000000,0.000782
48.000000,0.000968
50.000000,0.001184
52.000000,0.001442
54.000000,0.001741
56.000000,0.002088
58.000000,0.002489
60.000000,0.002946
62.000000,0.003473
64.000000,0.004069
66.000000,0.004745
68.000000,0.005510
70.000000,0.006363
72.000000,0.007331
74.000000,0.008404
76.000000,0.009601
78.000000,0.010933
80.000000,0.012399
82.000000,0.014035
84.000000,0.015827
86.000000,0.017800
88.000000,0.019969
90.000000,0.022329
92.000000,0.024931
94.000000,0.027752
96.000000,0.030828
98.000000,0.034176
100.000000,0.037788
102.000000,0.041729
104.000000,0.045971
106.000000,0.050555
108.000000,0.055505
110.000000,0.060808
112.000000,0.066549
114.000000,0.072686
116.000000,0.079275
118.000000,0.086341
120.000000,0.093868
122.000000,0.101962
124.000000,0.110567
126.000000,0.119752
128.000000,0.129547
130.000000,0.139929
132.000000,0.151031
134.000000,0.162779
136.000000,0.175258
138.000000,0.188501
140.000000,0.202479
142.000000,0.217354
144.000000,0.233032
146.000000,0.249613
148.000000,0.267139
150.000000,0.285569
152.000000,0.305099
154.000000,0.325611
156.000000,0.347227
158.000000,0.369991
160.000000,0.393854
162.000000,0.419048
164.000000,0.445427
166.000000,0.473136
168.000000,0.502225
170.000000,0.532631
172.000000,0.564629
174.000000,0.598044
176.000000,0.633041
178.000000,0.669678
180.000000,0.707877
182.000000,0.747961
184.000000,0.789718
186.000000,0.833341
188.000000,0.878894
190.000000,0.926282
192.000000,0.975881
194.000000,1.027436
196.000000,1.081173
198.000000,1.137161
200.000000,1.195285
202.000000,1.255980
204.000000,1.318947
206.000000,1.384441
208.000000,1.452540
210.000000,1.523109
212.000000,1.596643
214.000000,1.672792
216.000000,1.751849
218.000000,1.833899
220.000000,1.918782
222.000000,2.007062
224.000000,2.098337
226.000000,2.192934
228.000000,2.290947
230.000000,2.392190
232.000000,2.497300
234.000000,2.605815
236.000000,2.718104
238.000000,2.834268
240.000000,2.954090
242.000000,3.078291
244.000000,3.206341
246.000000,3.338653
248.000000,3.475335
250.000000,3.616142
252.000000,3.761878
254.000000,3.911940
256.000000,4.066792
258.000000,4.226551
260.000000,4.390932
262.000000,4.560835
264.000000,4.735580
266.000000,4.915681
268.000000,5.101261
270.000000,5.292001
272.000000,5.488898
274.000000,5.691190
276.000000,5.899442
278.000000,6.113788
280.000000,6.333868
282.000000,6.560783
284.000000,6.793684
286.000000,7.033190
288.000000,7.279446
290.000000,7.532049
292.000000,7.792209
294.000000,8.058983
296.000000,8.333052
298.000000,8.614567
300.000000,8.903079
302.000000,9.199918
304.000000,9.504037
306.000000,9.816183
308.000000,10.136513
310.000000,10.464531
312.000000,10.801691
314.000000,11.146838
316.000000,11.500784
318.000000,11.863698
320.000000,12.235030
322.000000,12.616366
324.000000,13.006434
326.000000,13.406120
328.000000,13.815601
330.000000,14.234269
332.000000,14.663850
334.000000,15.102943
336.000000,15.552452
338.000000,16.012624
340.000000,16.482794
342.000000,16.964832
344.000000,17.457218
346.000000,17.960985
348.000000,18.476332
350.000000,19.002529
352.000000,19.541598
354.000000,20.091885
356.000000,20.654504
358.000000,21.229663
360.000000,21.816565
362.000000,22.417394
364.000000,23.030350
366.000000,23.656636
368.000000,24.296466
370.000000,24.948977
372.000000,25.616514
374.000000,26.297133
376.000000,26.992122
378.000000,27.701706
380.000000,28.424949
382.000000,29.164164
384.000000,29.917425
386.000000,30.686136
388.000000,31.470534
390.000000,32.269605
392.000000,33.086048
394.000000,33.917600
396.000000,34.765736
398.000000,35.630698
400.000000,36.511395
402.000000,37.410712
404.000000,38.326217
406.000000,39.259482
408.000000,40.210761
410.000000,41.178877
412.000000,42.166800
414.000000,43.171749
416.000000,44.195640
418.000000,45.238768
420.000000,46.299872
422.000000,47.382228
424.000000,48.483049
426.000000,49.604109
428.000000,50.745684
430.000000,51.906418
432.000000,53.089800
434.000000,54.292849
436.000000,55.517338
438.000000,56.763097
440.000000,58.029167
442.000000,59.319311
444.000000,60.630352
446.000000,61.964288
448.000000,63.321411
450.000000,64.700175
452.000000,66.104501
454.000000,67.531009
456.000000,68.981650
458.000000,70.456062
460.000000,71.953312
462.000000,73.477640
464.000000,75.025456
466.000000,76.598989
468.000000,78.198549
470.000000,79.822387
472.000000,81.474883
474.000000,83.151517
476.000000,84.854583
478.000000,86.585146
480.000000,88.341350
482.000000,90.127811
484.000000,91.940500
486.000000,93.781892
488.000000,95.652071
490.000000,97.547991
492.000000,99.475453
494.000000,101.430554
496.000000,103.415892
498.000000,105.431803
500.000000,107.476210
502.000000,109.553601
504.000000,111.658491
506.000000,113.794999
508.000000,115.963656
510.000000,118.162269
512.000000,120.396201
514.000000,122.660405
516.000000,124.955618
518.000000,127.284375
520.000000,129.644578
522.000000,132.041845
524.000000,134.471205
526.000000,136.934181
528.000000,139.430567
530.000000,141.959838
532.000000,144.527951
534.000000,147.129685
536.000000,149.767196
538.000000,152.438869
540.000000,155.144766
542.000000,157.891308
544.000000,160.673026
546.000000,163.491572
548.000000,166.345855
550.000000,169.236001
552.000000,172.168623
554.000000,175.137758
556.000000,178.143542
558.000000,181.187968
560.000000,184.270044
562.000000,187.396450
564.000000,190.558682
566.000000,193.758966
568.000000,197.001435
570.000000,200.283157
572.000000,203.608688
574.000000,206.969627
576.000000,210.373936
578.000000,213.822181
580.000000,217.307898
582.000000,220.837161
584.000000,224.407922
586.000000,228.023986
588.000000,231.679380
590.000000,235.374829
592.000000,239.120175
594.000000,242.906851
596.000000,246.732760
598.000000,250.606032
600.000000,254.523347
602.000000,258.484135
604.000000,262.487422
606.000000,266.539447
608.000000,270.634542
610.000000,274.769892
612.000000,278.958834
614.000000,283.189243
616.000000,287.462565
618.000000,291.786673
620.000000,296.153165
622.000000,300.566574
624.000000,305.027795
626.000000,309.534751
628.000000,314.086462
630.000000,318.686695
632.000000,323.334930
634.000000,328.026433
636.000000,332.771701
638.000000,337.557072
640.000000,342.390349
642.000000,347.277945
644.000000,352.204919
646.000000,357.186008
648.000000,362.211588
650.000000,367.281673
652.000000,372.408379
654.000000,377.574132
656.000000,382.794610
658.000000,388.059079
660.000000,393.369384
662.000000,398.735358
664.000000,404.141016
666.000000,409.602999
668.000000,415.104715
670.000000,420.658280
672.000000,426.259942
674.000000,431.908584
676.000000,437.605737
678.000000,443.349766
680.000000,449.142070
682.000000,454.980941
684.000000,460.871819
686.000000,466.801080
688.000000,472.786642
690.000000,478.809023
692.000000,484.890017
694.000000,491.008257
696.000000,497.180725
698.000000,503.392604
700.000000,509.656686
702.000000,515.960494
704.000000,522.316851
706.000000,528.710224
708.000000,535.157303
710.000000,541.639969
712.000000,548.176130
714.000000,554.751791
716.000000,561.371309
718.000000,568.038310
720.000000,574.740703
722.000000,581.496586
724.000000,588.287123
726.000000,595.123548
728.000000,602.002477
730.000000,608.915957
732.000000,615.880514
734.000000,622.877626
736.000000,629.918834
738.000000,637.000081
740.000000,644.113939
742.000000,651.276179
744.000000,658.470149
746.000000,665.702878
748.000000,672.975502
750.000000,680.278128
752.000000,687.624274
754.000000,695.003919
756.000000,702.413976
758.000000,709.862468
760.000000,717.347707
762.000000,724.857264
764.000000,732.401413
766.000000,739.981052
768.000000,747.589965
770.000000,755.224642
772.000000,762.898011
774.000000,770.596150
776.000000,778.320699
778.000000,786.074534
780.000000,793.855911
782.000000,801.663333
784.000000,809.492843
786.000000,817.349361
788.000000,825.234049
790.000000,833.139332
792.000000,841.062631
794.000000,849.006773
796.000000,856.974971
798.000000,864.966090
800.000000,872.975488
802.000000,880.999391
804.000000,889.039186
806.000000,897.098909
808.000000,905.177518
810.000000,913.268768
812.000000,921.370952
814.000000,929.487563
816.000000,937.619121
818.000000,945.761462
820.000000,953.911698
822.000000,962.077637
824.000000,970.251902
826.000000,978.429518
828.000000,986.616099
830.000000,994.813385
832.000000,1003.012343
834.000000,1011.213341
836.000000,1019.423575
838.000000,1027.635456
840.000000,1035.845895
842.000000,1044.063780
844.000000,1052.278388
846.000000,1060.493149
848.000000,1068.708853
850.000000,1076.918118
852.000000,1085.130278
854.000000,1093.334872
856.000000,1101.534536
858.000000,1109.732460
860.000000,1117.919141
862.000000,1126.104564
864.000000,1134.278230
866.000000,1142.445017
868.000000,1150.603280
870.000000,1158.747983
872.000000,1166.887667
874.000000,1175.008297
876.000000,1183.125289
878.000000,1191.219232
880.000000,1199.309543
882.000000,1207.374826
884.000000,1215.432957
886.000000,1223.469440
888.000000,1231.494366
890.000000,1239.497728
892.000000,1247.485525
894.000000,1255.454077
896.000000,1263.401378
898.000000,1271.333355
900.000000,1279.238038
902.000000,1287.128303
904.000000,1294.990270
906.000000,1302.833259
908.000000,1310.654954
910.000000,1318.447554
912.000000,1326.221644
914.000000,1333.967046
916.000000,1341.686874
918.000000,1349.385340
920.000000,1357.053408
922.000000,1364.693883
924.000000,1372.312591
926.000000,1379.897880
928.000000,1387.455050
930.000000,1394.989270
932.000000,1402.489490
934.000000,1409.958681
936.000000,1417.400964
938.000000,1424.814587
940.000000,1432.194656
942.000000,1439.540905
944.000000,1446.859954
946.000000,1454.148864
948.000000,1461.401232
950.000000,1468.621818
952.000000,1475.808508
954.000000,1482.965575
956.000000,1490.090026
958.000000,1497.177143
960.000000,1504.231133
962.000000,1511.248951
964.000000,1518.235328
966.000000,1525.187255
968.000000,1532.104325
970.000000,1538.988913
972.000000,1545.831929
974.000000,1552.641614
976.000000,1559.415592
978.000000,1566.153576
980.000000,1572.858123
982.000000,1579.523408
984.000000,1586.154842
986.000000,1592.749436
988.000000,1599.307019
990.000000,1605.830320
992.000000,1612.313495
994.000000,1618.762179
996.000000,1625.173427
998.000000,1631.547163
1000.000000,1637.886235
1002.000000,1644.184811
1004.000000,1650.448656
1006.000000,1656.674873
1008.000000,1662.863484
1010.000000,1669.017403
1012.000000,1675.130873
1014.000000,1681.209714
1016.000000,1687.251096
1018.000000,1693.255109
1020.000000,1699.224697
1022.000000,1705.153468
1024.000000,1711.046045
1026.000000,1716.901252
1028.000000,1722.719423
1030.000000,1728.503533
1032.000000,1734.248100
1034.000000,1739.958884
1036.000000,1745.631149
1038.000000,1751.265295
1040.000000,1756.865994
1042.000000,1762.427893
1044.000000,1767.956549
1046.000000,1773.446751
1048.000000,1778.899888
1050.000000,1784.320382
1052.000000,1789.703050
1054.000000,1795.050225
1056.000000,1800.361097
1058.000000,1805.637429
1060.000000,1810.881178
1062.000000,1816.083873
1064.000000,1821.255303
1066.000000,1826.392459
1068.000000,1831.491899
1070.000000,1836.560117
1072.000000,1841.591481
1074.000000,1846.588865
1076.000000,1851.553232
1078.000000,1856.482706
1080.000000,1861.379562
1082.000000,1866.241440
1084.000000,1871.070092
1086.000000,1875.866487
1088.000000,1880.628290
1090.000000,1885.359343
1092.000000,1890.055316
1094.000000,1894.719623
1096.000000,1899.352184
1098.000000,1903.951006
1100.000000,1908.521147
1102.000000,1913.054874
1104.000000,1917.560526
1106.000000,1922.032729
1108.000000,1926.474512
1110.000000,1930.886165
1112.000000,1935.264686
1114.000000,1939.614339
1116.000000,1943.932684
1118.000000,1948.221022
1120.000000,1952.480275
1122.000000,1956.707841
1124.000000,1960.906969
1126.000000,1965.076061
1128.000000,1969.216097
1130.000000,1973.328092
1132.000000,1977.408826
1134.000000,1981.463293
1136.000000,1985.487844
1138.000000,1989.483999
1140.000000,1993.454382
1142.000000,1997.393884
1144.000000,2001.306968
1146.000000,2005.192697
1148.000000,2009.050820
1150.000000,2012.883390
1152.000000,2016.686629
1154.000000,2020.465049
1156.000000,2024.216539
1158.000000,2027.941190
1160.000000,2031.641393
1162.000000,2035.313657
1164.000000,2038.961845
1166.000000,2042.584012
1168.000000,2046.180518
1170.000000,2049.753694
1172.000000,2053.299660
1174.000000,2056.822362
1176.000000,2060.320323
1178.000000,2063.793946
1180.000000,2067.244680
1182.000000,2070.669190
1184.000000,2074.071918
1186.000000,2077.450709
1188.000000,2080.805376
1190.000000,2084.138915
1192.000000,2087.447353
1194.000000,2090.734080
1196.000000,2093.998467
1198.000000,2097.239851
1200.000000,2100.460531
1202.000000,2103.657497
1204.000000,2106.833500
1206.000000,2109.988178
1208.000000,2113.120587
1210.000000,2116.233578
1212.000000,2119.323147
1214.000000,2122.393453
1216.000000,2125.442565
1218.000000,2128.471015
1220.000000,2131.480255
1222.000000,2134.467647
1224.000000,2137.436143
1226.000000,2140.384729
1228.000000,2143.313196
1230.000000,2146.223823
1232.000000,2149.112787
1234.000000,2151.984409
1236.000000,2154.836328
1238.000000,2157.669547
1240.000000,2160.485222
1242.000000,2163.280565
1244.000000,2166.059187
1246.000000,2168.818994
1248.000000,2171.560793
1250.000000,2174.286218
1252.000000,2176.991754
1254.000000,2179.681283
1256.000000,2182.353436
1258.000000,2185.007751
1260.000000,2187.646333
1262.000000,2190.266791
1264.000000,2192.871234
1266.000000,2195.458902
1268.000000,2198.030166
1270.000000,2200.586390
1272.000000,2203.124573
1274.000000,2205.647950
1276.000000,2208.155450
1278.000000,2210.647210
1280.000000,2213.124302
1282.000000,2215.584469
1284.000000,2218.030488
1286.000000,2220.461297
1288.000000,2222.877029
1290.000000,2225.278959
1292.000000,2227.664674
1294.000000,2230.036774
1296.000000,2232.394331
1298.000000,2234.737479
1300.000000,2237.067435
1302.000000,2239.382150
1304.000000,2241.683923
1306.000000,2243.971792
1308.000000,2246.245890
1310.000000,2248.507382
1312.000000,2250.754251
1314.000000,2252.988746
1316.000000,2255.209995
1318.000000,2257.418128
1320.000000,2259.614255
1322.000000,2261.796513
1324.000000,2263.967001
1326.000000,2266.124851
1328.000000,2268.270196
1330.000000,2270.404101
1332.000000,2272.524790
1334.000000,2274.634200
1336.000000,2276.731542
1338.000000,2278.816961
1340.000000,2280.891477
1342.000000,2282.953407
1344.000000,2285.004661
1346.000000,2287.044456
1348.000000,2289.072913
1350.000000,2291.091000
1352.000000,2293.097119
1354.000000,2295.092970
1356.000000,2297.077830
1358.000000,2299.051912
1360.000000,2301.016135
1362.000000,2302.968981
1364.000000,2304.912169
1366.000000,2306.844845
1368.000000,2308.767186
1370.000000,2310.680162
1372.000000,2312.582331
1374.000000,2314.475304
1376.000000,2316.358197
1378.000000,2318.231349
1380.000000,2320.095608
1382.000000,2321.949530
1384.000000,2323.794537
1386.000000,2325.630175
1388.000000,2327.456577
1390.000000,2329.274330
1392.000000,2331.082220
1394.000000,2332.881853
1396.000000,2334.672473
1398.000000,2336.454153
1400.000000,2338.227825
1402.000000,2339.992080
1404.000000,2341.748334
1406.000000,2343.496190
1408.000000,2345.235468
1410.000000,2346.967073
1412.000000,2348.689830
1414.000000,2350.404922
1416.000000,2352.112023
1418.000000,2353.810988
1420.000000,2355.502651
1422.000000,2357.185876
1424.000000,2358.861833
1426.000000,2360.530174
1428.000000,2362.190784
1430.000000,2363.844553
1432.000000,2365.490102
1434.000000,2367.128944
1436.000000,2368.760369
1438.000000,2370.384617
1440.000000,2372.002156
1442.000000,2373.612131
1444.000000,2375.215524
1446.000000,2376.812049
1448.000000,2378.401581
1450.000000,2379.984920
1452.000000,2381.560878
1454.000000,2383.130747
1456.000000,2384.693948
1458.000000,2386.250613
1460.000000,2387.801326
1462.000000,2389.345066
1464.000000,2390.883044
1466.000000,2392.414641
1468.000000,2393.940080
1470.000000,2395.459855
1472.000000,2396.973007
1474.000000,2398.480666
1476.000000,2399.982317
1478.000000,2401.478056
1480.000000,2402.968456
1482.000000,2404.452585
1484.000000,2405.931437
1486.000000,2407.404665
1488.000000,2408.872278
1490.000000,2410.334749
1492.000000,2411.791356
1494.000000,2413.242928
1496.000000,2414.689117
1498.000000,2416.130019
1500.000000,2417.566085
1502.000000,2418.996484
1504.000000,2420.422159
1506.000000,2421.842763
1508.000000,2423.258333
1510.000000,2424.669291
1512.000000,2426.074950
1514.000000,2427.476114
1516.000000,2428.872438
1518.000000,2430.263973
1520.000000,2431.651144
1522.000000,2433.033323
1524.000000,2434.411243
1526.000000,2435.784575
1528.000000,2437.153372
1530.000000,2438.518043
1532.000000,2439.877980
1534.000000,2441.233872
1536.000000,2442.585413
1538.000000,2443.932667
1540.000000,2445.276019
1542.000000,2446.614873
1544.000000,2447.949900
1546.000000,2449.280833
1548.000000,2450.607737
1550.000000,2451.930958
1552.000000,2453.249864
1554.000000,2454.565170
1556.000000,2455.876613
1558.000000,2457.184220
1560.000000,2458.488314
1562.000000,2459.788404
1564.000000,2461.085069
1566.000000,2462.378063
1568.000000,2463.667459
1570.000000,2464.953578
1572.000000,2466.235842
1574.000000,2467.514905
1576.000000,2468.790527
1578.000000,2470.062709
1580.000000,2471.331776
1582.000000,2472.597261
1584.000000,2473.859685
1586.000000,2475.118863
1588.000000,2476.374826
1590.000000,2477.627838
1592.000000,2478.877490
1594.000000,2480.124263
1596.000000,2481.367966
1598.000000,2482.608647
1600.000000,2483.846540
1602.000000,2485.081259
1604.000000,2486.313261
1606.000000,2487.542369
1608.000000,2488.768635
1610.000000,2489.992281
1612.000000,2491.212952
1614.000000,2492.431074
1616.000000,2493.646485
1618.000000,2494.859224
1620.000000,2496.069504
1622.000000,2497.276987
1624.000000,2498.482068
1626.000000,2499.684609
1628.000000,2500.884620
1630.000000,2502.082341
1632.000000,2503.277423
1634.000000,2504.470266
1636.000000,2505.660736
1638.000000,2506.848833
1640.000000,2508.034808
1642.000000,2509.218287
1644.000000,2510.399702
1646.000000,2511.578860
1648.000000,2512.755832
1650.000000,2513.930774
1652.000000,2515.103421
1654.000000,2516.274098
1656.000000,2517.442706
1658.000000,2518.609243
1660.000000,2519.773927
1662.000000,2520.936442
1664.000000,2522.097163
1666.000000,2523.255921
1668.000000,2524.412788
1670.000000,2525.567897
1672.000000,2526.721021
1674.000000,2527.872441
1676.000000,2529.022069
1678.000000,2530.169902
1680.000000,2531.316141
1682.000000,2532.460503
1684.000000,2533.603321
1686.000000,2534.744460
1688.000000,2535.883973
1690.000000,2537.021984
1692.000000,2538.158296
1694.000000,2539.293161
1696.000000,2540.426488
1698.000000,2541.558307
1700.000000,2542.688742
1702.000000,2543.817610
1704.000000,2544.945142
1706.000000,2546.071275
1708.000000,2547.196007
1710.000000,2548.319496
1712.000000,2549.441536
1714.000000,2550.562373
1716.000000,2551.681920
1718.000000,2552.800205
1720.000000,2553.917349
1722.000000,2555.033174
1724.000000,2556.147909
1726.000000,2557.261461
1728.000000,2558.373874
1730.000000,2559.485243
1732.000000,2560.595434
1734.000000,2561.704630
1736.000000,2562.812773
1738.000000,2563.919893
1740.000000,2565.026076
1742.000000,2566.131209
1744.000000,2567.235448
1746.000000,2568.338756
1748.000000,2569.441143
1750.000000,2570.542705
1752.000000,2571.643328
1754.000000,2572.743163
1756.000000,2573.842174
1758.000000,2574.940373
1760.000000,2576.037854
1762.000000,2577.134510
1764.000000,2578.230487
1766.000000,2579.325745
1768.000000,2580.420306
1770.000000,2581.514247
1772.000000,2582.607477
1774.000000,2583.700129
1776.000000,2584.792165
1778.000000,2585.883612
1780.000000,2586.974532
1782.000000,2588.064859
1784.000000,2589.154702
1786.000000,2590.244034
1788.000000,2591.332884
1790.000000,2592.421301
1792.000000,2593.509242
1794.000000,2594.596791
1796.000000,2595.683937
1798.000000,2596.770702
1800.000000,2597.857130
1802.000000,2598.943191
1804.000000,2600.028956
1806.000000,2601.114419
1808.000000,2602.199602
1810.000000,2603.284542
1812.000000,2604.369225
1814.000000,2605.453704
1816.000000,2606.537984
1818.000000,2607.622083
1820.000000,2608.706034
1822.000000,2609.789835
1824.000000,2610.873526
1826.000000,2611.957119
1828.000000,2613.040630
1830.000000,2614.124090
1832.000000,2615.207504
1834.000000,2616.290905
1836.000000,2617.374303
1838.000000,2618.457723
1840.000000,2619.541179
1842.000000,2620.624697
1844.000000,2621.708289
1846.000000,2622.791978
1848.000000,2623.875788
1850.000000,2624.959722
1852.000000,2626.043828
1854.000000,2627.128096
1856.000000,2628.212567
1858.000000,2629.297251
1860.000000,2630.382160
1862.000000,2631.467342
1864.000000,2632.552783
1866.000000,2633.638516
1868.000000,2634.724567
1870.000000,2635.810923
1872.000000,2636.897663
1874.000000,2637.984745
1876.000000,2639.072223
1878.000000,2640.160113
1880.000000,2641.248405
1882.000000,2642.337186
1884.000000,2643.426404
1886.000000,2644.516121
1888.000000,2645.606348
1890.000000,2646.697073
1892.000000,2647.788385
1894.000000,2648.880232
1896.000000,2649.972664
1898.000000,2651.065712
1900.000000,2652.159340
1902.000000,2653.253665
1904.000000,2654.348619
1906.000000,2655.444253
1908.000000,2656.540615
1910.000000,2657.637641
1912.000000,2658.735491
1914.000000,2659.834053
1916.000000,2660.933402
1918.000000,2662.033578
1920.000000,2663.134506
1922.000000,2664.236363
1924.000000,2665.339022
1926.000000,2666.442562
1928.000000,2667.547032
1930.000000,2668.652349
1932.000000,2669.758698
1934.000000,2670.865954
1936.000000,2671.974196
1938.000000,2673.083465
1940.000000,2674.193694
1942.000000,2675.305055
1944.000000,2676.417419
1946.000000,2677.530877
1948.000000,2678.645452
1950.000000,2679.761082
1952.000000,2680.877951
1954.000000,2681.995911
1956.000000,2683.115081
1958.000000,2684.235470
1960.000000,2685.356999
1962.000000,2686.479911
1964.000000,2687.604017
1966.000000,2688.729425
1968.000000,2689.856168
1970.000000,2690.984163
1972.000000,2692.113625
1974.000000,2693.244368
1976.000000,2694.376539
1978.000000,2695.510147
1980.000000,2696.645094
1982.000000,2697.781630
1984.000000,2698.919557
1986.000000,2700.059009
1988.000000,2701.200007
1990.000000,2702.342454
1992.000000,2703.486626
1994.000000,2704.632290
1996.000000,2705.779582
1998.000000,2706.928522
2000.000000,2708.079011
2002.000000,2709.231342
2004.000000,2710.385261
2006.000000,2711.540918
2008.000000,2712.698340
2010.000000,2713.857419
2012.000000,2715.018459
2014.000000,2716.181194
2016.000000,2717.345791
2018.000000,2718.512282
2020.000000,2719.680540
2022.000000,2720.850854
2024.000000,2722.022977
2026.000000,2723.197081
2028.000000,2724.373175
2030.000000,2725.551117
2032.000000,2726.731288
2034.000000,2727.913370
2036.000000,2729.097528
2038.000000,2730.283813
2040.000000,2731.472094
2042.000000,2732.662683
2044.000000,2733.855310
2046.000000,2735.050148
2048.000000,2736.247205
2050.000000,2737.446369
2052.000000,2738.647974
2054.000000,2739.851707
2056.000000,2741.057791
2058.000000,2742.266199
2060.000000,2743.476842
2062.000000,2744.690065
2064.000000,2745.905531
2066.000000,2747.123479
2068.000000,2748.343877
2070.000000,2749.566624
2072.000000,2750.792058
2074.000000,2752.019876
2076.000000,2753.250262
2078.000000,2754.483251
2080.000000,2755.718681
2082.000000,2756.956950
2084.000000,2758.197725
2086.000000,2759.441188
2088.000000,2760.687413
2090.000000,2761.936174
2092.000000,2763.187940
2094.000000,2764.442302
2096.000000,2765.699493
2098.000000,2766.959561
2100.000000,2768.222256
2102.000000,2769.488145
2104.000000,2770.756690
2106.000000,2772.028260
2108.000000,2773.302782
2110.000000,2774.580116
2112.000000,2775.860747
2114.000000,2777.144167
2116.000000,2778.430756
2118.000000,2779.720425
2120.000000,2781.012994
2122.000000,2782.309037
2124.000000,2783.607984
2126.000000,2784.910182
2128.000000,2786.215674
2130.000000,2787.524152
2132.000000,2788.836214
2134.000000,2790.151415
2136.000000,2791.469937
2138.000000,2792.791838
2140.000000,2794.116968
2142.000000,2795.445781
2144.000000,2796.777767
2146.000000,2798.113280
2148.000000,2799.452371
2150.000000,2800.794719
2152.000000,2802.140899
2154.000000,2803.490422
2156.000000,2804.843667
2158.000000,2806.200559
2160.000000,2807.560841
2162.000000,2808.925112
2164.000000,2810.292848
2166.000000,2811.664439
2168.000000,2813.039822
2170.000000,2814.418732
2172.000000,2815.801791
2174.000000,2817.188438
2176.000000,2818.579000
2178.000000,2819.973532
2180.000000,2821.371782
2182.000000,2822.774337
2184.000000,2824.180609
2186.000000,2825.590936
2188.000000,2827.005349
2190.000000,2828.423559
2192.000000,2829.846234
2194.000000,2831.272765
2196.000000,2832.703500
2198.000000,2834.138471
2200.000000,2835.577374
2202.000000,2837.020896
2204.000000,2838.468405
2206.000000,2839.920258
2208.000000,2841.376486
2210.000000,2842.836776
2212.000000,2844.301837
2214.000000,2845.771015
2216.000000,2847.244677
2218.000000,2848.722852
2220.000000,2850.205215
2222.000000,2851.692489
2224.000000,2853.183999
2226.000000,2854.680119
2228.000000,2856.180883
2230.000000,2857.686026
2232.000000,2859.196259
2234.000000,2860.710850
2236.000000,2862.230183
2238.000000,2863.754283
2240.000000,2865.282799
2242.000000,2866.816532
2244.000000,2868.354860
2246.000000,2869.898073
2248.000000,2871.446171
2250.000000,2872.998792
2252.000000,2874.556778
2254.000000,2876.119503
2256.000000,2877.687220
2258.000000,2879.259924
2260.000000,2880.837281
2262.000000,2882.420329
2264.000000,2884.008038
2266.000000,2885.600807
2268.000000,2887.198868
2270.000000,2888.801790
2272.000000,2890.410217
2274.000000,2892.023549
2276.000000,2893.642279
2278.000000,2895.266167
2280.000000,2896.895072
2282.000000,2898.529803
2284.000000,2900.169368
2286.000000,2901.814508
2288.000000,2903.465008
2290.000000,2905.120507
2292.000000,2906.782068
2294.000000,2908.448531
2296.000000,2910.120729
2298.000000,2911.798312
2300.000000,2913.481194
2302.000000,2915.170006
2304.000000,2916.864063
2306.000000,2918.563770
2308.000000,2920.269108
2310.000000,2921.979770
2312.000000,2923.696511
2314.000000,2925.418598
2316.000000,2927.146443
2318.000000,2928.880012
2320.000000,2930.619058
2322.000000,2932.364191
2324.000000,2934.114897
2326.000000,2935.871302
2328.000000,2937.633681
2330.000000,2939.401516
2332.000000,2941.175609
2334.000000,2942.955360
2336.000000,2944.740924
2338.000000,2946.532490
2340.000000,2948.329690
2342.000000,2950.133189
2344.000000,2951.942350
2346.000000,2953.757566
2348.000000,2955.578688
2350.000000,2957.405551
2352.000000,2959.239039
2354.000000,2961.078051
2356.000000,2962.923150
2358.000000,2964.774471
2360.000000,2966.631525
2362.000000,2968.495005
2364.000000,2970.364217
2366.000000,2972.239705
2368.000000,2974.121444
2370.000000,2976.008900
2372.000000,2977.902903
2374.000000,2979.802634
2376.000000,2981.708659
2378.000000,2983.621046
2380.000000,2985.539252
2382.000000,2987.463975
2384.000000,2989.394556
2386.000000,2991.331506
2388.000000,2993.274680
2390.000000,2995.223513
2392.000000,2997.179339
2394.000000,2999.141060
2396.000000,3001.108891
2398.000000,3003.083085
2400.000000,3005.063258
2402.000000,3007.049977
2404.000000,3009.042692
2406.000000,3011.041732
2408.000000,3013.046974
2410.000000,3015.058290
2412.000000,3017.076136
2414.000000,3019.100016
2416.000000,3021.130224
2418.000000,3023.166594
2420.000000,3025.209071
2422.000000,3027.258008
2424.000000,3029.313088
2426.000000,3031.374201
2428.000000,3033.441853
2430.000000,3035.515068
2432.000000,3037.595323
2434.000000,3039.681074
2436.000000,3041.773472
2438.000000,3043.871703
2440.000000,3045.976240
2442.000000,3048.086978
2444.000000,3050.203933
2446.000000,3052.326584
2448.000000,3054.455997
2450.000000,3056.590871
2452.000000,3058.732271
2454.000000,3060.879771
2456.000000,3063.032780
2458.000000,3065.192611
2460.000000,3067.357806
2462.000000,3069.529296
2464.000000,3071.706930
2466.000000,3073.890260
2468.000000,3076.079471
2470.000000,3078.274877
2472.000000,3080.476294
2474.000000,3082.682970
2476.000000,3084.896308
2478.000000,3087.115293
2480.000000,3089.339379
2482.000000,3091.570025
2484.000000,3093.806407
2486.000000,3096.048283
2488.000000,3098.295653
2490.000000,3100.548617
2492.000000,3102.808105
2494.000000,3105.072625
2496.000000,3107.342588
2498.000000,3109.617985
2500.000000,3111.899008
2502.000000,3114.186197
2504.000000,3116.478338
2506.000000,3118.775824
2508.000000,3121.078628
2510.000000,3123.386326
2512.000000,3125.699930
2514.000000,3128.018848
2516.000000,3130.343006
2518.000000,3132.672335
2520.000000,3135.006408
2522.000000,3137.345982
2524.000000,3139.690240
2526.000000,3142.039543
2528.000000,3144.393853
2530.000000,3146.752749
2532.000000,3149.116945
2534.000000,3151.485640
2536.000000,3153.859172
2538.000000,3156.237497
2540.000000,3158.620207
2542.000000,3161.007976
2544.000000,3163.400028
2546.000000,3165.796667
2548.000000,3168.197829
2550.000000,3170.603113
2552.000000,3173.013134
2554.000000,3175.427141
2556.000000,3177.845399
2558.000000,3180.267821
2560.000000,3182.694026
2562.000000,3185.124560
2564.000000,3187.558731
2566.000000,3189.996758
2568.000000,3192.438548
2570.000000,3194.883888
2572.000000,3197.333994
2574.000000,3199.787393
2576.000000,3202.244263
2578.000000,3204.704488
2580.000000,3207.167710
2582.000000,3209.634296
2584.000000,3212.104587
2586.000000,3214.578510
2588.000000,3217.055301
2590.000000,3219.534625
2592.000000,3222.016748
2594.000000,3224.502332
2596.000000,3226.991196
2598.000000,3229.482357
2600.000000,3231.975512
2602.000000,3234.471728
2604.000000,3236.971255
2606.000000,3239.472603
2608.000000,3241.975605
2610.000000,3244.481773
2612.000000,3246.990491
2614.000000,3249.500349
2616.000000,3252.012298
2618.000000,3254.527241
2620.000000,3257.043091
2622.000000,3259.560513
2624.000000,3262.080775
2626.000000,3264.601691
2628.000000,3267.123826
2630.000000,3269.648835
2632.000000,3272.173691
2634.000000,3274.700555
2636.000000,3277.228879
2638.000000,3279.757131
2640.000000,3282.287775
2642.000000,3284.818118
2644.000000,3287.349768
2646.000000,3289.882512
2648.000000,3292.414723
2650.000000,3294.949123
2652.000000,3297.482143
2654.000000,3300.017179
2656.000000,3302.550979
2658.000000,3305.086193
2660.000000,3307.620719
2662.000000,3310.155499
2664.000000,3312.690018
2666.000000,3315.224408
2668.000000,3317.758314
2670.000000,3320.292211
2672.000000,3322.824935
2674.000000,3325.357806
2676.000000,3327.889068
2678.000000,3330.420691
2680.000000,3332.949919
2682.000000,3335.480054
2684.000000,3338.007084
2686.000000,3340.535026
2688.000000,3343.059790
2690.000000,3345.584697
2692.000000,3348.107382
2694.000000,3350.628215
2696.000000,3353.148407
2698.000000,3355.665214
2700.000000,3358.181861
2702.000000,3360.695715
2704.000000,3363.207011
2706.000000,3365.717571
2708.000000,3368.224585
2710.000000,3370.729454
2712.000000,3373.233066
2714.000000,3375.732811
2716.000000,3378.230073
2718.000000,3380.725993
2720.000000,3383.217994
2722.000000,3385.706811
2724.000000,3388.193830
2726.000000,3390.676939
2728.000000,3393.156667
2730.000000,3395.634003
2732.000000,3398.107119
2734.000000,3400.576157
2736.000000,3403.042707
2738.000000,3405.506380
2740.000000,3407.965924
2742.000000,3410.420690
2744.000000,3412.872236
2746.000000,3415.319811
2748.000000,3417.762730
2750.000000,3420.201430
2752.000000,3422.636595
2754.000000,3425.067960
2756.000000,3427.494229
2758.000000,3429.915093
2760.000000,3432.331642
2762.000000,3434.744833
2764.000000,3437.153579
2766.000000,3439.556576
2768.000000,3441.953922
2770.000000,3444.346846
2772.000000,3446.735447
2774.000000,3449.118910
2776.000000,3451.496508
2778.000000,3453.868785
2780.000000,3456.236532
2782.000000,3458.597756
2784.000000,3460.953098
2786.000000,3463.303266
2788.000000,3465.649536
2790.000000,3467.989536
2792.000000,3470.322237
2794.000000,3472.650239
2796.000000,3474.972274
2798.000000,3477.286653
2800.000000,3479.596863
2802.000000,3481.901237
2804.000000,3484.198307
2806.000000,3486.488431
2808.000000,3488.774961
2810.000000,3491.053906
2812.000000,3493.325200
2814.000000,3495.591971
2816.000000,3497.851006
2818.000000,3500.103317
2820.000000,3502.350745
2822.000000,3504.588797
2824.000000,3506.821899
2826.000000,3509.048473
2828.000000,3511.266397
2830.000000,3513.480052
2832.000000,3515.684863
2834.000000,3517.882862
2836.000000,3520.075521
2838.000000,3522.258263
2840.000000,3524.437171
2842.000000,3526.607168
2844.000000,3528.769631
2846.000000,3530.926818
2848.000000,3533.073924
2850.000000,3535.217114
2852.000000,3537.350196
2854.000000,3539.477327
2856.000000,3541.597538
2858.000000,3543.708666
2860.000000,3545.815217
2862.000000,3547.910858
2864.000000,3550.001961
2866.000000,3552.083623
2868.000000,3554.158941
2870.000000,3556.226670
2872.000000,3558.286086
2874.000000,3560.339107
2876.000000,3562.383319
2878.000000,3564.421391
2880.000000,3566.450551
2882.000000,3568.473434
2884.000000,3570.487232
2886.000000,3572.495168
2888.000000,3574.493134
2890.000000,3576.486561
2892.000000,3578.468145
2894.000000,3580.446445
2896.000000,3582.413732
2898.000000,3584.375953
2900.000000,3586.329138
2902.000000,3588.275047
2904.000000,3590.213199
2906.000000,3592.143719
2908.000000,3594.066996
2910.000000,3595.981771
2912.000000,3597.890475
2914.000000,3599.788203
2916.000000,3601.683595
2918.000000,3603.566663
2920.000000,3605.446324
2922.000000,3607.313664
2924.000000,3609.177574
2926.000000,3611.032172
2928.000000,3612.878395
2930.000000,3614.720464
2932.000000,3616.550500
2934.000000,3618.377494
2936.000000,3620.192916
2938.000000,3622.004288
2940.000000,3623.807776
2942.000000,3625.601380
2944.000000,3627.391610
2946.000000,3629.169518
2948.000000,3630.945420
2950.000000,3632.712010
2952.000000,3634.469496
2954.000000,3636.223748
2956.000000,3637.965856
2958.000000,3639.705705
2960.000000,3641.437133
2962.000000,3643.158848
2964.000000,3644.877948
2966.000000,3646.586017
2968.000000,3648.289253
2970.000000,3649.987303
2972.000000,3651.673636
2974.000000,3653.358451
2976.000000,3655.034293
2978.000000,3656.701265
2980.000000,3658.366887
2982.000000,3660.022417
2984.000000,3661.671998
2986.000000,3663.314994
2988.000000,3664.951463
2990.000000,3666.581949
2992.000000,3668.205518
2994.000000,3669.823214
2996.000000,3671.434599
2998.000000,3673.039724
3000.000000,3674.639116
3002.000000,3676.231889
3004.000000,3677.819054
3006.000000,3679.400181
3008.000000,3680.975331
3010.000000,3682.545032
3012.000000,3684.108417
3014.000000,3685.666455
3016.000000,3687.218762
3018.000000,3688.765385
3020.000000,3690.306833
3022.000000,3691.842287
3024.000000,3693.372681
3026.000000,3694.897630
3028.000000,3696.417217
3030.000000,3697.931890
3032.000000,3699.440911
3034.000000,3700.945146
3036.000000,3702.444243
3038.000000,3703.938280
3040.000000,3705.427692
3042.000000,3706.911772
3044.000000,3708.391349
3046.000000,3709.866098
3048.000000,3711.336080
3050.000000,3712.801717
3052.000000,3714.262364
3054.000000,3715.718783
3056.000000,3717.170676
3058.000000,3718.618106
3060.000000,3720.061476
3062.000000,3721.500180
3064.000000,3722.934933
3066.000000,3724.365464
3068.000000,3725.791840
3070.000000,3727.214436
3072.000000,3728.632676
3074.000000,3730.047251
3076.000000,3731.457906
3078.000000,3732.864701
3080.000000,3734.267993
3082.000000,3735.667250
3084.000000,3737.063118
3086.000000,3738.455361
3088.000000,3739.844043
3090.000000,3741.229494
3092.000000,3742.611228
3094.000000,3743.989849
3096.000000,3745.365135
3098.000000,3746.737163
3100.000000,3748.106223
3102.000000,3749.471894
3104.000000,3750.834718
3106.000000,3752.194504
3108.000000,3753.551328
3110.000000,3754.905449
3112.000000,3756.256508
3114.000000,3757.604983
3116.000000,3758.950717
3118.000000,3760.293782
3120.000000,3761.634418
3122.000000,3762.972300
3124.000000,3764.307880
3126.000000,3765.641005
3128.000000,3766.971751
3130.000000,3768.300353
3132.000000,3769.626504
3134.000000,3770.950616
3136.000000,3772.272588
3138.000000,3773.592461
3140.000000,3774.910450
3142.000000,3776.226316
3144.000000,3777.540418
3146.000000,3778.852654
3148.000000,3780.163086
3150.000000,3781.471913
3152.000000,3782.778928
3154.000000,3784.084442
3156.000000,3785.388379
3158.000000,3786.690805
3160.000000,3787.991896
3162.000000,3789.291483
3164.000000,3790.589833
3166.000000,3791.886897
3168.000000,3793.182739
3170.000000,3794.477508
3172.000000,3795.771084
3174.000000,3797.063688
3176.000000,3798.355291
3178.000000,3799.645955
3180.000000,3800.935800
3182.000000,3802.224763
3184.000000,3803.513016
3186.000000,3804.800552
3188.000000,3806.087428
3190.000000,3807.373742
3192.000000,3808.659465
3194.000000,3809.944735
3196.000000,3811.229571
3198.000000,3812.514022
3200.000000,3813.798163
3202.000000,3815.082004
3204.000000,3816.365638
3206.000000,3817.649097
3208.000000,3818.932439
3210.000000,3820.215721
3212.000000,3821.498986
3214.000000,3822.782283
3216.000000,3824.065663
3218.000000,3825.349179
3220.000000,3826.632861
3222.000000,3827.916795
3224.000000,3829.200997
3226.000000,3830.485530
3228.000000,3831.770443
3230.000000,3833.055746
3232.000000,3834.341557
3234.000000,3835.627848
3236.000000,3836.914701
3238.000000,3838.202173
3240.000000,3839.490248
3242.000000,3840.779073
3244.000000,3842.068583
3246.000000,3843.358873
3248.000000,3844.649989
3250.000000,3845.941907
3252.000000,3847.234806
3254.000000,3848.528579
3256.000000,3849.823335
3258.000000,3851.119113
3260.000000,3852.415868
3262.000000,3853.713816
3264.000000,3855.012811
3266.000000,3856.312972
3268.000000,3857.614335
3270.000000,3858.916837
3272.000000,3860.220719
3274.000000,3861.525803
3276.000000,3862.832218
3278.000000,3864.139996
3280.000000,3865.449065
3282.000000,3866.759674
3284.000000,3868.071621
3286.000000,3869.385044
3288.000000,3870.699977
3290.000000,3872.016331
3292.000000,3873.334357
3294.000000,3874.653839
3296.000000,3875.974934
3298.000000,3877.297657
3300.000000,3878.621897
3302.000000,3879.947935
3304.000000,3881.275542
3306.000000,3882.604851
3308.000000,3883.935885
3310.000000,3885.268537
3312.000000,3886.603081
3314.000000,3887.939260
3316.000000,3889.277243
3318.000000,3890.617024
3320.000000,3891.958481
3322.000000,3893.301921
3324.000000,3894.647055
3326.000000,3895.994045
3328.000000,3897.342902
3330.000000,3898.693479
3332.000000,3900.046096
3334.000000,3901.400449
3336.000000,3902.756700
3338.000000,3904.114857
3340.000000,3905.474768
3342.000000,3906.836750
3344.000000,3908.200493
3346.000000,3909.566164
3348.000000,3910.933751
3350.000000,3912.303121
3352.000000,3913.674561
3354.000000,3915.047783
3356.000000,3916.422931
3358.000000,3917.800005
3360.000000,3919.178857
3362.000000,3920.559779
3364.000000,3921.942474
3366.000000,3923.327089
3368.000000,3924.713615
3370.000000,3926.101909
3372.000000,3927.492249
3374.000000,3928.884349
3376.000000,3930.278338
3378.000000,3931.674220
3380.000000,3933.071836
3382.000000,3934.471471
3384.000000,3935.872833
3386.000000,3937.276047
3388.000000,3938.681122
3390.000000,3940.087890
3392.000000,3941.496634
3394.000000,3942.907065
3396.000000,3944.319305
3398.000000,3945.733351
3400.000000,3947.149055
3402.000000,3948.566675
3404.000000,3949.985934
3406.000000,3951.406953
3408.000000,3952.829721
3410.000000,3954.254098
3412.000000,3955.680332
3414.000000,3957.108146
3416.000000,3958.537670
3418.000000,3959.968883
3420.000000,3961.401644
3422.000000,3962.836202
3424.000000,3964.272289
3426.000000,3965.710017
3428.000000,3967.149372
3430.000000,3968.590223
3432.000000,3970.032803
3434.000000,3971.476853
3436.000000,3972.922482
3438.000000,3974.369680
3440.000000,3975.818317
3442.000000,3977.268612
3444.000000,3978.720321
3446.000000,3980.173553
3448.000000,3981.628295
3450.000000,3983.084420
3452.000000,3984.542141
3454.000000,3986.001222
3456.000000,3987.461769
3458.000000,3988.923771
3460.000000,3990.387104
3462.000000,3991.851975
3464.000000,3993.318160
3466.000000,3994.785758
3468.000000,3996.254758
3470.000000,3997.725043
3472.000000,3999.196820
3474.000000,4000.669868
3476.000000,4002.144282
3478.000000,4003.620052
3480.000000,4005.097073
3482.000000,4006.575542
3484.000000,4008.055242
3486.000000,4009.536272
3488.000000,4011.018634
3490.000000,4012.502209
3492.000000,4013.987197
3494.000000,4015.473394
3496.000000,4016.960894
3498.000000,4018.449691
3500.000000,4019.939687
3502.000000,4021.431073
3504.000000,4022.923645
3506.000000,4024.417510
3508.000000,4025.912656
3510.000000,4027.408982
3512.000000,4028.906696
3514.000000,4030.405585
3516.000000,4031.905753
3518.000000,4033.407208
3520.000000,4034.909835
3522.000000,4036.413847
3524.000000,4037.919043
3526.000000,4039.425516
3528.000000,4040.933284
3530.000000,4042.442233
3532.000000,4043.952576
3534.000000,4045.464114
3536.000000,4046.976945
3538.000000,4048.491087
3540.000000,4050.006425
3542.000000,4051.523185
3544.000000,4053.041154
3546.000000,4054.560450
3548.000000,4056.081073
3550.000000,4057.602926
3552.000000,4059.126228
3554.000000,4060.650772
3556.000000,4062.176677
3558.000000,4063.703941
3560.000000,4065.232479
3562.000000,4066.762497
3564.000000,4068.293805
3566.000000,4069.826504
3568.000000,4071.360621
3570.000000,4072.896036
3572.000000,4074.433002
3574.000000,4075.971287
3576.000000,4077.511027
3578.000000,4079.052220
3580.000000,4080.594777
3582.000000,4082.138922
3584.000000,4083.684453
3586.000000,4085.231483
3588.000000,4086.780030
3590.000000,4088.329990
3592.000000,4089.881603
3594.000000,4091.434654
3596.000000,4092.989262
3598.000000,4094.545456
3600.000000,4096.103111
3602.000000,4097.662490
3604.000000,4099.223365
3606.000000,4100.785858
3608.000000,4102.350000
3610.000000,4103.915663
3612.000000,4105.483117
3614.000000,4107.052125
3616.000000,4108.622819
3618.000000,4110.195218
3620.000000,4111.769205
3622.000000,4113.345046
3624.000000,4114.922498
3626.000000,4116.501707
3628.000000,4118.082676
3630.000000,4119.665288
3632.000000,4121.249832
3634.000000,4122.836036
3636.000000,4124.424051
3638.000000,4126.013901
3640.000000,4127.605443
3642.000000,4129.198973
3644.000000,4130.794224
3646.000000,4132.391350
3648.000000,4133.990354
3650.000000,4135.591102
3652.000000,4137.193902
3654.000000,4138.798472
3656.000000,4140.404962
3658.000000,4142.013381
3660.000000,4143.623590
3662.000000,4145.235907
3664.000000,4146.850031
3666.000000,4148.466120
3668.000000,4150.084182
3670.000000,4151.704074
3672.000000,4153.326110
3674.000000,4154.949994
3676.000000,4156.575881
3678.000000,4158.203777
3680.000000,4159.833533
3682.000000,4161.465464
3684.000000,4163.099266
3686.000000,4164.735100
3688.000000,4166.372973
3690.000000,4168.012730
3692.000000,4169.654687
3694.000000,4171.298534
3696.000000,4172.944430
3698.000000,4174.592379
3700.000000,4176.242223
3702.000000,4177.894281
3704.000000,4179.548237
3706.000000,4181.204252
3708.000000,4182.862325
3710.000000,4184.522297
3712.000000,4186.184485
3714.000000,4187.848570
3716.000000,4189.514712
3718.000000,4191.182906
3720.000000,4192.852993
3722.000000,4194.525288
3724.000000,4196.199471
3726.000000,4197.875696
3728.000000,4199.553961
3730.000000,4201.234103
3732.000000,4202.916432
3734.000000,4204.600631
3736.000000,4206.286849
3738.000000,4207.975081
3740.000000,4209.665167
3742.000000,4211.357413
3744.000000,4213.051500
3746.000000,4214.747574
3748.000000,4216.445628
3750.000000,4218.145502
3752.000000,4219.847489
3754.000000,4221.551280
3756.000000,4223.257022
3758.000000,4224.964704
3760.000000,4226.674166
3762.000000,4228.385693
3764.000000,4230.098982
3766.000000,4231.814169
3768.000000,4233.531251
3770.000000,4235.250067
3772.000000,4236.970892
3774.000000,4238.693427
3776.000000,4240.417811
3778.000000,4242.144032
3780.000000,4243.871932
3782.000000,4245.601779
3784.000000,4247.333286
3786.000000,4249.066584
3788.000000,4250.801651
3790.000000,4252.538341
3792.000000,4254.276920
3794.000000,4256.017101
3796.000000,4257.759002
3798.000000,4259.502613
3800.000000,4261.247798
3802.000000,4262.994792
3804.000000,4264.743327
3806.000000,4266.493530
3808.000000,4268.245373
3810.000000,4269.998724
3812.000000,4271.753826
3814.000000,4273.510406
3816.000000,4275.268583
3818.000000,4277.028345
3820.000000,4278.789551
3822.000000,4280.552439
3824.000000,4282.316753
3826.000000,4284.082596
3828.000000,4285.849966
3830.000000,4287.618724
3832.000000,4289.389097
3834.000000,4291.160840
3836.000000,4292.934057
3838.000000,4294.708739
3840.000000,4296.484756
3842.000000,4298.262332
3844.000000,4300.041223
3846.000000,4301.821537
3848.000000,4303.603259
3850.000000,4305.386273
3852.000000,4307.170787
3854.000000,4308.956570
3856.000000,4310.743733
3858.000000,4312.532253
3860.000000,4314.322030
3862.000000,4316.113253
3864.000000,4317.905717
3866.000000,4319.699508
3868.000000,4321.494630
3870.000000,4323.290962
3872.000000,4325.088716
3874.000000,4326.887669
3876.000000,4328.687930
3878.000000,4330.489480
3880.000000,4332.292227
3882.000000,4334.096356
3884.000000,4335.901671
3886.000000,4337.708264
3888.000000,4339.516133
3890.000000,4341.325179
3892.000000,4343.135588
3894.000000,4344.947173
3896.000000,4346.760020
3898.000000,4348.574135
3900.000000,4350.389417
3902.000000,4352.206058
3904.000000,4354.023871
3906.000000,4355.842944
3908.000000,4357.663287
3910.000000,4359.484798
3912.000000,4361.307674
3914.000000,4363.131728
3916.000000,4364.957052
3918.000000,4366.783654
3920.000000,4368.611439
3922.000000,4370.440602
3924.000000,4372.270957
3926.000000,4374.102601
3928.000000,4375.935541
3930.000000,4377.769684
3932.000000,4379.605230
3934.000000,4381.441989
3936.000000,4383.280068
3938.000000,4385.119471
3940.000000,4386.960102
3942.000000,4388.802179
3944.000000,4390.645498
3946.000000,4392.490171
3948.000000,4394.336208
3950.000000,4396.183512
3952.000000,4398.032297
3954.000000,4399.882366
3956.000000,4401.733832
3958.000000,4403.586702
3960.000000,4405.440877
3962.000000,4407.296591
3964.000000,4409.153628
3966.000000,4411.012107
3968.000000,4412.872040
3970.000000,4414.733326
3972.000000,4416.596200
3974.000000,4418.460444
3976.000000,4420.326184
3978.000000,4422.193431
3980.000000,4424.062077
3982.000000,4425.932368
3984.000000,4427.804078
3986.000000,4429.677338
3988.000000,4431.552159
3990.000000,4433.428428
3992.000000,4435.306399
3994.000000,4437.185840
3996.000000,4439.066883
3998.000000,4440.949539
4000.000000,4442.833691
4002.000000,4444.719603
4004.000000,4446.607031
4006.000000,4448.496111
4008.000000,4450.386851
4010.000000,4452.279135
4012.000000,4454.173230
4014.000000,4456.068883
4016.000000,4457.966236
4018.000000,4459.865298
4020.000000,4461.765945
4022.000000,4463.668445
4024.000000,4465.572547
4026.000000,4467.478387
4028.000000,4469.385973
4030.000000,4471.295179
4032.000000,4473.206277
4034.000000,4475.119003
4036.000000,4477.033502
4038.000000,4478.949773
4040.000000,4480.867686
4042.000000,4482.787523
4044.000000,4484.709006
4046.000000,4486.632284
4048.000000,4488.557354
4050.000000,4490.484081
4052.000000,4492.412749
4054.000000,4494.343073
4056.000000,4496.275203
4058.000000,4498.209130
4060.000000,4500.144722
4062.000000,4502.082250
4064.000000,4504.021439
4066.000000,4505.962425
4068.000000,4507.905203
4070.000000,4509.849637
4072.000000,4511.795992
4074.000000,4513.743997
4076.000000,4515.693776
4078.000000,4517.645333
4080.000000,4519.598518
4082.000000,4521.553602
4084.000000,4523.510301
4086.000000,4525.468749
4088.000000,4527.428931
4090.000000,4529.390712
4092.000000,4531.354342
4094.000000,4533.319548
4096.000000,4535.286455
4098.000000,4537.255043
4100.000000,4539.225181
4102.000000,4541.197104
4104.000000,4543.170551
4106.000000,4545.145632
4108.000000,4547.122329
4110.000000,4549.100513
4112.000000,4551.080402
4114.000000,4553.061745
4116.000000,4555.044645
4118.000000,4557.029081
4120.000000,4559.014926
4122.000000,4561.002389
4124.000000,4562.991220
4126.000000,4564.981524
4128.000000,4566.973270
4130.000000,4568.966333
4132.000000,4570.960913
4134.000000,4572.956769
4136.000000,4574.953986
4138.000000,4576.952548
4140.000000,4578.952325
4142.000000,4580.953495
4144.000000,4582.955843
4146.000000,4584.959440
4148.000000,4586.964260
4150.000000,4588.970191
4152.000000,4590.977395
4154.000000,4592.985660
4156.000000,4594.995054
4158.000000,4597.005554
4160.000000,4599.017053
4162.000000,4601.029684
4164.000000,4603.043264
4166.000000,4605.057850
4168.000000,4607.073412
4170.000000,4609.089852
4172.000000,4611.107288
4174.000000,4613.125558
4176.000000,4615.144703
4178.000000,4617.164694
4180.000000,4619.185445
4182.000000,4621.207057
4184.000000,4623.229382
4186.000000,4625.252453
4188.000000,4627.276244
4190.000000,4629.300678
4192.000000,4631.325839
4194.000000,4633.351594
4196.000000,4635.377971
4198.000000,4637.404944
4200.000000,4639.432447
4202.000000,4641.460546
4204.000000,4643.489131
4206.000000,4645.518219
4208.000000,4647.547787
4210.000000,4649.577780
4212.000000,4651.608250
4214.000000,4653.639103
4216.000000,4655.670352
4218.000000,4657.701978
4220.000000,4659.733933
4222.000000,4661.766256
4224.000000,4663.798873
4226.000000,4665.831794
4228.000000,4667.864997
4230.000000,4669.898449
4232.000000,4671.932173
4234.000000,4673.966119
4236.000000,4676.000287
4238.000000,4678.034664
4240.000000,4680.069222
4242.000000,4682.103977
4244.000000,4684.138891
4246.000000,4686.173969
4248.000000,4688.209197
4250.000000,4690.244558
4252.000000,4692.280060
4254.000000,4694.315679
4256.000000,4696.351420
4258.000000,4698.387274
4260.000000,4700.423228
4262.000000,4702.459294
4264.000000,4704.495453
4266.000000,4706.531710
4268.000000,4708.568065
4270.000000,4710.604511
4272.000000,4712.641060
4274.000000,4714.677699
4276.000000,4716.714436
4278.000000,4718.751276
4280.000000,4720.788215
4282.000000,4722.825273
4284.000000,4724.862438
4286.000000,4726.899723
4288.000000,4728.937138
4290.000000,4730.974677
4292.000000,4733.012372
4294.000000,4735.050211
4296.000000,4737.088213
4298.000000,4739.126389
4300.000000,4741.164735
4302.000000,4743.203295
4304.000000,4745.242052
4306.000000,4747.281035
4308.000000,4749.320258
4310.000000,4751.359715
4312.000000,4753.399463
4314.000000,4755.439476
4316.000000,4757.479792
4318.000000,4759.520431
4320.000000,4761.561383
4322.000000,4763.602717
4324.000000,4765.644399
4326.000000,4767.686474
4328.000000,4769.728962
4330.000000,4771.771851
4332.000000,4773.815231
4334.000000,4775.859048
4336.000000,4777.903359
4338.000000,4779.948186
4340.000000,4781.993508
4342.000000,4784.039430
4344.000000,4786.085887
4346.000000,4788.132943
4348.000000,4790.180622
4350.000000,4792.228893
4352.000000,4794.277875
4354.000000,4796.327489
4356.000000,4798.377805
4358.000000,4800.428844
4360.000000,4802.480568
4362.000000,4804.533113
4364.000000,4806.586381
4366.000000,4808.640448
4368.000000,4810.695332
4370.000000,4812.750986
4372.000000,4814.807557
4374.000000,4816.864928
4376.000000,4818.923181
4378.000000,4820.982331
4380.000000,4823.042320
4382.000000,4825.103304
4384.000000,4827.165149
4386.000000,4829.227941
4388.000000,4831.291687
4390.000000,4833.356321
4392.000000,4835.422001
4394.000000,4837.488580
4396.000000,4839.556139
4398.000000,4841.624682
4400.000000,4843.694134
4402.000000,4845.764648
4404.000000,4847.836071
4406.000000,4849.908475
4408.000000,4851.981859
4410.000000,4854.056139
4412.000000,4856.131458
4414.000000,4858.207657
4416.000000,4860.284800
4418.000000,4862.362872
4420.000000,4864.441789
4422.000000,4866.521672
4424.000000,4868.602365
4426.000000,4870.683915
4428.000000,4872.766299
4430.000000,4874.849430
4432.000000,4876.933402
4434.000000,4879.018067
4436.000000,4881.103453
4438.000000,4883.189524
4440.000000,4885.276196
4442.000000,4887.363525
4444.000000,4889.451377
4446.000000,4891.539757
4448.000000,4893.628614
4450.000000,4895.717872
4452.000000,4897.807538
4454.000000,4899.897504
4456.000000,4901.987741
4458.000000,4904.078189
4460.000000,4906.168779
4462.000000,4908.259463
4464.000000,4910.350165
4466.000000,4912.440821
4468.000000,4914.531358
4470.000000,4916.621722
4472.000000,4918.711795
4474.000000,4920.801547
4476.000000,4922.890873
4478.000000,4924.979685
4480.000000,4927.067948
4482.000000,4929.155471
4484.000000,4931.242272
4486.000000,4933.328203
4488.000000,4935.413164
4490.000000,4937.497141
4492.000000,4939.579860
4494.000000,4941.661401
4496.000000,4943.741565
4498.000000,4945.820240
4500.000000,4947.897443
4502.000000,4949.972806
4504.000000,4952.046477
4506.000000,4954.118209
4508.000000,4956.187876
4510.000000,4958.255532
4512.000000,4960.320704
4514.000000,4962.383626
4516.000000,4964.443993
4518.000000,4966.501668
4520.000000,4968.556748
4522.000000,4970.608648
4524.000000,4972.657696
4526.000000,4974.703527
4528.000000,4976.745995
4530.000000,4978.785240
4532.000000,4980.820569
4534.000000,4982.852406
4536.000000,4984.880325
4538.000000,4986.904175
4540.000000,4988.924145
4542.000000,4990.939426
4544.000000,4992.950546
4546.000000,4994.957021
4548.000000,4996.958695
4550.000000,4998.955810
4552.000000,5000.947438
4554.000000,5002.934219
4556.000000,5004.915611
4558.000000,5006.891454
4560.000000,5008.862046
4562.000000,5010.826344
4564.000000,5012.785102
4566.000000,5014.737720
4568.000000,5016.684037
4570.000000,5018.624412
4572.000000,5020.557685
4574.000000,5022.484729
4576.000000,5024.404887
4578.000000,5026.318003
4580.000000,5028.224493
4582.000000,5030.123089
4584.000000,5032.014781
4586.000000,5033.898861
4588.000000,5035.775178
4590.000000,5037.644207
4592.000000,5039.504577
4594.000000,5041.357396
4596.000000,5043.201904
4598.000000,5045.037961
4600.000000,5046.866100
4602.000000,5048.684860
4604.000000,5050.495452
4606.000000,5052.297078
4608.000000,5054.089608
4610.000000,5055.873635
4612.000000,5057.647606
4614.000000,5059.412844
4616.000000,5061.168514
4618.000000,5062.914496
4620.000000,5064.651440
4622.000000,5066.377716
4624.000000,5068.094750
4626.000000,5069.801673
4628.000000,5071.498380
4630.000000,5073.185574
4632.000000,5074.861561
4634.000000,5076.527854
4636.000000,5078.183566
4638.000000,5079.828603
4640.000000,5081.463715
4642.000000,5083.087159
4644.000000,5084.700529
4646.000000,5086.302916
4648.000000,5087.894244
4650.000000,5089.475308
4652.000000,5091.044322
4654.000000,5092.602951
4656.000000,5094.150272
4658.000000,5095.686228
4660.000000,5097.211649
4662.000000,5098.724723
4664.000000,5100.227170
4666.000000,5101.718065
4668.000000,5103.197365
4670.000000,5104.665929
4672.000000,5106.121930
4674.000000,5107.567135
4676.000000,5109.000617
4678.000000,5110.422349
4680.000000,5111.833212
4682.000000,5113.231379
4684.000000,5114.618642
4686.000000,5115.994082
4688.000000,5117.357683
4690.000000,5118.710350
4692.000000,5120.050250
4694.000000,5121.379202
4696.000000,5122.696294
4698.000000,5124.001521
4700.000000,5125.295800
4702.000000,5126.577306
4704.000000,5127.847870
4706.000000,5129.106588
4708.000000,5130.353468
4710.000000,5131.589430
4712.000000,5132.812663
4714.000000,5134.025005
4716.000000,5135.225555
4718.000000,5136.414332
4720.000000,5137.592255
4722.000000,5138.757536
4724.000000,5139.911997
4726.000000,5141.054757
4728.000000,5142.185833
4730.000000,5143.306143
4732.000000,5144.413918
4734.000000,5145.510964
4736.000000,5146.596412
4738.000000,5147.670282
4740.000000,5148.733481
4742.000000,5149.784262
4744.000000,5150.824413
4746.000000,5151.853068
4748.000000,5152.870250
4750.000000,5153.876859
4752.000000,5154.871152
4754.000000,5155.854912
4756.000000,5156.827271
4758.000000,5157.788251
4760.000000,5158.738736
4762.000000,5159.677003
4764.000000,5160.604805
4766.000000,5161.521284
4768.000000,5162.426454
4770.000000,5163.321192
4772.000000,5164.203774
4774.000000,5165.075940
4776.000000,5165.936835
4778.000000,5166.786458
4780.000000,5167.625686
4782.000000,5168.452783
4784.000000,5169.269490
4786.000000,5170.074937
4788.000000,5170.869125
4790.000000,5171.652917
4792.000000,5172.424577
4794.000000,5173.185836
4796.000000,5173.935821
4798.000000,5174.674523
4800.000000,5175.402803
4802.000000,5176.118921
4804.000000,5176.824595
4806.000000,5177.518957
4808.000000,5178.201986
4810.000000,5178.874556
4812.000000,5179.534891
4814.000000,5180.184742
4816.000000,5180.823218
4818.000000,5181.450304
4820.000000,5182.066869
4822.000000,5182.671146
4824.000000,5183.264879
4826.000000,5183.847177
4828.000000,5184.418032
4830.000000,5184.978323
4832.000000,5185.526269
4834.000000,5186.063636
4836.000000,5186.589533
4838.000000,5187.103966
4840.000000,5187.607807
4842.000000,5188.099299
4844.000000,5188.580215
4846.000000,5189.049675
4848.000000,5189.507694
4850.000000,5189.955165
4852.000000,5190.390344
4854.000000,5190.815017
4856.000000,5191.228329
4858.000000,5191.630303
4860.000000,5192.021859
4862.000000,5192.401290
4864.000000,5192.770372
4866.000000,5193.128296
4868.000000,5193.475116
4870.000000,5193.811745
4872.000000,5194.136547
4874.000000,5194.451291
4876.000000,5194.755209
4878.000000,5195.048403
4880.000000,5195.331768
4882.000000,5195.603775
4884.000000,5195.866162
4886.000000,5196.118223
4888.000000,5196.360095
4890.000000,5196.592664
4892.000000,5196.814539
4894.000000,5197.027385
4896.000000,5197.230586
4898.000000,5197.424323
4900.000000,5197.609446
4902.000000,5197.784735
4904.000000,5197.951766
4906.000000,5198.110021
4908.000000,5198.259704
4910.000000,5198.401656
4912.000000,5198.534815
4914.000000,5198.660646
4916.000000,5198.778749
4918.000000,5198.889365
4920.000000,5198.993260
4922.000000,5199.089594
4924.000000,5199.179676
4926.000000,5199.263215
4928.000000,5199.340472
4930.000000,5199.412160
4932.000000,5199.477640
4934.000000,5199.538037
4936.000000,5199.593183
4938.000000,5199.643348
4940.000000,5199.689154
4942.000000,5199.730155
4944.000000,5199.767298
4946.000000,5199.800496
4948.000000,5199.830029
4950.000000,5199.856390
4952.000000,5199.879345
4954.000000,5199.899603
4956.000000,5199.917184
4958.000000,5199.932317
4960.000000,5199.945389
4962.000000,5199.956312
4964.000000,5199.965584
4966.000000,5199.973264
4968.000000,5199.979544
4970.000000,5199.984697
4972.000000,5199.988717
4974.000000,5199.991910
4976.000000,5199.994352
4978.000000,5199.996179
4980.000000,5199.997527
4982.000000,5199.998454
4984.000000,5199.999102
4986.000000,5199.999508
4988.000000,5199.999764
4990.000000,5199.999907
4992.000000,5199.999973
4994.000000,5200.000000
4996.000000,5200.000000
4998.000000,5200.000000
5000.000000,5200.000000
5002.000000,5200.000000
5004.000000,5200.000000
5006.000000,5200.000000
5008.000000,5200.000000
5010.000000,5200.000000
5012.000000,5200.000000
5014.000000,5200.000000
5016.000000,5200.000000
5018.000000,5200.000000
5020.000000,5200.000000
5022.000000,5200.000000
5024.000000,5200.000000
5026.000000,5200.000000
5028.000000,5200.000000
5030.000000,5200.000000
5032.000000,5200.000000
5034.000000,5200.000000
5036.000000,5200.000000
5038.000000,5200.000000
5040.000000,5200.000000
5042.000000,5200.000000
5044.000000,5200.000000
5046.000000,5200.000000
5048.000000,5200.000000
5050.000000,5200.000000
5052.000000,5200.000000
5054.000000,5200.000000
5056.000000,5200.000000
5058.000000,5200.000000
5060.000000,5200.000000
5062.000000,5200.000000
5064.000000,5200.000000
5066.000000,5200.000000
5068.000000,5200.000000
5070.000000,5200.000000
5072.000000,5200.000000
5074.000000,5200.000000
5076.000000,5200.000000
5078.000000,5200.000000
5080.000000,5200.000000
5082.000000,5200.000000
5084.000000,5200.000000
5086.000000,5200.000000
5088.000000,5200.000000
5090.000000,5200.000000
5092.000000,5200.000000
5094.000000,5200.000000
5096.000000,5200.000000
5098.000000,5200.000000
5100.000000,5200.000000
5102.000000,5200.000000
5104.000000,5200.000000
5106.000000,5200.000000
5108.000000,5200.000000
5110.000000,5200.000000
5112.000000,5200.000000
5114.000000,5200.000000
5116.000000,5200.000000
5118.000000,5200.000000
5120.000000,5200.000000
5122.000000,5200.000000
5124.000000,5200.000000
5126.000000,5200.000000
5128.000000,5200.000000
5130.000000,5200.000000
5132.000000,5200.000000
5134.000000,5200.000000
5136.000000,5200.000000
5138.000000,5200.000000
5140.000000,5200.000000
5142.000000,5200.000000
5144.000000,5200.000000
5146.000000,5200.000000
5148.000000,5200.000000
5150.000000,5200.000000
5152.000000,5200.000000
5154.000000,5200.000000
5156.000000,5200.000000
5158.000000,5200.000000
5160.000000,5200.000000
5162.000000,5200.000000
5164.000000,5200.000000
5166.000000,5200.000000
5168.000000,5200.000000
5170.000000,5200.000000
5172.000000,5200.000000
5174.000000,5200.000000
5176.000000,5200.000000
5178.000000,5200.000000
5180.000000,5200.000000
5182.000000,5200.000000
5184.000000,5200.000000
5186.000000,5200.000000
5188.000000,5200.000000
5190.000000,5200.000000
5192.000000,5200.000000
5194.000000,5200.000000
5196.000000,5200.000000
5198.000000,5200.000000
5200.000000,5200.000000
5202.000000,5200.000000
5204.000000,5200.000000
5206.000000,5200.000000
5208.000000,5200.000000
5210.000000,5200.000000
5212.000000,5200.000000
5214.000000,5200.000000
5216.000000,5200.000000
5218.000000,5200.000000
5220.000000,5200.000000
5222.000000,5200.000000
5224.000000,5200.000000
5226.000000,5200.000000
5228.000000,5200.000000
5230.000000,5200.000000
5232.000000,5200.000000
5234.000000,5200.000000
5236.000000,5200.000000
5238.000000,5200.000000
5240.000000,5200.000000
5242.000000,5200.000000
5244.000000,5200.000000
5246.000000,5200.000000
5248.000000,5200.000000
5250.000000,5200.000000
5252.000000,5200.000000
5254.000000,5200.000000
5256.000000,5200.000000
5258.000000,5200.000000
5260.000000,5200.000000
5262.000000,5200.000000
5264.000000,5200.000000
5266.000000,5200.000000
5268.000000,5200.000000
5270.000000,5200.000000
5272.000000,5200.000000
5274.000000,5200.000000
5276.000000,5200.000000
5278.000000,5200.000000
5280.000000,5200.000000
5282.000000,5200.000000
5284.000000,5200.000000
5286.000000,5200.000000
5288.000000,5200.000000
5290.000000,5200.000000
5292.000000,5200.000000
5294.000000,5200.000000
5296.000000,5200.000000
5298.000000,5200.000000
5300.000000,5200.000000
5302.000000,5200.000000
5304.000000,5200.000000
5306.000000,5200.000000
5308.000000,5200.000000
5310.000000,5200.000000
5312.000000,5200.000000
5314.000000,5200.000000
5316.000000,5200.000000
5318.000000,5200.000000
5320.000000,5200.000000
5322.000000,5200.000000
5324.000000,5200.000000
5326.000000,5200.000000
5328.000000,5200.000000
5330.000000,5200.000000
5332.000000,5200.000000
5334.000000,5200.000000
5336.000000,5200.000000
5338.000000,5200.000000
5340.000000,5200.000000
5342.000000,5200.000000
5344.000000,5200.000000
5346.000000,5200.000000
5348.000000,5200.000000
5350.000000,5200.000000
5352.000000,5200.000000
5354.000000,5200.000000
5356.000000,5200.000000
5358.000000,5200.000000
5360.000000,5200.000000
5362.000000,5200.000000
5364.000000,5200.000000
5366.000000,5200.000000
5368.000000,5200.000000
5370.000000,5200.000000
5372.000000,5200.000000
5374.000000,5200.000000
5376.000000,5200.000000
5378.000000,5200.000000
5380.000000,5200.000000
5382.000000,5200.000000
5384.000000,5200.000000
5386.000000,5200.000000
5388.000000,5200.000000
5390.000000,5200.000000
5392.000000,5200.000000
5394.000000,5200.000000
5396.000000,5200.000000
5398.000000,5200.000000
5400.000000,5200.000000
5402.000000,5200.000000
5404.000000,5200.000000
5406.000000,5200.000000
5408.000000,5200.000000
5410.000000,5200.000000
5412.000000,5200.000000
5414.000000,5200.000000
5416.000000,5200.000000
5418.000000,5200.000000
5420.000000,5200.000000
5422.000000,5200.000000
5424.000000,5200.000000
5426.000000,5200.000000
5428.000000,5200.000000
5430.000000,5200.000000
5432.000000,5200.000000
5434.000000,5200.000000
5436.000000,5200.000000
5438.000000,5200.000000
5440.000000,5200.000000
5442.000000,5200.000000
5444.000000,5200.000000
5446.000000,5200.000000
5448.000000,5200.000000
5450.000000,5200.000000
5452.000000,5200.000000
5454.000000,5200.000000
5456.000000,5200.000000
5458.000000,5200.000000
5460.000000,5200.000000
5462.000000,5200.000000
5464.000000,5200.000000
5466.000000,5200.000000
5468.000000,5200.000000
5470.000000,5200.000000
5472.000000,5200.000000
5474.000000,5200.000000
5476.000000,5200.000000
5478.000000,5200.000000
5480.000000,5200.000000
5482.000000,5200.000000
5484.000000,5200.000000
5486.000000,5200.000000
5488.000000,5200.000000
5490.000000,5200.000000
5492.000000,5200.000000
5494.000000,5200.000000
5496.000000,5200.000000
5498.000000,5200.000000
5500.000000,5200.000000
5502.000000,5200.000000
5504.000000,5200.000000
5506.000000,5200.000000
5508.000000,5200.000000
5510.000000,5200.000000
5512.000000,5200.000000
5514.000000,5200.000000
5516.000000,5200.000000
5518.000000,5200.000000
5520.000000,5200.000000
5522.000000,5200.000000
5524.000000,5200.000000
5526.000000,5200.000000
5528.000000,5200.000000
5530.000000,5200.000000
5532.000000,5200.000000
5534.000000,5200.000000
5536.000000,5200.000000
5538.000000,5200.000000
5540.000000,5200.000000
5542.000000,5200.000000
5544.000000,5200.000000
5546.000000,5200.000000
5548.000000,5200.000000
5550.000000,5200.000000
5552.000000,5200.000000
5554.000000,5200.000000
5556.000000,5200.000000
5558.000000,5200.000000
5560.000000,5200.000000
5562.000000,5200.000000
5564.000000,5200.000000
5566.000000,5200.000000
5568.000000,5200.000000
5570.000000,5200.000000
5572.000000,5200.000000
5574.000000,5200.000000
5576.000000,5200.000000
5578.000000,5200.000000
5580.000000,5200.000000
5582.000000,5200.000000
5584.000000,5200.000000
5586.000000,5200.000000
5588.000000,5200.000000
5590.000000,5200.000000
5592.000000,5200.000000
5594.000000,5200.000000
5596.000000,5200.000000
5598.000000,5200.000000
5600.000000,5200.000000
5602.000000,5200.000000
5604.000000,5200.000000
5606.000000,5200.000000
5608.000000,5200.000000
5610.000000,5200.000000
5612.000000,5200.000000
5614.000000,5200.000000
5616.000000,5200.000000
5618.000000,5200.000000
5620.000000,5200.000000
5622.000000,5200.000000
5624.000000,5200.000000
5626.000000,5200.000000
5628.000000,5200.000000
5630.000000,5200.000000
5632.000000,5200.000000
5634.000000,5200.000000
5636.000000,5200.000000
5638.000000,5200.000000
5640.000000,5200.000000
5642.000000,5200.000000
5644.000000,5200.000000
5646.000000,5200.000000
5648.000000,5200.000000
5650.000000,5200.000000
5652.000000,5200.000000
5654.000000,5200.000000
5656.000000,5200.000000
5658.000000,5200.000000
5660.000000,5200.000000
5662.000000,5200.000000
5664.000000,5200.000000
5666.000000,5200.000000
5668.000000,5200.000000
5670.000000,5200.000000
5672.000000,5200.000000
5674.000000,5200.000000
5676.000000,5200.000000
5678.000000,5200.000000
5680.000000,5200.000000
5682.000000,5200.000000
5684.000000,5200.000000
5686.000000,5200.000000
5688.000000,5200.000000
5690.000000,5200.000000
5692.000000,5200.000000
5694.000000,5200.000000
5696.000000,5200.000000
5698.000000,5200.000000
5700.000000,5200.000000
5702.000000,5200.000000
5704.000000,5200.000000
5706.000000,5200.000000
5708.000000,5200.000000
5710.000000,5200.000000
5712.000000,5200.000000
5714.000000,5200.000000
5716.000000,5200.000000
5718.000000,5200.000000
5720.000000,5200.000000
5722.000000,5200.000000
5724.000000,5200.000000
5726.000000,5200.000000
5728.000000,5200.000000
5730.000000,5200.000000
5732.000000,5200.000000
5734.000000,5200.000000
5736.000000,5200.000000
5738.000000,5200.000000
5740.000000,5200.000000
5742.000000,5200.000000
5744.000000,5200.000000
5746.000000,5200.000000
5748.000000,5200.000000
5750.000000,5200.000000
5752.000000,5200.000000
5754.000000,5200.000000
5756.000000,5200.000000
5758.000000,5200.000000
5760.000000,5200.000000
5762.000000,5200.000000
5764.000000,5200.000000
5766.000000,5200.000000
5768.000000,5200.000000
5770.000000,5200.000000
5772.000000,5200.000000
5774.000000,5200.000000
5776.000000,5200.000000
5778.000000,5200.000000
5780.000000,5200.000000
5782.000000,5200.000000
5784.000000,5200.000000
5786.000000,5200.000000
5788.000000,5200.000000
5790.000000,5200.000000
5792.000000,5200.000000
5794.000000,5200.000000
5796.000000,5200.000000
5798.000000,5200.000000
5800.000000,5200.000000
5802.000000,5200.000000
5804.000000,5200.000000
5806.000000,5200.000000
5808.000000,5200.000000
5810.000000,5200.000000
5812.000000,5200.000000
5814.000000,5200.000000
5816.000000,5200.000000
5818.000000,5200.000000
5820.000000,5200.000000
5822.000000,5200.000000
5824.000000,5200.000000
5826.000000,5200.000000
5828.000000,5200.000000
5830.000000,5200.000000
5832.000000,5200.000000
5834.000000,5200.000000
5836.000000,5200.000000
5838.000000,5200.000000
5840.000000,5200.000000
5842.000000,5200.000000
5844.000000,5200.000000
5846.000000,5200.000000
5848.000000,5200.000000
5850.000000,5200.000000
5852.000000,5200.000000
5854.000000,5200.000000
5856.000000,5200.000000
5858.000000,5200.000000
5860.000000,5200.000000
5862.000000,5200.000000
5864.000000,5200.000000
5866.000000,5200.000000
5868.000000,5200.000000
5870.000000,5200.000000
5872.000000,5200.000000
5874.000000,5200.000000
5876.000000,5200.000000
5878.000000,5200.000000
5880.000000,5200.000000
5882.000000,5200.000000
5884.000000,5200.000000
5886.000000,5200.000000
5888.000000,5200.000000
5890.000000,5200.000000
5892.000000,5200.000000
5894.000000,5200.000000
5896.000000,5200.000000
5898.000000,5200.000000
5900.000000,5200.000000
5902.000000,5200.000000
5904.000000,5200.000000
5906.000000,5200.000000
5908.000000,5200.000000
5910.000000,5200.000000
5912.000000,5200.000000
5914.000000,5200.000000
5916.000000,5200.000000
5918.000000,5200.000000
5920.000000,5200.000000
5922.000000,5200.000000
5924.000000,5200.000000
5926.000000,5200.000000
5928.000000,5200.000000
5930.000000,5200.000000
5932.000000,5200.000000
5934.000000,5200.000000
5936.000000,5200.000000
5938.000000,5200.000000
5940.000000,5200.000000
5942.000000,5200.000000
5944.000000,5200.000000
5946.000000,5200.000000
5948.000000,5200.000000
5950.000000,5200.000000
5952.000000,5200.000000
5954.000000,5200.000000
5956.000000,5200.000000
5958.000000,5200.000000
5960.000000,5200.000000
5962.000000,5200.000000
5964.000000,5200.000000
5966.000000,5200.000000
5968.000000,5200.000000
5970.000000,5200.000000
5972.000000,5200.000000
5974.000000,5200.000000
5976.000000,5200.000000
5978.000000,5200.000000
5980.000000,5200.000000
5982.000000,5200.000000
5984.000000,5200.000000
5986.000000,5200.000000
5988.000000,5200.000000
5990.000000,5200.000000
5992.000000,5200.000000
5994.000000,5200.000000
5996.000000,5200.000000
5998.000000,5200.000000
6000.000000,5200.000000
6002.000000,5200.000000
6004.000000,5200.000000
6006.000000,5200.000000
6008.000000,5199.999973
6010.000000,5199.999907
6012.000000,5199.999764
6014.000000,5199.999508
6016.000000,5199.999102
6018.000000,5199.998454
6020.000000,5199.997527
6022.000000,5199.996179
6024.000000,5199.994352
6026.000000,5199.991910
6028.000000,5199.988717
6030.000000,5199.984697
6032.000000,5199.979544
6034.000000,5199.973264
6036.000000,5199.965584
6038.000000,5199.956312
6040.000000,5199.945389
6042.000000,5199.932317
6044.000000,5199.917184
6046.000000,5199.899603
6048.000000,5199.879345
6050.000000,5199.856390
6052.000000,5199.830029
6054.000000,5199.800496
6056.000000,5199.767298
6058.000000,5199.730155
6060.000000,5199.689154
6062.000000,5199.643348
6064.000000,5199.593183
6066.000000,5199.538037
6068.000000,5199.477640
6070.000000,5199.412160
6072.000000,5199.340472
6074.000000,5199.263215
6076.000000,5199.179676
6078.000000,5199.089594
6080.000000,5198.993260
6082.000000,5198.889365
6084.000000,5198.778749
6086.000000,5198.660646
6088.000000,5198.534815
6090.000000,5198.401656
6092.000000,5198.259704
6094.000000,5198.110021
6096.000000,5197.951766
6098.000000,5197.784735
6100.000000,5197.609446
6102.000000,5197.424323
6104.000000,5197.230586
6106.000000,5197.027385
6108.000000,5196.814539
6110.000000,5196.592664
6112.000000,5196.360095
6114.000000,5196.118223
6116.000000,5195.866162
6118.000000,5195.603775
6120.000000,5195.331768
6122.000000,5195.048403
6124.000000,5194.755209
6126.000000,5194.451291
6128.000000,5194.136547
6130.000000,5193.811745
6132.000000,5193.475116
6134.000000,5193.128296
6136.000000,5192.770372
6138.000000,5192.401290
6140.000000,5192.021859
6142.000000,5191.630303
6144.000000,5191.228329
6146.000000,5190.815017
6148.000000,5190.390344
6150.000000,5189.955165
6152.000000,5189.507694
6154.000000,5189.049675
6156.000000,5188.580215
6158.000000,5188.099299
6160.000000,5187.607807
6162.000000,5187.103966
6164.000000,5186.589533
6166.000000,5186.063636
6168.000000,5185.526269
6170.000000,5184.978323
6172.000000,5184.418032
6174.000000,5183.847177
6176.000000,5183.264879
6178.000000,5182.671146
6180.000000,5182.066869
6182.000000,5181.450304
6184.000000,5180.823218
6186.000000,5180.184742
6188.000000,5179.534891
6190.000000,5178.874556
6192.000000,5178.201986
6194.000000,5177.518957
6196.000000,5176.824595
6198.000000,5176.118921
6200.000000,5175.402803
6202.000000,5174.674523
6204.000000,5173.935821
6206.000000,5173.185836
6208.000000,5172.424577
6210.000000,5171.652917
6212.000000,5170.869125
6214.000000,5170.074937
6216.000000,5169.269490
6218.000000,5168.452783
6220.000000,5167.625686
6222.000000,5166.786458
6224.000000,5165.936835
6226.000000,5165.075940
6228.000000,5164.203774
6230.000000,5163.321192
6232.000000,5162.426454
6234.000000,5161.521284
6236.000000,5160.604805
6238.000000,5159.677003
6240.000000,5158.738736
6242.000000,5157.788251
6244.000000,5156.827271
6246.000000,5155.854912
6248.000000,5154.871152
6250.000000,5153.876859
6252.000000,5152.870250
6254.000000,5151.853068
6256.000000,5150.824413
6258.000000,5149.784262
6260.000000,5148.733481
6262.000000,5147.670282
6264.000000,5146.596412
6266.000000,5145.510964
6268.000000,5144.413918
6270.000000,5143.306143
6272.000000,5142.185833
6274.000000,5141.054757
6276.000000,5139.911997
6278.000000,5138.757536
6280.000000,5137.592255
6282.000000,5136.414332
6284.000000,5135.225555
6286.000000,5134.025005
6288.000000,5132.812663
6290.000000,5131.589430
6292.000000,5130.353468
6294.000000,5129.106588
6296.000000,5127.847870
6298.000000,5126.577306
6300.000000,5125.295800
6302.000000,5124.001521
6304.000000,5122.696294
6306.000000,5121.379202
6308.000000,5120.050250
6310.000000,5118.710350
6312.000000,5117.357683
6314.000000,5115.994082
6316.000000,5114.618642
6318.000000,5113.231379
6320.000000,5111.833212
6322.000000,5110.422349
6324.000000,5109.000617
6326.000000,5107.567135
6328.000000,5106.121930
6330.000000,5104.665929
6332.000000,5103.197365
6334.000000,5101.718065
6336.000000,5100.227170
6338.000000,5098.724723
6340.000000,5097.211649
6342.000000,5095.686228
6344.000000,5094.150272
6346.000000,5092.602951
6348.000000,5091.044322
6350.000000,5089.475308
6352.000000,5087.894244
6354.000000,5086.302916
6356.000000,5084.700529
6358.000000,5083.087159
6360.000000,5081.463715
6362.000000,5079.828603
6364.000000,5078.183566
6366.000000,5076.527854
6368.000000,5074.861561
6370.000000,5073.185574
6372.000000,5071.498380
6374.000000,5069.801673
6376.000000,5068.094750
6378.000000,5066.377716
6380.000000,5064.651440
6382.000000,5062.914496
6384.000000,5061.168514
6386.000000,5059.412844
6388.000000,5057.647606
6390.000000,5055.873635
6392.000000,5054.089608
6394.000000,5052.297078
6396.000000,5050.495452
6398.000000,5048.684860
6400.000000,5046.866100
6402.000000,5045.037961
6404.000000,5043.201904
6406.000000,5041.357396
6408.000000,5039.504577
6410.000000,5037.644207
6412.000000,5035.775178
6414.000000,5033.898861
6416.000000,5032.014781
6418.000000,5030.123089
6420.000000,5028.224493
6422.000000,5026.318003
6424.000000,5024.404887
6426.000000,5022.484729
6428.000000,5020.557685
6430.000000,5018.624412
6432.000000,5016.684037
6434.000000,5014.737720
6436.000000,5012.785102
6438.000000,5010.826344
6440.000000,5008.862046
6442.000000,5006.891454
6444.000000,5004.915611
6446.000000,5002.934219
6448.000000,5000.947438
6450.000000,4998.955810
6452.000000,4996.958695
6454.000000,4994.957021
6456.000000,4992.950546
6458.000000,4990.939426
6460.000000,4988.924145
6462.000000,4986.904175
6464.000000,4984.880325
6466.000000,4982.852406
6468.000000,4980.820569
6470.000000,4978.785240
6472.000000,4976.745995
6474.000000,4974.703527
6476.000000,4972.657696
6478.000000,4970.608648
6480.000000,4968.556748
6482.000000,4966.501668
6484.000000,4964.443993
6486.000000,4962.383626
6488.000000,4960.320704
6490.000000,4958.255532
6492.000000,4956.187876
6494.000000,4954.118209
6496.000000,4952.046477
6498.000000,4949.972806
6500.000000,4947.897443
6502.000000,4945.820240
6504.000000,4943.741565
6506.000000,4941.661401
6508.000000,4939.579860
6510.000000,4937.497141
6512.000000,4935.413164
6514.000000,4933.328203
6516.000000,4931.242272
6518.000000,4929.155471
6520.000000,4927.067948
6522.000000,4924.979685
6524.000000,4922.890873
6526.000000,4920.801547
6528.000000,4918.711795
6530.000000,4916.621722
6532.000000,4914.531358
6534.000000,4912.440821
6536.000000,4910.350165
6538.000000,4908.259463
6540.000000,4906.168779
6542.000000,4904.078189
6544.000000,4901.987741
6546.000000,4899.897504
6548.000000,4897.807538
6550.000000,4895.717872
6552.000000,4893.628614
6554.000000,4891.539757
6556.000000,4889.451377
6558.000000,4887.363525
6560.000000,4885.276196
6562.000000,4883.189524
6564.000000,4881.103453
6566.000000,4879.018067
6568.000000,4876.933402
6570.000000,4874.849430
6572.000000,4872.766299
6574.000000,4870.683915
6576.000000,4868.602365
6578.000000,4866.521672
6580.000000,4864.441789
6582.000000,4862.362872
6584.000000,4860.284800
6586.000000,4858.207657
6588.000000,4856.131458
6590.000000,4854.056139
6592.000000,4851.981859
6594.000000,4849.908475
6596.000000,4847.836071
6598.000000,4845.764648
6600.000000,4843.694134
6602.000000,4841.624682
6604.000000,4839.556139
6606.000000,4837.488580
6608.000000,4835.422001
6610.000000,4833.356321
6612.000000,4831.291687
6614.000000,4829.227941
6616.000000,4827.165149
6618.000000,4825.103304
6620.000000,4823.042320
6622.000000,4820.982331
6624.000000,4818.923181
6626.000000,4816.864928
6628.000000,4814.807557
6630.000000,4812.750986
6632.000000,4810.695332
6634.000000,4808.640448
6636.000000,4806.586381
6638.000000,4804.533113
6640.000000,4802.480568
6642.000000,4800.428844
6644.000000,4798.377805
6646.000000,4796.327489
6648.000000,4794.277875
6650.000000,4792.228893
6652.000000,4790.180622
6654.000000,4788.132943
6656.000000,4786.085887
6658.000000,4784.039430
6660.000000,4781.993508
6662.000000,4779.948186
6664.000000,4777.903359
6666.000000,4775.859048
6668.000000,4773.815231
6670.000000,4771.771851
6672.000000,4769.728962
6674.000000,4767.686474
6676.000000,4765.644399
6678.000000,4763.602717
6680.000000,4761.561383
6682.000000,4759.520431
6684.000000,4757.479792
6686.000000,4755.439476
6688.000000,4753.399463
6690.000000,4751.359715
6692.000000,4749.320258
6694.000000,4747.281035
6696.000000,4745.242052
6698.000000,4743.203295
6700.000000,4741.164735
6702.000000,4739.126389
6704.000000,4737.088213
6706.000000,4735.050211
6708.000000,4733.012372
6710.000000,4730.974677
6712.000000,4728.937138
6714.000000,4726.899723
6716.000000,4724.862438
6718.000000,4722.825273
6720.000000,4720.788215
6722.000000,4718.751276
6724.000000,4716.714436
6726.000000,4714.677699
6728.000000,4712.641060
6730.000000,4710.604511
6732.000000,4708.568065
6734.000000,4706.531710
6736.000000,4704.495453
6738.000000,4702.459294
6740.000000,4700.423228
6742.000000,4698.387274
6744.000000,4696.351420
6746.000000,4694.315679
6748.000000,4692.280060
6750.000000,4690.244558
6752.000000,4688.209197
6754.000000,4686.173969
6756.000000,4684.138891
6758.000000,4682.103977
6760.000000,4680.069222
6762.000000,4678.034664
6764.000000,4676.000287
6766.000000,4673.966119
6768.000000,4671.932173
6770.000000,4669.898449
6772.000000,4667.864997
6774.000000,4665.831794
6776.000000,4663.798873
6778.000000,4661.766256
6780.000000,4659.733933
6782.000000,4657.701978
6784.000000,4655.670352
6786.000000,4653.639103
6788.000000,4651.608250
6790.000000,4649.577780
6792.000000,4647.547787
6794.000000,4645.518219
6796.000000,4643.489131
6798.000000,4641.460546
6800.000000,4639.432447
6802.000000,4637.404944
6804.000000,4635.377971
6806.000000,4633.351594
6808.000000,4631.325839
6810.000000,4629.300678
6812.000000,4627.276244
6814.000000,4625.252453
6816.000000,4623.229382
6818.000000,4621.207057
6820.000000,4619.185445
6822.000000,4617.164694
6824.000000,4615.144703
6826.000000,4613.125558
6828.000000,4611.107288
6830.000000,4609.089852
6832.000000,4607.073412
6834.000000,4605.057850
6836.000000,4603.043264
6838.000000,4601.029684
6840.000000,4599.017053
6842.000000,4597.005554
6844.000000,4594.995054
6846.000000,4592.985660
6848.000000,4590.977395
6850.000000,4588.970191
6852.000000,4586.964260
6854.000000,4584.959440
6856.000000,4582.955843
6858.000000,4580.953495
6860.000000,4578.952325
6862.000000,4576.952548
6864.000000,4574.953986
6866.000000,4572.956769
6868.000000,4570.960913
6870.000000,4568.966333
6872.000000,4566.973270
6874.000000,4564.981524
6876.000000,4562.991220
6878.000000,4561.002389
6880.000000,4559.014926
6882.000000,4557.029081
6884.000000,4555.044645
6886.000000,4553.061745
6888.000000,4551.080402
6890.000000,4549.100513
6892.000000,4547.122329
6894.000000,4545.145632
6896.000000,4543.170551
6898.000000,4541.197104
6900.000000,4539.225181
6902.000000,4537.255043
6904.000000,4535.286455
6906.000000,4533.319548
6908.000000,4531.354342
6910.000000,4529.390712
6912.000000,4527.428931
6914.000000,4525.468749
6916.000000,4523.510301
6918.000000,4521.553602
6920.000000,4519.598518
6922.000000,4517.645333
6924.000000,4515.693776
6926.000000,4513.743997
6928.000000,4511.795992
6930.000000,4509.849637
6932.000000,4507.905203
6934.000000,4505.962425
6936.000000,4504.021439
6938.000000,4502.082250
6940.000000,4500.144722
6942.000000,4498.209130
6944.000000,4496.275203
6946.000000,4494.343073
6948.000000,4492.412749
6950.000000,4490.484081
6952.000000,4488.557354
6954.000000,4486.632284
6956.000000,4484.709006
6958.000000,4482.787523
6960.000000,4480.867686
6962.000000,4478.949773
6964.000000,4477.033502
6966.000000,4475.119003
6968.000000,4473.206277
6970.000000,4471.295179
6972.000000,4469.385973
6974.000000,4467.478387
6976.000000,4465.572547
6978.000000,4463.668445
6980.000000,4461.765945
6982.000000,4459.865298
6984.000000,4457.966236
6986.000000,4456.068883
6988.000000,4454.173230
6990.000000,4452.279135
6992.000000,4450.386851
6994.000000,4448.496111
6996.000000,4446.607031
6998.000000,4444.719603
7000.000000,4442.833691
7002.000000,4440.949539
7004.000000,4439.066883
7006.000000,4437.185840
7008.000000,4435.306399
7010.000000,4433.428428
7012.000000,4431.552159
7014.000000,4429.677338
7016.000000,4427.804078
7018.000000,4425.932368
7020.000000,4424.062077
7022.000000,4422.193431
7024.000000,4420.326184
7026.000000,4418.460444
7028.000000,4416.596200
7030.000000,4414.733326
7032.000000,4412.872040
7034.000000,4411.012107
7036.000000,4409.153628
7038.000000,4407.296591
7040.000000,4405.440877
7042.000000,4403.586702
7044.000000,4401.733832
7046.000000,4399.882366
7048.000000,4398.032297
7050.000000,4396.183512
7052.000000,4394.336208
7054.000000,4392.490171
7056.000000,4390.645498
7058.000000,4388.802179
7060.000000,4386.960102
7062.000000,4385.119471
7064.000000,4383.280068
7066.000000,4381.441989
7068.000000,4379.605230
7070.000000,4377.769684
7072.000000,4375.935541
7074.000000,4374.102601
7076.000000,4372.270957
7078.000000,4370.440602
7080.000000,4368.611439
7082.000000,4366.783654
7084.000000,4364.957052
7086.000000,4363.131728
7088.000000,4361.307674
7090.000000,4359.484798
7092.000000,4357.663287
7094.000000,4355.842944
7096.000000,4354.023871
7098.000000,4352.206058
7100.000000,4350.389417
7102.000000,4348.574135
7104.000000,4346.760020
7106.000000,4344.947173
7108.000000,4343.135588
7110.000000,4341.325179
7112.000000,4339.516133
7114.000000,4337.708264
7116.000000,4335.901671
7118.000000,4334.096356
7120.000000,4332.292227
7122.000000,4330.489480
7124.000000,4328.687930
7126.000000,4326.887669
7128.000000,4325.088716
7130.000000,4323.290962
7132.000000,4321.494630
7134.000000,4319.699508
7136.000000,4317.905717
7138.000000,4316.113253
7140.000000,4314.322030
7142.000000,4312.532253
7144.000000,4310.743733
7146.000000,4308.956570
7148.000000,4307.170787
7150.000000,4305.386273
7152.000000,4303.603259
7154.000000,4301.821537
7156.000000,4300.041223
7158.000000,4298.262332
7160.000000,4296.484756
7162.000000,4294.708739
7164.000000,4292.934057
7166.000000,4291.160840
7168.000000,4289.389097
7170.000000,4287.618724
7172.000000,4285.849966
7174.000000,4284.082596
7176.000000,4282.316753
7178.000000,4280.552439
7180.000000,4278.789551
7182.000000,4277.028345
7184.000000,4275.268583
7186.000000,4273.510406
7188.000000,4271.753826
7190.000000,4269.998724
7192.000000,4268.245373
7194.000000,4266.493530
7196.000000,4264.743327
7198.000000,4262.994792
7200.000000,4261.247798
7202.000000,4259.502613
7204.000000,4257.759002
7206.000000,4256.017101
7208.000000,4254.276920
7210.000000,4252.538341
7212.000000,4250.801651
7214.000000,4249.066584
7216.000000,4247.333286
7218.000000,4245.601779
7220.000000,4243.871932
7222.000000,4242.144032
7224.000000,4240.417811
7226.000000,4238.693427
7228.000000,4236.970892
7230.000000,4235.250067
7232.000000,4233.531251
7234.000000,4231.814169
7236.000000,4230.098982
7238.000000,4228.385693
7240.000000,4226.674166
7242.000000,4224.964704
7244.000000,4223.257022
7246.000000,4221.551280
7248.000000,4219.847489
7250.000000,4218.145502
7252.000000,4216.445628
7254.000000,4214.747574
7256.000000,4213.051500
7258.000000,4211.357413
7260.000000,4209.665167
7262.000000,4207.975081
7264.000000,4206.286849
7266.000000,4204.600631
7268.000000,4202.916432
7270.000000,4201.234103
7272.000000,4199.553961
7274.000000,4197.875696
7276.000000,4196.199471
7278.000000,4194.525288
7280.000000,4192.852993
7282.000000,4191.182906
7284.000000,4189.514712
7286.000000,4187.848570
7288.000000,4186.184485
7290.000000,4184.522297
7292.000000,4182.862325
7294.000000,4181.204252
7296.000000,4179.548237
7298.000000,4177.894281
7300.000000,4176.242223
7302.000000,4174.592379
7304.000000,4172.944430
7306.000000,4171.298534
7308.000000,4169.654687
7310.000000,4168.012730
7312.000000,4166.372973
7314.000000,4164.735100
7316.000000,4163.099266
7318.000000,4161.465464
7320.000000,4159.833533
7322.000000,4158.203777
7324.000000,4156.575881
7326.000000,4154.949994
7328.000000,4153.326110
7330.000000,4151.704074
7332.000000,4150.084182
7334.000000,4148.466120
7336.000000,4146.850031
7338.000000,4145.235907
7340.000000,4143.623590
7342.000000,4142.013381
7344.000000,4140.404962
7346.000000,4138.798472
7348.000000,4137.193902
7350.000000,4135.591102
7352.000000,4133.990354
7354.000000,4132.391350
7356.000000,4130.794224
7358.000000,4129.198973
7360.000000,4127.605443
7362.000000,4126.013901
7364.000000,4124.424051
7366.000000,4122.836036
7368.000000,4121.249832
7370.000000,4119.665288
7372.000000,4118.082676
7374.000000,4116.501707
7376.000000,4114.922498
7378.000000,4113.345046
7380.000000,4111.769205
7382.000000,4110.195218
7384.000000,4108.622819
7386.000000,4107.052125
7388.000000,4105.483117
7390.000000,4103.915663
7392.000000,4102.350000
7394.000000,4100.785858
7396.000000,4099.223365
7398.000000,4097.662490
7400.000000,4096.103111
7402.000000,4094.545456
7404.000000,4092.989262
7406.000000,4091.434654
7408.000000,4089.881603
7410.000000,4088.329990
7412.000000,4086.780030
7414.000000,4085.231483
7416.000000,4083.684453
7418.000000,4082.138922
7420.000000,4080.594777
7422.000000,4079.052220
7424.000000,4077.511027
7426.000000,4075.971287
7428.000000,4074.433002
7430.000000,4072.896036
7432.000000,4071.360621
7434.000000,4069.826504
7436.000000,4068.293805
7438.000000,4066.762497
7440.000000,4065.232479
7442.000000,4063.703941
7444.000000,4062.176677
7446.000000,4060.650772
7448.000000,4059.126228
7450.000000,4057.602926
7452.000000,4056.081073
7454.000000,4054.560450
7456.000000,4053.041154
7458.000000,4051.523185
7460.000000,4050.006425
7462.000000,4048.491087
7464.000000,4046.976945
7466.000000,4045.464114
7468.000000,4043.952576
7470.000000,4042.442233
7472.000000,4040.933284
7474.000000,4039.425516
7476.000000,4037.919043
7478.000000,4036.413847
7480.000000,4034.909835
7482.000000,4033.407208
7484.000000,4031.905753
7486.000000,4030.405585
7488.000000,4028.906696
7490.000000,4027.408982
7492.000000,4025.912656
7494.000000,4024.417510
7496.000000,4022.923645
7498.000000,4021.431073
7500.000000,4019.939687
7502.000000,4018.449691
7504.000000,4016.960894
7506.000000,4015.473394
7508.000000,4013.987197
7510.000000,4012.502209
7512.000000,4011.018634
7514.000000,4009.536272
7516.000000,4008.055242
7518.000000,4006.575542
7520.000000,4005.097073
7522.000000,4003.620052
7524.000000,4002.144282
7526.000000,4000.669868
7528.000000,3999.196820
7530.000000,3997.725043
7532.000000,3996.254758
7534.000000,3994.785758
7536.000000,3993.318160
7538.000000,3991.851975
7540.000000,3990.387104
7542.000000,3988.923771
7544.000000,3987.461769
7546.000000,3986.001222
7548.000000,3984.542141
7550.000000,3983.084420
7552.000000,3981.628295
7554.000000,3980.173553
7556.000000,3978.720321
7558.000000,3977.268612
7560.000000,3975.818317
7562.000000,3974.369680
7564.000000,3972.922482
7566.000000,3971.476853
7568.000000,3970.032803
7570.000000,3968.590223
7572.000000,3967.149372
7574.000000,3965.710017
7576.000000,3964.272289
7578.000000,3962.836202
7580.000000,3961.401644
7582.000000,3959.968883
7584.000000,3958.537670
7586.000000,3957.108146
7588.000000,3955.680332
7590.000000,3954.254098
7592.000000,3952.829721
7594.000000,3951.406953
7596.000000,3949.985934
7598.000000,3948.566675
7600.000000,3947.149055
7602.000000,3945.733351
7604.000000,3944.319305
7606.000000,3942.907065
7608.000000,3941.496634
7610.000000,3940.087890
7612.000000,3938.681122
7614.000000,3937.276047
7616.000000,3935.872833
7618.000000,3934.471471
7620.000000,3933.071836
7622.000000,3931.674220
7624.000000,3930.278338
7626.000000,3928.884349
7628.000000,3927.492249
7630.000000,3926.101909
7632.000000,3924.713615
7634.000000,3923.327089
7636.000000,3921.942474
7638.000000,3920.559779
7640.000000,3919.178857
7642.000000,3917.800005
7644.000000,3916.422931
7646.000000,3915.047783
7648.000000,3913.674561
7650.000000,3912.303121
7652.000000,3910.933751
7654.000000,3909.566164
7656.000000,3908.200493
7658.000000,3906.836750
7660.000000,3905.474768
7662.000000,3904.114857
7664.000000,3902.756700
7666.000000,3901.400449
7668.000000,3900.046096
7670.000000,3898.693479
7672.000000,3897.342902
7674.000000,3895.994045
7676.000000,3894.647055
7678.000000,3893.301921
7680.000000,3891.958481
7682.000000,3890.617024
7684.000000,3889.277243
7686.000000,3887.939260
7688.000000,3886.603081
7690.000000,3885.268537
7692.000000,3883.935885
7694.000000,3882.604851
7696.000000,3881.275542
7698.000000,3879.947935
7700.000000,3878.621897
7702.000000,3877.297657
7704.000000,3875.974934
7706.000000,3874.653839
7708.000000,3873.334357
7710.000000,3872.016331
7712.000000,3870.699977
7714.000000,3869.385044
7716.000000,3868.071621
7718.000000,3866.759674
7720.000000,3865.449065
7722.000000,3864.139996
7724.000000,3862.832218
7726.000000,3861.525803
7728.000000,3860.220719
7730.000000,3858.916837
7732.000000,3857.614335
7734.000000,3856.312972
7736.000000,3855.012811
7738.000000,3853.713816
7740.000000,3852.415868
7742.000000,3851.119113
7744.000000,3849.823335
7746.000000,3848.528579
7748.000000,3847.234806
7750.000000,3845.941907
7752.000000,3844.649989
7754.000000,3843.358873
7756.000000,3842.068583
7758.000000,3840.779073
7760.000000,3839.490248
7762.000000,3838.202173
7764.000000,3836.914701
7766.000000,3835.627848
7768.000000,3834.341557
7770.000000,3833.055746
7772.000000,3831.770443
7774.000000,3830.485530
7776.000000,3829.200997
7778.000000,3827.916795
7780.000000,3826.632861
7782.000000,3825.349179
7784.000000,3824.065663
7786.000000,3822.782283
7788.000000,3821.498986
7790.000000,3820.215721
7792.000000,3818.932439
7794.000000,3817.649097
7796.000000,3816.365638
7798.000000,3815.082004
7800.000000,3813.798163
7802.000000,3812.514022
7804.000000,3811.229571
7806.000000,3809.944735
7808.000000,3808.659465
7810.000000,3807.373742
7812.000000,3806.087428
7814.000000,3804.800552
7816.000000,3803.513016
7818.000000,3802.224763
7820.000000,3800.935800
7822.000000,3799.645955
7824.000000,3798.355291
7826.000000,3797.063688
7828.000000,3795.771084
7830.000000,3794.477508
7832.000000,3793.182739
7834.000000,3791.886897
7836.000000,3790.589833
7838.000000,3789.291483
7840.000000,3787.991896
7842.000000,3786.690805
7844.000000,3785.388379
7846.000000,3784.084442
7848.000000,3782.778928
7850.000000,3781.471913
7852.000000,3780.163086
7854.000000,3778.852654
7856.000000,3777.540418
7858.000000,3776.226316
7860.000000,3774.910450
7862.000000,3773.592461
7864.000000,3772.272588
7866.000000,3770.950616
7868.000000,3769.626504
7870.000000,3768.300353
7872.000000,3766.971751
7874.000000,3765.641005
7876.000000,3764.307880
7878.000000,3762.972300
7880.000000,3761.634418
7882.000000,3760.293782
7884.000000,3758.950717
7886.000000,3757.604983
7888.000000,3756.256508
7890.000000,3754.905449
7892.000000,3753.551328
7894.000000,3752.194504
7896.000000,3750.834718
7898.000000,3749.471894
7900.000000,3748.106223
7902.000000,3746.737163
7904.000000,3745.365135
7906.000000,3743.989849
7908.000000,3742.611228
7910.000000,3741.229494
7912.000000,3739.844043
7914.000000,3738.455361
7916.000000,3737.063118
7918.000000,3735.667250
7920.000000,3734.267993
7922.000000,3732.864701
7924.000000,3731.457906
7926.000000,3730.047251
7928.000000,3728.632676
7930.000000,3727.214436
7932.000000,3725.791840
7934.000000,3724.365464
7936.000000,3722.934933
7938.000000,3721.500180
7940.000000,3720.061476
7942.000000,3718.618106
7944.000000,3717.170676
7946.000000,3715.718783
7948.000000,3714.262364
7950.000000,3712.801717
7952.000000,3711.336080
7954.000000,3709.866098
7956.000000,3708.391349
7958.000000,3706.911772
7960.000000,3705.427692
7962.000000,3703.938280
7964.000000,3702.444243
7966.000000,3700.945146
7968.000000,3699.440911
7970.000000,3697.931890
7972.000000,3696.417217
7974.000000,3694.897630
7976.000000,3693.372681
7978.000000,3691.842287
7980.000000,3690.306833
7982.000000,3688.765385
7984.000000,3687.218762
7986.000000,3685.666455
7988.000000,3684.108417
7990.000000,3682.545032
7992.000000,3680.975331
7994.000000,3679.400181
7996.000000,3677.819054
7998.000000,3676.231889
8000.000000,3674.639116
8002.000000,3673.039724
8004.000000,3671.434599
8006.000000,3669.823214
8008.000000,3668.205518
8010.000000,3666.581949
8012.000000,3664.951463
8014.000000,3663.314994
8016.000000,3661.671998
8018.000000,3660.022417
8020.000000,3658.366887
8022.000000,3656.701265
8024.000000,3655.034293
8026.000000,3653.358451
8028.000000,3651.673636
8030.000000,3649.987303
8032.000000,3648.289253
8034.000000,3646.586017
8036.000000,3644.877948
8038.000000,3643.158848
8040.000000,3641.437133
8042.000000,3639.705705
8044.000000,3637.965856
8046.000000,3636.223748
8048.000000,3634.469496
8050.000000,3632.712010
8052.000000,3630.945420
8054.000000,3629.169518
8056.000000,3627.391610
8058.000000,3625.601380
8060.000000,3623.807776
8062.000000,3622.004288
8064.000000,3620.192916
8066.000000,3618.377494
8068.000000,3616.550500
8070.000000,3614.720464
8072.000000,3612.878395
8074.000000,3611.032172
8076.000000,3609.177574
8078.000000,3607.313664
8080.000000,3605.446324
8082.000000,3603.566663
8084.000000,3601.683595
8086.000000,3599.788203
8088.000000,3597.890475
8090.000000,3595.981771
8092.000000,3594.066996
8094.000000,3592.143719
8096.000000,3590.213199
8098.000000,3588.275047
8100.000000,3586.329138
8102.000000,3584.375953
8104.000000,3582.413732
8106.000000,3580.446445
8108.000000,3578.468145
8110.000000,3576.486561
8112.000000,3574.493134
8114.000000,3572.495168
8116.000000,3570.487232
8118.000000,3568.473434
8120.000000,3566.450551
8122.000000,3564.421391
8124.000000,3562.383319
8126.000000,3560.339107
8128.000000,3558.286086
8130.000000,3556.226670
8132.000000,3554.158941
8134.000000,3552.083623
8136.000000,3550.001961
8138.000000,3547.910858
8140.000000,3545.815217
8142.000000,3543.708666
8144.000000,3541.597538
8146.000000,3539.477327
8148.000000,3537.350196
8150.000000,3535.217114
8152.000000,3533.073924
8154.000000,3530.926818
8156.000000,3528.769631
8158.000000,3526.607168
8160.000000,3524.437171
8162.000000,3522.258263
8164.000000,3520.075521
8166.000000,3517.882862
8168.000000,3515.684863
8170.000000,3513.480052
8172.000000,3511.266397
8174.000000,3509.048473
8176.000000,3506.821899
8178.000000,3504.588797
8180.000000,3502.350745
8182.000000,3500.103317
8184.000000,3497.851006
8186.000000,3495.591971
8188.000000,3493.325200
8190.000000,3491.053906
8192.000000,3488.774961
8194.000000,3486.488431
8196.000000,3484.198307
8198.000000,3481.901237
8200.000000,3479.596863
8202.000000,3477.286653
8204.000000,3474.972274
8206.000000,3472.650239
8208.000000,3470.322237
8210.000000,3467.989536
8212.000000,3465.649536
8214.000000,3463.303266
8216.000000,3460.953098
8218.000000,3458.597756
8220.000000,3456.236532
8222.000000,3453.868785
8224.000000,3451.496508
8226.000000,3449.118910
8228.000000,3446.735447
8230.000000,3444.346846
8232.000000,3441.953922
8234.000000,3439.556576
8236.000000,3437.153579
8238.000000,3434.744833
8240.000000,3432.331642
8242.000000,3429.915093
8244.000000,3427.494229
8246.000000,3425.067960
8248.000000,3422.636595
8250.000000,3420.201430
8252.000000,3417.762730
8254.000000,3415.319811
8256.000000,3412.872236
8258.000000,3410.420690
8260.000000,3407.965924
8262.000000,3405.506380
8264.000000,3403.042707
8266.000000,3400.576157
8268.000000,3398.107119
8270.000000,3395.634003
8272.000000,3393.156667
8274.000000,3390.676939
8276.000000,3388.193830
8278.000000,3385.706811
8280.000000,3383.217994
8282.000000,3380.725993
8284.000000,3378.230073
8286.000000,3375.732811
8288.000000,3373.233066
8290.000000,3370.729454
8292.000000,3368.224585
8294.000000,3365.717571
8296.000000,3363.207011
8298.000000,3360.695715
8300.000000,3358.181861
8302.000000,3355.665214
8304.000000,3353.148407
8306.000000,3350.628215
8308.000000,3348.107382
8310.000000,3345.584697
8312.000000,3343.059790
8314.000000,3340.535026
8316.000000,3338.007084
8318.000000,3335.480054
8320.000000,3332.949919
8322.000000,3330.420691
8324.000000,3327.889068
8326.000000,3325.357806
8328.000000,3322.824935
8330.000000,3320.292211
8332.000000,3317.758314
8334.000000,3315.224408
8336.000000,3312.690018
8338.000000,3310.155499
8340.000000,3307.620719
8342.000000,3305.086193
8344.000000,3302.550979
8346.000000,3300.017179
8348.000000,3297.482143
8350.000000,3294.949123
8352.000000,3292.414723
8354.000000,3289.882512
8356.000000,3287.349768
8358.000000,3284.818118
8360.000000,3282.287775
8362.000000,3279.757131
8364.000000,3277.228879
8366.000000,3274.700555
8368.000000,3272.173691
8370.000000,3269.648835
8372.000000,3267.123826
8374.000000,3264.601691
8376.000000,3262.080775
8378.000000,3259.560513
8380.000000,3257.043091
8382.000000,3254.527241
8384.000000,3252.012298
8386.000000,3249.500349
8388.000000,3246.990491
8390.000000,3244.481773
8392.000000,3241.975605
8394.000000,3239.472603
8396.000000,3236.971255
8398.000000,3234.471728
8400.000000,3231.975512
8402.000000,3229.482357
8404.000000,3226.991196
8406.000000,3224.502332
8408.000000,3222.016748
8410.000000,3219.534625
8412.000000,3217.055301
8414.000000,3214.578510
8416.000000,3212.104587
8418.000000,3209.634296
8420.000000,3207.167710
8422.000000,3204.704488
8424.000000,3202.244263
8426.000000,3199.787393
8428.000000,3197.333994
8430.000000,3194.883888
8432.000000,3192.438548
8434.000000,3189.996758
8436.000000,3187.558731
8438.000000,3185.124560
8440.000000,3182.694026
8442.000000,3180.267821
8444.000000,3177.845399
8446.000000,3175.427141
8448.000000,3173.013134
8450.000000,3170.603113
8452.000000,3168.197829
8454.000000,3165.796667
8456.000000,3163.400028
8458.000000,3161.007976
8460.000000,3158.620207
8462.000000,3156.237497
8464.000000,3153.859172
8466.000000,3151.485640
8468.000000,3149.116945
8470.000000,3146.752749
8472.000000,3144.393853
8474.000000,3142.039543
8476.000000,3139.690240
8478.000000,3137.345982
8480.000000,3135.006408
8482.000000,3132.672335
8484.000000,3130.343006
8486.000000,3128.018848
8488.000000,3125.699930
8490.000000,3123.386326
8492.000000,3121.078628
8494.000000,3118.775824
8496.000000,3116.478338
8498.000000,3114.186197
8500.000000,3111.899008
8502.000000,3109.617985
8504.000000,3107.342588
8506.000000,3105.072625
8508.000000,3102.808105
8510.000000,3100.548617
8512.000000,3098.295653
8514.000000,3096.048283
8516.000000,3093.806407
8518.000000,3091.570025
8520.000000,3089.339379
8522.000000,3087.115293
8524.000000,3084.896308
8526.000000,3082.682970
8528.000000,3080.476294
8530.000000,3078.274877
8532.000000,3076.079471
8534.000000,3073.890260
8536.000000,3071.706930
8538.000000,3069.529296
8540.000000,3067.357806
8542.000000,3065.192611
8544.000000,3063.032780
8546.000000,3060.879771
8548.000000,3058.732271
8550.000000,3056.590871
8552.000000,3054.455997
8554.000000,3052.326584
8556.000000,3050.203933
8558.000000,3048.086978
8560.000000,3045.976240
8562.000000,3043.871703
8564.000000,3041.773472
8566.000000,3039.681074
8568.000000,3037.595323
8570.000000,3035.515068
8572.000000,3033.441853
8574.000000,3031.374201
8576.000000,3029.313088
8578.000000,3027.258008
8580.000000,3025.209071
8582.000000,3023.166594
8584.000000,3021.130224
8586.000000,3019.100016
8588.000000,3017.076136
8590.000000,3015.058290
8592.000000,3013.046974
8594.000000,3011.041732
8596.000000,3009.042692
8598.000000,3007.049977
8600.000000,3005.063258
8602.000000,3003.083085
8604.000000,3001.108891
8606.000000,2999.141060
8608.000000,2997.179339
8610.000000,2995.223513
8612.000000,2993.274680
8614.000000,2991.331506
8616.000000,2989.394556
8618.000000,2987.463975
8620.000000,2985.539252
8622.000000,2983.621046
8624.000000,2981.708659
8626.000000,2979.802634
8628.000000,2977.902903
8630.000000,2976.008900
8632.000000,2974.121444
8634.000000,2972.239705
8636.000000,2970.364217
8638.000000,2968.495005
8640.000000,2966.631525
8642.000000,2964.774471
8644.000000,2962.923150
8646.000000,2961.078051
8648.000000,2959.239039
8650.000000,2957.405551
8652.000000,2955.578688
8654.000000,2953.757566
8656.000000,2951.942350
8658.000000,2950.133189
8660.000000,2948.329690
8662.000000,2946.532490
8664.000000,2944.740924
8666.000000,2942.955360
8668.000000,2941.175609
8670.000000,2939.401516
8672.000000,2937.633681
8674.000000,2935.871302
8676.000000,2934.114897
8678.000000,2932.364191
8680.000000,2930.619058
8682.000000,2928.880012
8684.000000,2927.146443
8686.000000,2925.418598
8688.000000,2923.696511
8690.000000,2921.979770
8692.000000,2920.269108
8694.000000,2918.563770
8696.000000,2916.864063
8698.000000,2915.170006
8700.000000,2913.481194
8702.000000,2911.798312
8704.000000,2910.120729
8706.000000,2908.448531
8708.000000,2906.782068
8710.000000,2905.120507
8712.000000,2903.465008
8714.000000,2901.814508
8716.000000,2900.169368
8718.000000,2898.529803
8720.000000,2896.895072
8722.000000,2895.266167
8724.000000,2893.642279
8726.000000,2892.023549
8728.000000,2890.410217
8730.000000,2888.801790
8732.000000,2887.198868
8734.000000,2885.600807
8736.000000,2884.008038
8738.000000,2882.420329
8740.000000,2880.837281
8742.000000,2879.259924
8744.000000,2877.687220
8746.000000,2876.119503
8748.000000,2874.556778
8750.000000,2872.998792
8752.000000,2871.446171
8754.000000,2869.898073
8756.000000,2868.354860
8758.000000,2866.816532
8760.000000,2865.282799
8762.000000,2863.754283
8764.000000,2862.230183
8766.000000,2860.710850
8768.000000,2859.196259
8770.000000,2857.686026
8772.000000,2856.180883
8774.000000,2854.680119
8776.000000,2853.183999
8778.000000,2851.692489
8780.000000,2850.205215
8782.000000,2848.722852
8784.000000,2847.244677
8786.000000,2845.771015
8788.000000,2844.301837
8790.000000,2842.836776
8792.000000,2841.376486
8794.000000,2839.920258
8796.000000,2838.468405
8798.000000,2837.020896
8800.000000,2835.577374
8802.000000,2834.138471
8804.000000,2832.703500
8806.000000,2831.272765
8808.000000,2829.846234
8810.000000,2828.423559
8812.000000,2827.005349
8814.000000,2825.590936
8816.000000,2824.180609
8818.000000,2822.774337
8820.000000,2821.371782
8822.000000,2819.973532
8824.000000,2818.579000
8826.000000,2817.188438
8828.000000,2815.801791
8830.000000,2814.418732
8832.000000,2813.039822
8834.000000,2811.664439
8836.000000,2810.292848
8838.000000,2808.925112
8840.000000,2807.560841
8842.000000,2806.200559
8844.000000,2804.843667
8846.000000,2803.490422
8848.000000,2802.140899
8850.000000,2800.794719
8852.000000,2799.452371
8854.000000,2798.113280
8856.000000,2796.777767
8858.000000,2795.445781
8860.000000,2794.116968
8862.000000,2792.791838
8864.000000,2791.469937
8866.000000,2790.151415
8868.000000,2788.836214
8870.000000,2787.524152
8872.000000,2786.215674
8874.000000,2784.910182
8876.000000,2783.607984
8878.000000,2782.309037
8880.000000,2781.012994
8882.000000,2779.720425
8884.000000,2778.430756
8886.000000,2777.144167
8888.000000,2775.860747
8890.000000,2774.580116
8892.000000,2773.302782
8894.000000,2772.028260
8896.000000,2770.756690
8898.000000,2769.488145
8900.000000,2768.222256
8902.000000,2766.959561
8904.000000,2765.699493
8906.000000,2764.442302
8908.000000,2763.187940
8910.000000,2761.936174
8912.000000,2760.687413
8914.000000,2759.441188
8916.000000,2758.197725
8918.000000,2756.956950
8920.000000,2755.718681
8922.000000,2754.483251
8924.000000,2753.250262
8926.000000,2752.019876
8928.000000,2750.792058
8930.000000,2749.566624
8932.000000,2748.343877
8934.000000,2747.123479
8936.000000,2745.905531
8938.000000,2744.690065
8940.000000,2743.476842
8942.000000,2742.266199
8944.000000,2741.057791
8946.000000,2739.851707
8948.000000,2738.647974
8950.000000,2737.446369
8952.000000,2736.247205
8954.000000,2735.050148
8956.000000,2733.855310
8958.000000,2732.662683
8960.000000,2731.472094
8962.000000,2730.283813
8964.000000,2729.097528
8966.000000,2727.913370
8968.000000,2726.731288
8970.000000,2725.551117
8972.000000,2724.373175
8974.000000,2723.197081
8976.000000,2722.022977
8978.000000,2720.850854
8980.000000,2719.680540
8982.000000,2718.512282
8984.000000,2717.345791
8986.000000,2716.181194
8988.000000,2715.018459
8990.000000,2713.857419
8992.000000,2712.698340
8994.000000,2711.540918
8996.000000,2710.385261
8998.000000,2709.231342
9000.000000,2708.079011
9002.000000,2706.928522
9004.000000,2705.779582
9006.000000,2704.632290
9008.000000,2703.486626
9010.000000,2702.342454
9012.000000,2701.200007
9014.000000,2700.059009
9016.000000,2698.919557
9018.000000,2697.781630
9020.000000,2696.645094
9022.000000,2695.510147
9024.000000,2694.376539
9026.000000,2693.244368
9028.000000,2692.113625
9030.000000,2690.984163
9032.000000,2689.856168
9034.000000,2688.729425
9036.000000,2687.604017
9038.000000,2686.479911
9040.000000,2685.356999
9042.000000,2684.235470
9044.000000,2683.115081
9046.000000,2681.995911
9048.000000,2680.877951
9050.000000,2679.761082
9052.000000,2678.645452
9054.000000,2677.530877
9056.000000,2676.417419
9058.000000,2675.305055
9060.000000,2674.193694
9062.000000,2673.083465
9064.000000,2671.974196
9066.000000,2670.865954
9068.000000,2669.758698
9070.000000,2668.652349
9072.000000,2667.547032
9074.000000,2666.442562
9076.000000,2665.339022
9078.000000,2664.236363
9080.000000,2663.134506
9082.000000,2662.033578
9084.000000,2660.933402
9086.000000,2659.834053
9088.000000,2658.735491
9090.000000,2657.637641
9092.000000,2656.540615
9094.000000,2655.444253
9096.000000,2654.348619
9098.000000,2653.253665
9100.000000,2652.159340
9102.000000,2651.065712
9104.000000,2649.972664
9106.000000,2648.880232
9108.000000,2647.788385
9110.000000,2646.697073
9112.000000,2645.606348
9114.000000,2644.516121
9116.000000,2643.426404
9118.000000,2642.337186
9120.000000,2641.248405
9122.000000,2640.160113
9124.000000,2639.072223
9126.000000,2637.984745
9128.000000,2636.897663
9130.000000,2635.810923
9132.000000,2634.724567
9134.000000,2633.638516
9136.000000,2632.552783
9138.000000,2631.467342
9140.000000,2630.382160
9142.000000,2629.297251
9144.000000,2628.212567
9146.000000,2627.128096
9148.000000,2626.043828
9150.000000,2624.959722
9152.000000,2623.875788
9154.000000,2622.791978
9156.000000,2621.708289
9158.000000,2620.624697
9160.000000,2619.541179
9162.000000,2618.457723
9164.000000,2617.374303
9166.000000,2616.290905
9168.000000,2615.207504
9170.000000,2614.124090
9172.000000,2613.040630
9174.000000,2611.957119
9176.000000,2610.873526
9178.000000,2609.789835
9180.000000,2608.706034
9182.000000,2607.622083
9184.000000,2606.537984
9186.000000,2605.453704
9188.000000,2604.369225
9190.000000,2603.284542
9192.000000,2602.199602
9194.000000,2601.114419
9196.000000,2600.028956
9198.000000,2598.943191
9200.000000,2597.857130
9202.000000,2596.770702
9204.000000,2595.683937
9206.000000,2594.596791
9208.000000,2593.509242
9210.000000,2592.421301
9212.000000,2591.332884
9214.000000,2590.244034
9216.000000,2589.154702
9218.000000,2588.064859
9220.000000,2586.974532
9222.000000,2585.883612
9224.000000,2584.792165
9226.000000,2583.700129
9228.000000,2582.607477
9230.000000,2581.514247
9232.000000,2580.420306
9234.000000,2579.325745
9236.000000,2578.230487
9238.000000,2577.134510
9240.000000,2576.037854
9242.000000,2574.940373
9244.000000,2573.842174
9246.000000,2572.743163
9248.000000,2571.643328
9250.000000,2570.542705
9252.000000,2569.441143
9254.000000,2568.338756
9256.000000,2567.235448
9258.000000,2566.131209
9260.000000,2565.026076
9262.000000,2563.919893
9264.000000,2562.812773
9266.000000,2561.704630
9268.000000,2560.595434
9270.000000,2559.485243
9272.000000,2558.373874
9274.000000,2557.261461
9276.000000,2556.147909
9278.000000,2555.033174
9280.000000,2553.917349
9282.000000,2552.800205
9284.000000,2551.681920
9286.000000,2550.562373
9288.000000,2549.441536
9290.000000,2548.319496
9292.000000,2547.196007
9294.000000,2546.071275
9296.000000,2544.945142
9298.000000,2543.817610
9300.000000,2542.688742
9302.000000,2541.558307
9304.000000,2540.426488
9306.000000,2539.293161
9308.000000,2538.158296
9310.000000,2537.021984
9312.000000,2535.883973
9314.000000,2534.744460
9316.000000,2533.603321
9318.000000,2532.460503
9320.000000,2531.316141
9322.000000,2530.169902
9324.000000,2529.022069
9326.000000,2527.872441
9328.000000,2526.721021
9330.000000,2525.567897
9332.000000,2524.412788
9334.000000,2523.255921
9336.000000,2522.097163
9338.000000,2520.936442
9340.000000,2519.773927
9342.000000,2518.609243
9344.000000,2517.442706
9346.000000,2516.274098
9348.000000,2515.103421
9350.000000,2513.930774
9352.000000,2512.755832
9354.000000,2511.578860
9356.000000,2510.399702
9358.000000,2509.218287
9360.000000,2508.034808
9362.000000,2506.848833
9364.000000,2505.660736
9366.000000,2504.470266
9368.000000,2503.277423
9370.000000,2502.082341
9372.000000,2500.884620
9374.000000,2499.684609
9376.000000,2498.482068
9378.000000,2497.276987
9380.000000,2496.069504
9382.000000,2494.859224
9384.000000,2493.646485
9386.000000,2492.431074
9388.000000,2491.212952
9390.000000,2489.992281
9392.000000,2488.768635
9394.000000,2487.542369
9396.000000,2486.313261
9398.000000,2485.081259
9400.000000,2483.846540
9402.000000,2482.608647
9404.000000,2481.367966
9406.000000,2480.124263
9408.000000,2478.877490
9410.000000,2477.627838
9412.000000,2476.374826
9414.000000,2475.118863
9416.000000,2473.859685
9418.000000,2472.597261
9420.000000,2471.331776
9422.000000,2470.062709
9424.000000,2468.790527
9426.000000,2467.514905
9428.000000,2466.235842
9430.000000,2464.953578
9432.000000,2463.667459
9434.000000,2462.378063
9436.000000,2461.085069
9438.000000,2459.788404
9440.000000,2458.488314
9442.000000,2457.184220
9444.000000,2455.876613
9446.000000,2454.565170
9448.000000,2453.249864
9450.000000,2451.930958
9452.000000,2450.607737
9454.000000,2449.280833
9456.000000,2447.949900
9458.000000,2446.614873
9460.000000,2445.276019
9462.000000,2443.932667
9464.000000,2442.585413
9466.000000,2441.233872
9468.000000,2439.877980
9470.000000,2438.518043
9472.000000,2437.153372
9474.000000,2435.784575
9476.000000,2434.411243
9478.000000,2433.033323
9480.000000,2431.651144
9482.000000,2430.263973
9484.000000,2428.872438
9486.000000,2427.476114
9488.000000,2426.074950
9490.000000,2424.669291
9492.000000,2423.258333
9494.000000,2421.842763
9496.000000,2420.422159
9498.000000,2418.996484
9500.000000,2417.566085
9502.000000,2416.130019
9504.000000,2414.689117
9506.000000,2413.242928
9508.000000,2411.791356
9510.000000,2410.334749
9512.000000,2408.872278
9514.000000,2407.404665
9516.000000,2405.931437
9518.000000,2404.452585
9520.000000,2402.968456
9522.000000,2401.478056
9524.000000,2399.982317
9526.000000,2398.480666
9528.000000,2396.973007
9530.000000,2395.459855
9532.000000,2393.940080
9534.000000,2392.414641
9536.000000,2390.883044
9538.000000,2389.345066
9540.000000,2387.801326
9542.000000,2386.250613
9544.000000,2384.693948
9546.000000,2383.130747
9548.000000,2381.560878
9550.000000,2379.984920
9552.000000,2378.401581
9554.000000,2376.812049
9556.000000,2375.215524
9558.000000,2373.612131
9560.000000,2372.002156
9562.000000,2370.384617
9564.000000,2368.760369
9566.000000,2367.128944
9568.000000,2365.490102
9570.000000,2363.844553
9572.000000,2362.190784
9574.000000,2360.530174
9576.000000,2358.861833
9578.000000,2357.185876
9580.000000,2355.502651
9582.000000,2353.810988
9584.000000,2352.112023
9586.000000,2350.404922
9588.000000,2348.689830
9590.000000,2346.967073
9592.000000,2345.235468
9594.000000,2343.496190
9596.000000,2341.748334
9598.000000,2339.992080
9600.000000,2338.227825
9602.000000,2336.454153
9604.000000,2334.672473
9606.000000,2332.881853
9608.000000,2331.082220
9610.000000,2329.274330
9612.000000,2327.456577
9614.000000,2325.630175
9616.000000,2323.794537
9618.000000,2321.949530
9620.000000,2320.095608
9622.000000,2318.231349
9624.000000,2316.358197
9626.000000,2314.475304
9628.000000,2312.582331
9630.000000,2310.680162
9632.000000,2308.767186
9634.000000,2306.844845
9636.000000,2304.912169
9638.000000,2302.968981
9640.000000,2301.016135
9642.000000,2299.051912
9644.000000,2297.077830
9646.000000,2295.092970
9648.000000,2293.097119
9650.000000,2291.091000
9652.000000,2289.072913
9654.000000,2287.044456
9656.000000,2285.004661
9658.000000,2282.953407
9660.000000,2280.891477
9662.000000,2278.816961
9664.000000,2276.731542
9666.000000,2274.634200
9668.000000,2272.524790
9670.000000,2270.404101
9672.000000,2268.270196
9674.000000,2266.124851
9676.000000,2263.967001
9678.000000,2261.796513
9680.000000,2259.614255
9682.000000,2257.418128
9684.000000,2255.209995
9686.000000,2252.988746
9688.000000,2250.754251
9690.000000,2248.507382
9692.000000,2246.245890
9694.000000,2243.971792
9696.000000,2241.683923
9698.000000,2239.382150
9700.000000,2237.067435
9702.000000,2234.737479
9704.000000,2232.394331
9706.000000,2230.036774
9708.000000,2227.664674
9710.000000,2225.278959
9712.000000,2222.877029
9714.000000,2220.461297
9716.000000,2218.030488
9718.000000,2215.584469
9720.000000,2213.124302
9722.000000,2210.647210
9724.000000,2208.155450
9726.000000,2205.647950
9728.000000,2203.124573
9730.000000,2200.586390
9732.000000,2198.030166
9734.000000,2195.458902
9736.000000,2192.871234
9738.000000,2190.266791
9740.000000,2187.646333
9742.000000,2185.007751
9744.000000,2182.353436
9746.000000,2179.681283
9748.000000,2176.991754
9750.000000,2174.286218
9752.000000,2171.560793
9754.000000,2168.818994
9756.000000,2166.059187
9758.000000,2163.280565
9760.000000,2160.485222
9762.000000,2157.669547
9764.000000,2154.836328
9766.000000,2151.984409
9768.000000,2149.112787
9770.000000,2146.223823
9772.000000,2143.313196
9774.000000,2140.384729
9776.000000,2137.436143
9778.000000,2134.467647
9780.000000,2131.480255
9782.000000,2128.471015
9784.000000,2125.442565
9786.000000,2122.393453
9788.000000,2119.323147
9790.000000,2116.233578
9792.000000,2113.120587
9794.000000,2109.988178
9796.000000,2106.833500
9798.000000,2103.657497
9800.000000,2100.460531
9802.000000,2097.239851
9804.000000,2093.998467
9806.000000,2090.734080
9808.000000,2087.447353
9810.000000,2084.138915
9812.000000,2080.805376
9814.000000,2077.450709
9816.000000,2074.071918
9818.000000,2070.669190
9820.000000,2067.244680
9822.000000,2063.793946
9824.000000,2060.320323
9826.000000,2056.822362
9828.000000,2053.299660
9830.000000,2049.753694
9832.000000,2046.180518
9834.000000,2042.584012
9836.000000,2038.961845
9838.000000,2035.313657
9840.000000,2031.641393
9842.000000,2027.941190
9844.000000,2024.216539
9846.000000,2020.465049
9848.000000,2016.686629
9850.000000,2012.883390
9852.000000,2009.050820
9854.000000,2005.192697
9856.000000,2001.306968
9858.000000,1997.393884
9860.000000,1993.454382
9862.000000,1989.483999
9864.000000,1985.487844
9866.000000,1981.463293
9868.000000,1977.408826
9870.000000,1973.328092
9872.000000,1969.216097
9874.000000,1965.076061
9876.000000,1960.906969
9878.000000,1956.707841
9880.000000,1952.480275
9882.000000,1948.221022
9884.000000,1943.932684
9886.000000,1939.614339
9888.000000,1935.264686
9890.000000,1930.886165
9892.000000,1926.474512
9894.000000,1922.032729
9896.000000,1917.560526
9898.000000,1913.054874
9900.000000,1908.521147
9902.000000,1903.951006
9904.000000,1899.352184
9906.000000,1894.719623
9908.000000,1890.055316
9910.000000,1885.359343
9912.000000,1880.628290
9914.000000,1875.866487
9916.000000,1871.070092
9918.000000,1866.241440
9920.000000,1861.379562
9922.000000,1856.482706
9924.000000,1851.553232
9926.000000,1846.588865
9928.000000,1841.591481
9930.000000,1836.560117
9932.000000,1831.491899
9934.000000,1826.392459
9936.000000,1821.255303
9938.000000,1816.083873
9940.000000,1810.881178
9942.000000,1805.637429
9944.000000,1800.361097
9946.000000,1795.050225
9948.000000,1789.703050
9950.000000,1784.320382
9952.000000,1778.899888
9954.000000,1773.446751
9956.000000,1767.956549
9958.000000,1762.427893
9960.000000,1756.865994
9962.000000,1751.265295
9964.000000,1745.631149
9966.000000,1739.958884
9968.000000,1734.248100
9970.000000,1728.503533
9972.000000,1722.719423
9974.000000,1716.901252
9976.000000,1711.046045
9978.000000,1705.153468
9980.000000,1699.224697
9982.000000,1693.255109
9984.000000,1687.251096
9986.000000,1681.209714
9988.000000,1675.130873
9990.000000,1669.017403
9992.000000,1662.863484
9994.000000,1656.674873
9996.000000,1650.448656
9998.000000,1644.184811
10000.000000,1637.886235
10002.000000,1631.547163
10004.000000,1625.173427
10006.000000,1618.762179
10008.000000,1612.313495
10010.000000,1605.830320
10012.000000,1599.307019
10014.000000,1592.749436
10016.000000,1586.154842
10018.000000,1579.523408
10020.000000,1572.858123
10022.000000,1566.153576
10024.000000,1559.415592
10026.000000,1552.641614
10028.000000,1545.831929
10030.000000,1538.988913
10032.000000,1532.104325
10034.000000,1525.187255
10036.000000,1518.235328
10038.000000,1511.248951
10040.000000,1504.231133
10042.000000,1497.177143
10044.000000,1490.090026
10046.000000,1482.965575
10048.000000,1475.808508
10050.000000,1468.621818
10052.000000,1461.401232
10054.000000,1454.148864
10056.000000,1446.859954
10058.000000,1439.540905
10060.000000,1432.194656
10062.000000,1424.814587
10064.000000,1417.400964
10066.000000,1409.958681
10068.000000,1402.489490
10070.000000,1394.989270
10072.000000,1387.455050
10074.000000,1379.897880
10076.000000,1372.312591
10078.000000,1364.693883
10080.000000,1357.053408
10082.000000,1349.385340
10084.000000,1341.686874
10086.000000,1333.967046
10088.000000,1326.221644
10090.000000,1318.447554
10092.000000,1310.654954
10094.000000,1302.833259
10096.000000,1294.990270
10098.000000,1287.128303
10100.000000,1279.238038
10102.000000,1271.333355
10104.000000,1263.401378
10106.000000,1255.454077
10108.000000,1247.485525
10110.000000,1239.497728
10112.000000,1231.494366
10114.000000,1223.469440
10116.000000,1215.432957
10118.000000,1207.374826
10120.000000,1199.309543
10122.000000,1191.219232
10124.000000,1183.125289
10126.000000,1175.008297
10128.000000,1166.887667
10130.000000,1158.747983
10132.000000,1150.603280
10134.000000,1142.445017
10136.000000,1134.278230
10138.000000,1126.104564
10140.000000,1117.919141
10142.000000,1109.732460
10144.000000,1101.534536
10146.000000,1093.334872
10148.000000,1085.130278
10150.000000,1076.918118
10152.000000,1068.708853
10154.000000,1060.493149
10156.000000,1052.278388
10158.000000,1044.063780
10160.000000,1035.845895
10162.000000,1027.635456
10164.000000,1019.423575
10166.000000,1011.213341
10168.000000,1003.012343
10170.000000,994.813385
10172.000000,986.616099
10174.000000,978.429518
10176.000000,970.251902
10178.000000,962.077637
10180.000000,953.911698
10182.000000,945.761462
10184.000000,937.619121
10186.000000,929.487563
10188.000000,921.370952
10190.000000,913.268768
10192.000000,905.177518
10194.000000,897.098909
10196.000000,889.039186
10198.000000,880.999391
10200.000000,872.975488
10202.000000,864.966090
10204.000000,856.974971
10206.000000,849.006773
10208.000000,841.062631
10210.000000,833.139332
10212.000000,825.234049
10214.000000,817.349361
10216.000000,809.492843
10218.000000,801.663333
10220.000000,793.855911
10222.000000,786.074534
10224.000000,778.320699
10226.000000,770.596150
10228.000000,762.898011
10230.000000,755.224642
10232.000000,747.589965
10234.000000,739.981052
10236.000000,732.401413
10238.000000,724.857264
10240.000000,717.347707
10242.000000,709.862468
10244.000000,702.413976
10246.000000,695.003919
10248.000000,687.624274
10250.000000,680.278128
10252.000000,672.975502
10254.000000,665.702878
10256.000000,658.470149
10258.000000,651.276179
10260.000000,644.113939
10262.000000,637.000081
10264.000000,629.918834
10266.000000,622.877626
10268.000000,615.880514
10270.000000,608.915957
10272.000000,602.002477
10274.000000,595.123548
10276.000000,588.287123
10278.000000,581.496586
10280.000000,574.740703
10282.000000,568.038310
10284.000000,561.371309
10286.000000,554.751791
10288.000000,548.176130
10290.000000,541.639969
10292.000000,535.157303
10294.000000,528.710224
10296.000000,522.316851
10298.000000,515.960494
10300.000000,509.656686
10302.000000,503.392604
10304.000000,497.180725
10306.000000,491.008257
10308.000000,484.890017
10310.000000,478.809023
10312.000000,472.786642
10314.000000,466.801080
10316.000000,460.871819
10318.000000,454.980941
10320.000000,449.142070
10322.000000,443.349766
10324.000000,437.605737
10326.000000,431.908584
10328.000000,426.259942
10330.000000,420.658280
10332.000000,415.104715
10334.000000,409.602999
10336.000000,404.141016
10338.000000,398.735358
10340.000000,393.369384
10342.000000,388.059079
10344.000000,382.794610
10346.000000,377.574132
10348.000000,372.408379
10350.000000,367.281673
10352.000000,362.211588
10354.000000,357.186008
10356.000000,352.204919
10358.000000,347.277945
10360.000000,342.390349
10362.000000,337.557072
10364.000000,332.771701
10366.000000,328.026433
10368.000000,323.334930
10370.000000,318.686695
10372.000000,314.086462
10374.000000,309.534751
10376.000000,305.027795
10378.000000,300.566574
10380.000000,296.153165
10382.000000,291.786673
10384.000000,287.462565
10386.000000,283.189243
10388.000000,278.958834
10390.000000,274.769892
10392.000000,270.634542
10394.000000,266.539447
10396.000000,262.487422
10398.000000,258.484135
10400.000000,254.523347
10402.000000,250.606032
10404.000000,246.732760
10406.000000,242.906851
10408.000000,239.120175
10410.000000,235.374829
10412.000000,231.679380
10414.000000,228.023986
10416.000000,224.407922
10418.000000,220.837161
10420.000000,217.307898
10422.000000,213.822181
10424.000000,210.373936
10426.000000,206.969627
10428.000000,203.608688
10430.000000,200.283157
10432.000000,197.001435
10434.000000,193.758966
10436.000000,190.558682
10438.000000,187.396450
10440.000000,184.270044
10442.000000,181.187968
10444.000000,178.143542
10446.000000,175.137758
10448.000000,172.168623
10450.000000,169.236001
10452.000000,166.345855
10454.000000,163.491572
10456.000000,160.673026
10458.000000,157.891308
10460.000000,155.144766
10462.000000,152.438869
10464.000000,149.767196
10466.000000,147.129685
10468.000000,144.527951
10470.000000,141.959838
10472.000000,139.430567
10474.000000,136.934181
10476.000000,134.471205
10478.000000,132.041845
10480.000000,129.644578
10482.000000,127.284375
10484.000000,124.955618
10486.000000,122.660405
10488.000000,120.396201
10490.000000,118.162269
10492.000000,115.963656
10494.000000,113.794999
10496.000000,111.658491
10498.000000,109.553601
10500.000000,107.476210
10502.000000,105.431803
10504.000000,103.415892
10506.000000,101.430554
10508.000000,99.475453
10510.000000,97.547991
10512.000000,95.652071
10514.000000,93.781892
10516.000000,91.940500
10518.000000,90.127811
10520.000000,88.341350
10522.000000,86.585146
10524.000000,84.854583
10526.000000,83.151517
10528.000000,81.474883
10530.000000,79.822387
10532.000000,78.198549
10534.000000,76.598989
10536.000000,75.025456
10538.000000,73.477640
10540.000000,71.953312
10542.000000,70.456062
10544.000000,68.981650
10546.000000,67.531009
10548.000000,66.104501
10550.000000,64.700175
10552.000000,63.321411
10554.000000,61.964288
10556.000000,60.630352
10558.000000,59.319311
10560.000000,58.029167
10562.000000,56.763097
10564.000000,55.517338
10566.000000,54.292849
10568.000000,53.089800
10570.000000,51.906418
10572.000000,50.745684
10574.000000,49.604109
10576.000000,48.483049
10578.000000,47.382228
10580.000000,46.299872
10582.000000,45.238768
10584.000000,44.195640
10586.000000,43.171749
10588.000000,42.166800
10590.000000,41.178877
10592.000000,40.210761
10594.000000,39.259482
10596.000000,38.326217
10598.000000,37.410712
10600.000000,36.511395
10602.000000,35.630698
10604.000000,34.765736
10606.000000,33.917600
10608.000000,33.086048
10610.000000,32.269605
10612.000000,31.470534
10614.000000,30.686136
10616.000000,29.917425
10618.000000,29.164164
10620.000000,28.424949
10622.000000,27.701706
10624.000000,26.992122
10626.000000,26.297133
10628.000000,25.616514
10630.000000,24.948977
10632.000000,24.296466
10634.000000,23.656636
10636.000000,23.030350
10638.000000,22.417394
10640.000000,21.816565
10642.000000,21.229663
10644.000000,20.654504
10646.000000,20.091885
10648.000000,19.541598
10650.000000,19.002529
10652.000000,18.476332
10654.000000,17.960985
10656.000000,17.457218
10658.000000,16.964832
10660.000000,16.482794
10662.000000,16.012624
10664.000000,15.552452
10666.000000,15.102943
10668.000000,14.663850
10670.000000,14.234269
10672.000000,13.815601
10674.000000,13.406120
10676.000000,13.006434
10678.000000,12.616366
10680.000000,12.235030
10682.000000,11.863698
10684.000000,11.500784
10686.000000,11.146838
10688.000000,10.801691
10690.000000,10.464531
10692.000000,10.136513
10694.000000,9.816183
10696.000000,9.504037
10698.000000,9.199918
10700.000000,8.903079
10702.000000,8.614567
10704.000000,8.333052
10706.000000,8.058983
10708.000000,7.792209
10710.000000,7.532049
10712.000000,7.279446
10714.000000,7.033190
10716.000000,6.793684
10718.000000,6.560783
10720.000000,6.333868
10722.000000,6.113788
10724.000000,5.899442
10726.000000,5.691190
10728.000000,5.488898
10730.000000,5.292001
10732.000000,5.101261
10734.000000,4.915681
10736.000000,4.735580
10738.000000,4.560835
10740.000000,4.390932
10742.000000,4.226551
10744.000000,4.066792
10746.000000,3.911940
10748.000000,3.761878
10750.000000,3.616142
10752.000000,3.475335
10754.000000,3.338653
10756.000000,3.206341
10758.000000,3.078291
10760.000000,2.954090
10762.000000,2.834268
10764.000000,2.718104
10766.000000,2.605815
10768.000000,2.497300
10770.000000,2.392190
10772.000000,2.290947
10774.000000,2.192934
10776.000000,2.098337
10778.000000,2.007062
10780.000000,1.918782
10782.000000,1.833899
10784.000000,1.751849
10786.000000,1.672792
10788.000000,1.596643
10790.000000,1.523109
10792.000000,1.452540
10794.000000,1.384441
10796.000000,1.318947
10798.000000,1.255980
10800.000000,1.195285
10802.000000,1.137161
10804.000000,1.081173
10806.000000,1.027436
10808.000000,0.975881
10810.000000,0.926282
10812.000000,0.878894
10814.000000,0.833341
10816.000000,0.789718
10818.000000,0.747961
10820.000000,0.707877
10822.000000,0.669678
10824.000000,0.633041
10826.000000,0.598044
10828.000000,0.564629
10830.000000,0.532631
10832.000000,0.502225
10834.000000,0.473136
10836.000000,0.445427
10838.000000,0.419048
10840.000000,0.393854
10842.000000,0.369991
10844.000000,0.347227
10846.000000,0.325611
10848.000000,0.305099
10850.000000,0.285569
10852.000000,0.267139
10854.000000,0.249613
10856.000000,0.233032
10858.000000,0.217354
10860.000000,0.202479
10862.000000,0.188501
10864.000000,0.175258
10866.000000,0.162779
10868.000000,0.151031
10870.000000,0.139929
10872.000000,0.129547
10874.000000,0.119752
10876.000000,0.110567
10878.000000,0.101962
10880.000000,0.093868
10882.000000,0.086341
10884.000000,0.079275
10886.000000,0.072686
10888.000000,0.066549
10890.000000,0.060808
10892.000000,0.055505
10894.000000,0.050555
10896.000000,0.045971
10898.000000,0.041729
10900.000000,0.037788
10902.000000,0.034176
10904.000000,0.030828
10906.000000,0.027752
10908.000000,0.024931
10910.000000,0.022329
10912.000000,0.019969
10914.000000,0.017800
10916.000000,0.015827
10918.000000,0.014035
10920.000000,0.012399
10922.000000,0.010933
10924.000000,0.009601
10926.000000,0.008404
10928.000000,0.007331
10930.000000,0.006363
10932.000000,0.005510
10934.000000,0.004745
10936.000000,0.004069
10938.000000,0.003473
10940.000000,0.002946
10942.000000,0.002489
10944.000000,0.002088
10946.000000,0.001741
10948.000000,0.001442
10950.000000,0.001184
10952.000000,0.000968
10954.000000,0.000782
10956.000000,0.000626
10958.000000,0.000497
10960.000000,0.000388
10962.000000,0.000301
10964.000000,0.000229
10966.000000,0.000172
10968.000000,0.000128
10970.000000,0.000092
10972.000000,0.000065
10974.000000,0.000045
10976.000000,0.000030
10978.000000,0.000020
10980.000000,0.000013
10982.000000,0.000007
10984.000000,0.000004
10986.000000,0.000002
10988.000000,0.000001
10990.000000,0.000000
10992.000000,0.000000
10994.000000,0.000000
10996.000000,0.000000
10998.000000,0.000000
11000.000000,0.000000
