stem,iteration,band_lo_Hz,band_hi_Hz,rms_mV_mon,k,window,dt_us
PR1PX1C,0,3000.0,10000.0,1.2203852648075588,1,"none (rectangular, full record, Parseval)",2.0000000000002656
PR1PX1C,0,10000.0,25000.0,1.190211417303622,1,"none (rectangular, full record, Parseval)",2.0000000000002656
PR1PX1C,0,25000.0,33000.0,0.5763970388612408,1,"none (rectangular, full record, Parseval)",2.0000000000002656
PR1PX1C,0,33000.0,40000.0,0.20974837697011478,1,"none (rectangular, full record, Parseval)",2.0000000000002656
PR1PX1C,0,40000.0,60000.0,0.30002870260043313,1,"none (rectangular, full record, Parseval)",2.0000000000002656
PR1PX1C,1,3000.0,10000.0,0.9757030602822455,1,"none (rectangular, full record, Parseval)",2.0000000000002656
PR1PX1C,1,10000.0,25000.0,1.495585979300219,1,"none (rectangular, full record, Parseval)",2.0000000000002656
PR1PX1C,1,25000.0,33000.0,0.6954865511211846,1,"none (rectangular, full record, Parseval)",2.0000000000002656
PR1PX1C,1,33000.0,40000.0,0.2411332357394227,1,"none (rectangular, full record, Parseval)",2.0000000000002656
PR1PX1C,1,40000.0,60000.0,0.2983700688468587,1,"none (rectangular, full record, Parseval)",2.0000000000002656
PR1PX1C,2,3000.0,10000.0,0.7302348289515125,1,"none (rectangular, full record, Parseval)",2.0000000000002656
PR1PX1C,2,10000.0,25000.0,1.3825296466044945,1,"none (rectangular, full record, Parseval)",2.0000000000002656
PR1PX1C,2,25000.0,33000.0,0.7065312220529198,1,"none (rectangular, full record, Parseval)",2.0000000000002656
PR1PX1C,2,33000.0,40000.0,0.24660936537326816,1,"none (rectangular, full record, Parseval)",2.0000000000002656
PR1PX1C,2,40000.0,60000.0,0.304419066422894,1,"none (rectangular, full record, Parseval)",2.0000000000002656
PR1PX1C,3,3000.0,10000.0,0.4182652660843144,1,"none (rectangular, full record, Parseval)",2.0000000000002656
PR1PX1C,3,10000.0,25000.0,1.1943229280291112,1,"none (rectangular, full record, Parseval)",2.0000000000002656
PR1PX1C,3,25000.0,33000.0,0.7213321995670029,1,"none (rectangular, full record, Parseval)",2.0000000000002656
PR1PX1C,3,33000.0,40000.0,0.24788101415022903,1,"none (rectangular, full record, Parseval)",2.0000000000002656
PR1PX1C,3,40000.0,60000.0,0.3183626321925265,1,"none (rectangular, full record, Parseval)",2.0000000000002656
PR1PX1C,4,3000.0,10000.0,0.24396411240423177,1,"none (rectangular, full record, Parseval)",2.0000000000002656
PR1PX1C,4,10000.0,25000.0,0.9864238365501626,1,"none (rectangular, full record, Parseval)",2.0000000000002656
PR1PX1C,4,25000.0,33000.0,0.6810623029572487,1,"none (rectangular, full record, Parseval)",2.0000000000002656
PR1PX1C,4,33000.0,40000.0,0.25704524023884634,1,"none (rectangular, full record, Parseval)",2.0000000000002656
PR1PX1C,4,40000.0,60000.0,0.32059760720591357,1,"none (rectangular, full record, Parseval)",2.0000000000002656
PR1PX1C,5,3000.0,10000.0,0.16750988261006625,1,"none (rectangular, full record, Parseval)",2.0000000000002656
PR1PX1C,5,10000.0,25000.0,0.8760247410361659,1,"none (rectangular, full record, Parseval)",2.0000000000002656
PR1PX1C,5,25000.0,33000.0,0.6233453464296809,1,"none (rectangular, full record, Parseval)",2.0000000000002656
PR1PX1C,5,33000.0,40000.0,0.24952110868843524,1,"none (rectangular, full record, Parseval)",2.0000000000002656
PR1PX1C,5,40000.0,60000.0,0.32743055926716086,1,"none (rectangular, full record, Parseval)",2.0000000000002656
PR1PX1C,6,3000.0,10000.0,0.14550202336023474,1,"none (rectangular, full record, Parseval)",2.0000000000002656
PR1PX1C,6,10000.0,25000.0,0.7097996045037377,1,"none (rectangular, full record, Parseval)",2.0000000000002656
PR1PX1C,6,25000.0,33000.0,0.5551823461810191,1,"none (rectangular, full record, Parseval)",2.0000000000002656
PR1PX1C,6,33000.0,40000.0,0.2520544695577185,1,"none (rectangular, full record, Parseval)",2.0000000000002656
PR1PX1C,6,40000.0,60000.0,0.335238556671829,1,"none (rectangular, full record, Parseval)",2.0000000000002656
PR1PX1C,7,3000.0,10000.0,0.1701577379034056,1,"none (rectangular, full record, Parseval)",2.0000000000002656
PR1PX1C,7,10000.0,25000.0,0.5988020429078339,1,"none (rectangular, full record, Parseval)",2.0000000000002656
PR1PX1C,7,25000.0,33000.0,0.46526728373426673,1,"none (rectangular, full record, Parseval)",2.0000000000002656
PR1PX1C,7,33000.0,40000.0,0.2380797653685331,1,"none (rectangular, full record, Parseval)",2.0000000000002656
PR1PX1C,7,40000.0,60000.0,0.33550120558182717,1,"none (rectangular, full record, Parseval)",2.0000000000002656
PR1PX1C,8,3000.0,10000.0,0.16070081772472863,1,"none (rectangular, full record, Parseval)",2.0000000000002656
PR1PX1C,8,10000.0,25000.0,0.49363445473846557,1,"none (rectangular, full record, Parseval)",2.0000000000002656
PR1PX1C,8,25000.0,33000.0,0.41182876444440014,1,"none (rectangular, full record, Parseval)",2.0000000000002656
PR1PX1C,8,33000.0,40000.0,0.21961472024927442,1,"none (rectangular, full record, Parseval)",2.0000000000002656
PR1PX1C,8,40000.0,60000.0,0.3314654562064663,1,"none (rectangular, full record, Parseval)",2.0000000000002656
PR1PX1C,9,3000.0,10000.0,0.12478402564891497,1,"none (rectangular, full record, Parseval)",2.0000000000002656
PR1PX1C,9,10000.0,25000.0,0.4228149861001635,1,"none (rectangular, full record, Parseval)",2.0000000000002656
PR1PX1C,9,25000.0,33000.0,0.3430047781499639,1,"none (rectangular, full record, Parseval)",2.0000000000002656
PR1PX1C,9,33000.0,40000.0,0.20422449452571126,1,"none (rectangular, full record, Parseval)",2.0000000000002656
PR1PX1C,9,40000.0,60000.0,0.3246262880868305,1,"none (rectangular, full record, Parseval)",2.0000000000002656
PR1PX1C,10,3000.0,10000.0,0.13645048817069694,1,"none (rectangular, full record, Parseval)",2.0000000000002656
PR1PX1C,10,10000.0,25000.0,0.3697880024230401,1,"none (rectangular, full record, Parseval)",2.0000000000002656
PR1PX1C,10,25000.0,33000.0,0.28499415111267357,1,"none (rectangular, full record, Parseval)",2.0000000000002656
PR1PX1C,10,33000.0,40000.0,0.19262853156160745,1,"none (rectangular, full record, Parseval)",2.0000000000002656
PR1PX1C,10,40000.0,60000.0,0.31818413730797585,1,"none (rectangular, full record, Parseval)",2.0000000000002656
PR1PX1C,11,3000.0,10000.0,0.1522998857580637,1,"none (rectangular, full record, Parseval)",2.0000000000002656
PR1PX1C,11,10000.0,25000.0,0.32017565232597306,1,"none (rectangular, full record, Parseval)",2.0000000000002656
PR1PX1C,11,25000.0,33000.0,0.24248571393987176,1,"none (rectangular, full record, Parseval)",2.0000000000002656
PR1PX1C,11,33000.0,40000.0,0.17270212740902774,1,"none (rectangular, full record, Parseval)",2.0000000000002656
PR1PX1C,11,40000.0,60000.0,0.3065087594940537,1,"none (rectangular, full record, Parseval)",2.0000000000002656
PR1PX1C,12,3000.0,10000.0,0.1826797019130925,1,"none (rectangular, full record, Parseval)",2.0000000000002656
PR1PX1C,12,10000.0,25000.0,0.2937775716826819,1,"none (rectangular, full record, Parseval)",2.0000000000002656
PR1PX1C,12,25000.0,33000.0,0.21211673701431855,1,"none (rectangular, full record, Parseval)",2.0000000000002656
PR1PX1C,12,33000.0,40000.0,0.17158810202503957,1,"none (rectangular, full record, Parseval)",2.0000000000002656
PR1PX1C,12,40000.0,60000.0,0.3075419723183681,1,"none (rectangular, full record, Parseval)",2.0000000000002656
PR1PX1C,13,3000.0,10000.0,0.12586741921721842,1,"none (rectangular, full record, Parseval)",2.0000000000002656
PR1PX1C,13,10000.0,25000.0,0.26662699211237467,1,"none (rectangular, full record, Parseval)",2.0000000000002656
PR1PX1C,13,25000.0,33000.0,0.217580509675589,1,"none (rectangular, full record, Parseval)",2.0000000000002656
PR1PX1C,13,33000.0,40000.0,0.16559765321858444,1,"none (rectangular, full record, Parseval)",2.0000000000002656
PR1PX1C,13,40000.0,60000.0,0.3042578488604007,1,"none (rectangular, full record, Parseval)",2.0000000000002656
PR1PX1C,14,3000.0,10000.0,0.1392887821813601,1,"none (rectangular, full record, Parseval)",2.0000000000002656
PR1PX1C,14,10000.0,25000.0,0.22420908869193468,1,"none (rectangular, full record, Parseval)",2.0000000000002656
PR1PX1C,14,25000.0,33000.0,0.1997836564632416,1,"none (rectangular, full record, Parseval)",2.0000000000002656
PR1PX1C,14,33000.0,40000.0,0.16774948915574392,1,"none (rectangular, full record, Parseval)",2.0000000000002656
PR1PX1C,14,40000.0,60000.0,0.29558094372023364,1,"none (rectangular, full record, Parseval)",2.0000000000002656
PR1PX1C,15,3000.0,10000.0,0.11653124037922274,1,"none (rectangular, full record, Parseval)",2.0000000000002656
PR1PX1C,15,10000.0,25000.0,0.252933284603617,1,"none (rectangular, full record, Parseval)",2.0000000000002656
PR1PX1C,15,25000.0,33000.0,0.20110532302124193,1,"none (rectangular, full record, Parseval)",2.0000000000002656
PR1PX1C,15,33000.0,40000.0,0.17180263415095237,1,"none (rectangular, full record, Parseval)",2.0000000000002656
PR1PX1C,15,40000.0,60000.0,0.30349069483649616,1,"none (rectangular, full record, Parseval)",2.0000000000002656
PR1PX1C,16,3000.0,10000.0,0.12067228489906313,1,"none (rectangular, full record, Parseval)",2.0000000000002656
PR1PX1C,16,10000.0,25000.0,0.21107354246495974,1,"none (rectangular, full record, Parseval)",2.0000000000002656
PR1PX1C,16,25000.0,33000.0,0.19570232221062697,1,"none (rectangular, full record, Parseval)",2.0000000000002656
PR1PX1C,16,33000.0,40000.0,0.16960806142253193,1,"none (rectangular, full record, Parseval)",2.0000000000002656
PR1PX1C,16,40000.0,60000.0,0.30537527107656304,1,"none (rectangular, full record, Parseval)",2.0000000000002656
PR1PX1C,17,3000.0,10000.0,0.10133536866830496,1,"none (rectangular, full record, Parseval)",2.0000000000002656
PR1PX1C,17,10000.0,25000.0,0.27365683990560313,1,"none (rectangular, full record, Parseval)",2.0000000000002656
PR1PX1C,17,25000.0,33000.0,0.21802051215018217,1,"none (rectangular, full record, Parseval)",2.0000000000002656
PR1PX1C,17,33000.0,40000.0,0.17274798759094256,1,"none (rectangular, full record, Parseval)",2.0000000000002656
PR1PX1C,17,40000.0,60000.0,0.3054955605429071,1,"none (rectangular, full record, Parseval)",2.0000000000002656
PR1PX1C,18,3000.0,10000.0,0.11688035992448786,1,"none (rectangular, full record, Parseval)",2.0000000000002656
PR1PX1C,18,10000.0,25000.0,0.24221009910428218,1,"none (rectangular, full record, Parseval)",2.0000000000002656
PR1PX1C,18,25000.0,33000.0,0.20070865634901153,1,"none (rectangular, full record, Parseval)",2.0000000000002656
PR1PX1C,18,33000.0,40000.0,0.16817946142313403,1,"none (rectangular, full record, Parseval)",2.0000000000002656
PR1PX1C,18,40000.0,60000.0,0.30439328574132046,1,"none (rectangular, full record, Parseval)",2.0000000000002656
PR1PX1C,19,3000.0,10000.0,0.1064363205128637,1,"none (rectangular, full record, Parseval)",2.0000000000002656
PR1PX1C,19,10000.0,25000.0,0.18295241998332384,1,"none (rectangular, full record, Parseval)",2.0000000000002656
PR1PX1C,19,25000.0,33000.0,0.2028259609535809,1,"none (rectangular, full record, Parseval)",2.0000000000002656
PR1PX1C,19,33000.0,40000.0,0.16873060470849413,1,"none (rectangular, full record, Parseval)",2.0000000000002656
PR1PX1C,19,40000.0,60000.0,0.3023453187529948,1,"none (rectangular, full record, Parseval)",2.0000000000002656
PR1PX1C,20,3000.0,10000.0,0.10882867105102105,1,"none (rectangular, full record, Parseval)",2.0000000000002656
PR1PX1C,20,10000.0,25000.0,0.18794556432348428,1,"none (rectangular, full record, Parseval)",2.0000000000002656
PR1PX1C,20,25000.0,33000.0,0.19204660695608114,1,"none (rectangular, full record, Parseval)",2.0000000000002656
PR1PX1C,20,33000.0,40000.0,0.17629661116313572,1,"none (rectangular, full record, Parseval)",2.0000000000002656
PR1PX1C,20,40000.0,60000.0,0.30269308261339867,1,"none (rectangular, full record, Parseval)",2.0000000000002656
P91PX1,0,3000.0,10000.0,1.1301113953023174,1,"none (rectangular, full record, Parseval)",2.0000000000002656
P91PX1,0,10000.0,25000.0,1.1533807102872136,1,"none (rectangular, full record, Parseval)",2.0000000000002656
P91PX1,0,25000.0,33000.0,0.43793339434741296,1,"none (rectangular, full record, Parseval)",2.0000000000002656
P91PX1,0,33000.0,40000.0,0.21824883824236252,1,"none (rectangular, full record, Parseval)",2.0000000000002656
P91PX1,0,40000.0,60000.0,0.29315148329323004,1,"none (rectangular, full record, Parseval)",2.0000000000002656
P91PX1,1,3000.0,10000.0,1.3476966657821845,1,"none (rectangular, full record, Parseval)",2.0000000000002656
P91PX1,1,10000.0,25000.0,1.3419611684218251,1,"none (rectangular, full record, Parseval)",2.0000000000002656
P91PX1,1,25000.0,33000.0,0.47537193417872475,1,"none (rectangular, full record, Parseval)",2.0000000000002656
P91PX1,1,33000.0,40000.0,0.27362631420150946,1,"none (rectangular, full record, Parseval)",2.0000000000002656
P91PX1,1,40000.0,60000.0,0.2916571261107167,1,"none (rectangular, full record, Parseval)",2.0000000000002656
P91PX1,2,3000.0,10000.0,1.609781310759918,1,"none (rectangular, full record, Parseval)",2.0000000000002656
P91PX1,2,10000.0,25000.0,1.4231860718092553,1,"none (rectangular, full record, Parseval)",2.0000000000002656
P91PX1,2,25000.0,33000.0,0.5958072387607526,1,"none (rectangular, full record, Parseval)",2.0000000000002656
P91PX1,2,33000.0,40000.0,0.2669575477869404,1,"none (rectangular, full record, Parseval)",2.0000000000002656
P91PX1,2,40000.0,60000.0,0.2660738718600093,1,"none (rectangular, full record, Parseval)",2.0000000000002656
P91PX1,3,3000.0,10000.0,1.1278825667149697,1,"none (rectangular, full record, Parseval)",2.0000000000002656
P91PX1,3,10000.0,25000.0,1.5597012551259184,1,"none (rectangular, full record, Parseval)",2.0000000000002656
P91PX1,3,25000.0,33000.0,0.609613577940503,1,"none (rectangular, full record, Parseval)",2.0000000000002656
P91PX1,3,33000.0,40000.0,0.23826477103650479,1,"none (rectangular, full record, Parseval)",2.0000000000002656
P91PX1,3,40000.0,60000.0,0.28705980567250616,1,"none (rectangular, full record, Parseval)",2.0000000000002656
P91PX1,4,3000.0,10000.0,0.7922575950205535,1,"none (rectangular, full record, Parseval)",2.0000000000002656
P91PX1,4,10000.0,25000.0,1.3039161761163813,1,"none (rectangular, full record, Parseval)",2.0000000000002656
P91PX1,4,25000.0,33000.0,0.5968890623104325,1,"none (rectangular, full record, Parseval)",2.0000000000002656
P91PX1,4,33000.0,40000.0,0.23832218030274263,1,"none (rectangular, full record, Parseval)",2.0000000000002656
P91PX1,4,40000.0,60000.0,0.29327700352781677,1,"none (rectangular, full record, Parseval)",2.0000000000002656
P91PX1,5,3000.0,10000.0,0.5448718846766458,1,"none (rectangular, full record, Parseval)",2.0000000000002656
P91PX1,5,10000.0,25000.0,1.2689477661105852,1,"none (rectangular, full record, Parseval)",2.0000000000002656
P91PX1,5,25000.0,33000.0,0.6194218509760323,1,"none (rectangular, full record, Parseval)",2.0000000000002656
P91PX1,5,33000.0,40000.0,0.24290422110625687,1,"none (rectangular, full record, Parseval)",2.0000000000002656
P91PX1,5,40000.0,60000.0,0.301490388328117,1,"none (rectangular, full record, Parseval)",2.0000000000002656
P91PX1,6,3000.0,10000.0,0.33078023969200765,1,"none (rectangular, full record, Parseval)",2.0000000000002656
P91PX1,6,10000.0,25000.0,1.2326204630926771,1,"none (rectangular, full record, Parseval)",2.0000000000002656
P91PX1,6,25000.0,33000.0,0.6590369739922104,1,"none (rectangular, full record, Parseval)",2.0000000000002656
P91PX1,6,33000.0,40000.0,0.24216940947874274,1,"none (rectangular, full record, Parseval)",2.0000000000002656
P91PX1,6,40000.0,60000.0,0.30125258416176776,1,"none (rectangular, full record, Parseval)",2.0000000000002656
P91PX1,7,3000.0,10000.0,0.22279448071986263,1,"none (rectangular, full record, Parseval)",2.0000000000002656
P91PX1,7,10000.0,25000.0,1.0975280815928126,1,"none (rectangular, full record, Parseval)",2.0000000000002656
P91PX1,7,25000.0,33000.0,0.6752688676814995,1,"none (rectangular, full record, Parseval)",2.0000000000002656
P91PX1,7,33000.0,40000.0,0.24929104813605754,1,"none (rectangular, full record, Parseval)",2.0000000000002656
P91PX1,7,40000.0,60000.0,0.3101893726206668,1,"none (rectangular, full record, Parseval)",2.0000000000002656
P91PX1,8,3000.0,10000.0,0.1740533092019966,1,"none (rectangular, full record, Parseval)",2.0000000000002656
P91PX1,8,10000.0,25000.0,1.0027751173820905,1,"none (rectangular, full record, Parseval)",2.0000000000002656
P91PX1,8,25000.0,33000.0,0.6987628395451635,1,"none (rectangular, full record, Parseval)",2.0000000000002656
P91PX1,8,33000.0,40000.0,0.2529737138924113,1,"none (rectangular, full record, Parseval)",2.0000000000002656
P91PX1,8,40000.0,60000.0,0.3287703652882798,1,"none (rectangular, full record, Parseval)",2.0000000000002656
P91PX1,9,3000.0,10000.0,0.1702595115215638,1,"none (rectangular, full record, Parseval)",2.0000000000002656
P91PX1,9,10000.0,25000.0,0.9136180172830828,1,"none (rectangular, full record, Parseval)",2.0000000000002656
P91PX1,9,25000.0,33000.0,0.696242316425184,1,"none (rectangular, full record, Parseval)",2.0000000000002656
P91PX1,9,33000.0,40000.0,0.25587911308254885,1,"none (rectangular, full record, Parseval)",2.0000000000002656
P91PX1,9,40000.0,60000.0,0.3342667810610483,1,"none (rectangular, full record, Parseval)",2.0000000000002656
P91PX1,10,3000.0,10000.0,0.14938908993673394,1,"none (rectangular, full record, Parseval)",2.0000000000002656
P91PX1,10,10000.0,25000.0,0.8217087634306331,1,"none (rectangular, full record, Parseval)",2.0000000000002656
P91PX1,10,25000.0,33000.0,0.6958864352552562,1,"none (rectangular, full record, Parseval)",2.0000000000002656
P91PX1,10,33000.0,40000.0,0.26055534235551875,1,"none (rectangular, full record, Parseval)",2.0000000000002656
P91PX1,10,40000.0,60000.0,0.34345696747318666,1,"none (rectangular, full record, Parseval)",2.0000000000002656
P91PX1,11,3000.0,10000.0,0.1360614714324397,1,"none (rectangular, full record, Parseval)",2.0000000000002656
P91PX1,11,10000.0,25000.0,0.812064388565229,1,"none (rectangular, full record, Parseval)",2.0000000000002656
P91PX1,11,25000.0,33000.0,0.6878909172905482,1,"none (rectangular, full record, Parseval)",2.0000000000002656
P91PX1,11,33000.0,40000.0,0.24182153233548942,1,"none (rectangular, full record, Parseval)",2.0000000000002656
P91PX1,11,40000.0,60000.0,0.33794231817331116,1,"none (rectangular, full record, Parseval)",2.0000000000002656
P91PX1,12,3000.0,10000.0,0.1774176079054241,1,"none (rectangular, full record, Parseval)",2.0000000000002656
P91PX1,12,10000.0,25000.0,0.7303437449562975,1,"none (rectangular, full record, Parseval)",2.0000000000002656
P91PX1,12,25000.0,33000.0,0.6809284419329766,1,"none (rectangular, full record, Parseval)",2.0000000000002656
P91PX1,12,33000.0,40000.0,0.23019362136039465,1,"none (rectangular, full record, Parseval)",2.0000000000002656
P91PX1,12,40000.0,60000.0,0.3322803136274794,1,"none (rectangular, full record, Parseval)",2.0000000000002656
P91PX1,13,3000.0,10000.0,0.1621219337367328,1,"none (rectangular, full record, Parseval)",2.0000000000002656
P91PX1,13,10000.0,25000.0,0.6473266100735531,1,"none (rectangular, full record, Parseval)",2.0000000000002656
P91PX1,13,25000.0,33000.0,0.6437379577995962,1,"none (rectangular, full record, Parseval)",2.0000000000002656
P91PX1,13,33000.0,40000.0,0.21055320564381474,1,"none (rectangular, full record, Parseval)",2.0000000000002656
P91PX1,13,40000.0,60000.0,0.31265965322543077,1,"none (rectangular, full record, Parseval)",2.0000000000002656
P91PX1,14,3000.0,10000.0,0.1462998949077719,1,"none (rectangular, full record, Parseval)",2.0000000000002656
P91PX1,14,10000.0,25000.0,0.6071454843060824,1,"none (rectangular, full record, Parseval)",2.0000000000002656
P91PX1,14,25000.0,33000.0,0.6113278817024191,1,"none (rectangular, full record, Parseval)",2.0000000000002656
P91PX1,14,33000.0,40000.0,0.20736552799243452,1,"none (rectangular, full record, Parseval)",2.0000000000002656
P91PX1,14,40000.0,60000.0,0.3149602755182409,1,"none (rectangular, full record, Parseval)",2.0000000000002656
P91PX1,15,3000.0,10000.0,0.17544199606476202,1,"none (rectangular, full record, Parseval)",2.0000000000002656
P91PX1,15,10000.0,25000.0,0.636971756081763,1,"none (rectangular, full record, Parseval)",2.0000000000002656
P91PX1,15,25000.0,33000.0,0.650883151537735,1,"none (rectangular, full record, Parseval)",2.0000000000002656
P91PX1,15,33000.0,40000.0,0.1920593716953946,1,"none (rectangular, full record, Parseval)",2.0000000000002656
P91PX1,15,40000.0,60000.0,0.30018787407916364,1,"none (rectangular, full record, Parseval)",2.0000000000002656
P91PX1,16,3000.0,10000.0,0.1867458917213111,1,"none (rectangular, full record, Parseval)",2.0000000000002656
P91PX1,16,10000.0,25000.0,0.5762872616118822,1,"none (rectangular, full record, Parseval)",2.0000000000002656
P91PX1,16,25000.0,33000.0,0.61670511961287,1,"none (rectangular, full record, Parseval)",2.0000000000002656
P91PX1,16,33000.0,40000.0,0.1844252367006007,1,"none (rectangular, full record, Parseval)",2.0000000000002656
P91PX1,16,40000.0,60000.0,0.2928880520852214,1,"none (rectangular, full record, Parseval)",2.0000000000002656
P91PX1,17,3000.0,10000.0,0.17692258077399498,1,"none (rectangular, full record, Parseval)",2.0000000000002656
P91PX1,17,10000.0,25000.0,0.5676643248095637,1,"none (rectangular, full record, Parseval)",2.0000000000002656
P91PX1,17,25000.0,33000.0,0.6146608325153899,1,"none (rectangular, full record, Parseval)",2.0000000000002656
P91PX1,17,33000.0,40000.0,0.1964592366035853,1,"none (rectangular, full record, Parseval)",2.0000000000002656
P91PX1,17,40000.0,60000.0,0.2943579972405839,1,"none (rectangular, full record, Parseval)",2.0000000000002656
P91PX1,18,3000.0,10000.0,0.17681243450033585,1,"none (rectangular, full record, Parseval)",2.0000000000002656
P91PX1,18,10000.0,25000.0,0.5420805523062724,1,"none (rectangular, full record, Parseval)",2.0000000000002656
P91PX1,18,25000.0,33000.0,0.6382289133566007,1,"none (rectangular, full record, Parseval)",2.0000000000002656
P91PX1,18,33000.0,40000.0,0.19491038568363062,1,"none (rectangular, full record, Parseval)",2.0000000000002656
P91PX1,18,40000.0,60000.0,0.29409358191795115,1,"none (rectangular, full record, Parseval)",2.0000000000002656
P91PX1,19,3000.0,10000.0,0.16396403116772892,1,"none (rectangular, full record, Parseval)",2.0000000000002656
P91PX1,19,10000.0,25000.0,0.5319489663832687,1,"none (rectangular, full record, Parseval)",2.0000000000002656
P91PX1,19,25000.0,33000.0,0.6665070926220378,1,"none (rectangular, full record, Parseval)",2.0000000000002656
P91PX1,19,33000.0,40000.0,0.1975222587246274,1,"none (rectangular, full record, Parseval)",2.0000000000002656
P91PX1,19,40000.0,60000.0,0.29870188834600436,1,"none (rectangular, full record, Parseval)",2.0000000000002656
P91PX1,20,3000.0,10000.0,0.1930157982049543,1,"none (rectangular, full record, Parseval)",2.0000000000002656
P91PX1,20,10000.0,25000.0,0.5152442864078934,1,"none (rectangular, full record, Parseval)",2.0000000000002656
P91PX1,20,25000.0,33000.0,0.6652047092132898,1,"none (rectangular, full record, Parseval)",2.0000000000002656
P91PX1,20,33000.0,40000.0,0.18975327241379558,1,"none (rectangular, full record, Parseval)",2.0000000000002656
P91PX1,20,40000.0,60000.0,0.29367572971037725,1,"none (rectangular, full record, Parseval)",2.0000000000002656
P92PX1,0,3000.0,10000.0,1.1378500191768,1,"none (rectangular, full record, Parseval)",2.0000000000002656
P92PX1,0,10000.0,25000.0,1.108785134855252,1,"none (rectangular, full record, Parseval)",2.0000000000002656
P92PX1,0,25000.0,33000.0,0.4299158943368805,1,"none (rectangular, full record, Parseval)",2.0000000000002656
P92PX1,0,33000.0,40000.0,0.20977030812823635,1,"none (rectangular, full record, Parseval)",2.0000000000002656
P92PX1,0,40000.0,60000.0,0.2847617064526598,1,"none (rectangular, full record, Parseval)",2.0000000000002656
P92PX1,1,3000.0,10000.0,1.2275441200275643,1,"none (rectangular, full record, Parseval)",2.0000000000002656
P92PX1,1,10000.0,25000.0,1.239544555628188,1,"none (rectangular, full record, Parseval)",2.0000000000002656
P92PX1,1,25000.0,33000.0,0.4459414217466882,1,"none (rectangular, full record, Parseval)",2.0000000000002656
P92PX1,1,33000.0,40000.0,0.23998783880028265,1,"none (rectangular, full record, Parseval)",2.0000000000002656
P92PX1,1,40000.0,60000.0,0.28496156768093583,1,"none (rectangular, full record, Parseval)",2.0000000000002656
P92PX1,2,3000.0,10000.0,1.470666578791882,1,"none (rectangular, full record, Parseval)",2.0000000000002656
P92PX1,2,10000.0,25000.0,1.246510474745515,1,"none (rectangular, full record, Parseval)",2.0000000000002656
P92PX1,2,25000.0,33000.0,0.5807069447933642,1,"none (rectangular, full record, Parseval)",2.0000000000002656
P92PX1,2,33000.0,40000.0,0.2938629640007516,1,"none (rectangular, full record, Parseval)",2.0000000000002656
P92PX1,2,40000.0,60000.0,0.25338298246575086,1,"none (rectangular, full record, Parseval)",2.0000000000002656
P92PX1,3,3000.0,10000.0,1.0718539888179195,1,"none (rectangular, full record, Parseval)",2.0000000000002656
P92PX1,3,10000.0,25000.0,1.485412961783951,1,"none (rectangular, full record, Parseval)",2.0000000000002656
P92PX1,3,25000.0,33000.0,0.5925369656142229,1,"none (rectangular, full record, Parseval)",2.0000000000002656
P92PX1,3,33000.0,40000.0,0.2207947989809454,1,"none (rectangular, full record, Parseval)",2.0000000000002656
P92PX1,3,40000.0,60000.0,0.26506480370870283,1,"none (rectangular, full record, Parseval)",2.0000000000002656
P92PX1,4,3000.0,10000.0,0.7146590576846429,1,"none (rectangular, full record, Parseval)",2.0000000000002656
P92PX1,4,10000.0,25000.0,0.9779960323177859,1,"none (rectangular, full record, Parseval)",2.0000000000002656
P92PX1,4,25000.0,33000.0,0.41236778984103506,1,"none (rectangular, full record, Parseval)",2.0000000000002656
P92PX1,4,33000.0,40000.0,0.18036617285317955,1,"none (rectangular, full record, Parseval)",2.0000000000002656
P92PX1,4,40000.0,60000.0,0.25465652792104254,1,"none (rectangular, full record, Parseval)",2.0000000000002656
P92PX1,5,3000.0,10000.0,0.4516848050717929,1,"none (rectangular, full record, Parseval)",2.0000000000002656
P92PX1,5,10000.0,25000.0,0.7810811755900356,1,"none (rectangular, full record, Parseval)",2.0000000000002656
P92PX1,5,25000.0,33000.0,0.3707907203395597,1,"none (rectangular, full record, Parseval)",2.0000000000002656
P92PX1,5,33000.0,40000.0,0.17228459729786463,1,"none (rectangular, full record, Parseval)",2.0000000000002656
P92PX1,5,40000.0,60000.0,0.26245630123570585,1,"none (rectangular, full record, Parseval)",2.0000000000002656
P92PX1,6,3000.0,10000.0,0.28371294532481517,1,"none (rectangular, full record, Parseval)",2.0000000000002656
P92PX1,6,10000.0,25000.0,0.5861808807197182,1,"none (rectangular, full record, Parseval)",2.0000000000002656
P92PX1,6,25000.0,33000.0,0.3245255778162936,1,"none (rectangular, full record, Parseval)",2.0000000000002656
P92PX1,6,33000.0,40000.0,0.15687192204191616,1,"none (rectangular, full record, Parseval)",2.0000000000002656
P92PX1,6,40000.0,60000.0,0.26779486846731254,1,"none (rectangular, full record, Parseval)",2.0000000000002656
P92PX1,7,3000.0,10000.0,0.1718995570012209,1,"none (rectangular, full record, Parseval)",2.0000000000002656
P92PX1,7,10000.0,25000.0,0.33685619956800505,1,"none (rectangular, full record, Parseval)",2.0000000000002656
P92PX1,7,25000.0,33000.0,0.22404042586625605,1,"none (rectangular, full record, Parseval)",2.0000000000002656
P92PX1,7,33000.0,40000.0,0.14781169717230244,1,"none (rectangular, full record, Parseval)",2.0000000000002656
P92PX1,7,40000.0,60000.0,0.27700578235901513,1,"none (rectangular, full record, Parseval)",2.0000000000002656
P92PX1,8,3000.0,10000.0,0.12280428161143538,1,"none (rectangular, full record, Parseval)",2.0000000000002656
P92PX1,8,10000.0,25000.0,0.1918514091209027,1,"none (rectangular, full record, Parseval)",2.0000000000002656
P92PX1,8,25000.0,33000.0,0.16230389248840227,1,"none (rectangular, full record, Parseval)",2.0000000000002656
P92PX1,8,33000.0,40000.0,0.13966505749764718,1,"none (rectangular, full record, Parseval)",2.0000000000002656
P92PX1,8,40000.0,60000.0,0.28192737847103067,1,"none (rectangular, full record, Parseval)",2.0000000000002656
P92PX1,9,3000.0,10000.0,0.1050144941191478,1,"none (rectangular, full record, Parseval)",2.0000000000002656
P92PX1,9,10000.0,25000.0,0.1673920029548477,1,"none (rectangular, full record, Parseval)",2.0000000000002656
P92PX1,9,25000.0,33000.0,0.14492550168352372,1,"none (rectangular, full record, Parseval)",2.0000000000002656
P92PX1,9,33000.0,40000.0,0.14368509005397842,1,"none (rectangular, full record, Parseval)",2.0000000000002656
P92PX1,9,40000.0,60000.0,0.2863290748895942,1,"none (rectangular, full record, Parseval)",2.0000000000002656
P92PX1,10,3000.0,10000.0,0.12426999870206017,1,"none (rectangular, full record, Parseval)",2.0000000000002656
P92PX1,10,10000.0,25000.0,0.23804686003289494,1,"none (rectangular, full record, Parseval)",2.0000000000002656
P92PX1,10,25000.0,33000.0,0.1485535383024781,1,"none (rectangular, full record, Parseval)",2.0000000000002656
P92PX1,10,33000.0,40000.0,0.14247590132472132,1,"none (rectangular, full record, Parseval)",2.0000000000002656
P92PX1,10,40000.0,60000.0,0.29200812306950796,1,"none (rectangular, full record, Parseval)",2.0000000000002656
P92PX1,11,3000.0,10000.0,0.12906199479218883,1,"none (rectangular, full record, Parseval)",2.0000000000002656
P92PX1,11,10000.0,25000.0,0.26737259429976035,1,"none (rectangular, full record, Parseval)",2.0000000000002656
P92PX1,11,25000.0,33000.0,0.17017246324917595,1,"none (rectangular, full record, Parseval)",2.0000000000002656
P92PX1,11,33000.0,40000.0,0.14285009979672478,1,"none (rectangular, full record, Parseval)",2.0000000000002656
P92PX1,11,40000.0,60000.0,0.28756145032612074,1,"none (rectangular, full record, Parseval)",2.0000000000002656
P92PX1,12,3000.0,10000.0,0.10413952798725462,1,"none (rectangular, full record, Parseval)",2.0000000000002656
P92PX1,12,10000.0,25000.0,0.18201177302022112,1,"none (rectangular, full record, Parseval)",2.0000000000002656
P92PX1,12,25000.0,33000.0,0.11185142065447654,1,"none (rectangular, full record, Parseval)",2.0000000000002656
P92PX1,12,33000.0,40000.0,0.13810736096838477,1,"none (rectangular, full record, Parseval)",2.0000000000002656
P92PX1,12,40000.0,60000.0,0.2862491766557842,1,"none (rectangular, full record, Parseval)",2.0000000000002656
P92PX1,13,3000.0,10000.0,0.10630187488758058,1,"none (rectangular, full record, Parseval)",2.0000000000002656
P92PX1,13,10000.0,25000.0,0.16595391146753277,1,"none (rectangular, full record, Parseval)",2.0000000000002656
P92PX1,13,25000.0,33000.0,0.09815331511406968,1,"none (rectangular, full record, Parseval)",2.0000000000002656
P92PX1,13,33000.0,40000.0,0.13105421290985755,1,"none (rectangular, full record, Parseval)",2.0000000000002656
P92PX1,13,40000.0,60000.0,0.290456118141175,1,"none (rectangular, full record, Parseval)",2.0000000000002656
P92PX1,14,3000.0,10000.0,0.1117392214187292,1,"none (rectangular, full record, Parseval)",2.0000000000002656
P92PX1,14,10000.0,25000.0,0.10960595559711593,1,"none (rectangular, full record, Parseval)",2.0000000000002656
P92PX1,14,25000.0,33000.0,0.07294713494677717,1,"none (rectangular, full record, Parseval)",2.0000000000002656
P92PX1,14,33000.0,40000.0,0.12846956802136003,1,"none (rectangular, full record, Parseval)",2.0000000000002656
P92PX1,14,40000.0,60000.0,0.2816308475933287,1,"none (rectangular, full record, Parseval)",2.0000000000002656
P92PX1,15,3000.0,10000.0,0.08578485284717571,1,"none (rectangular, full record, Parseval)",2.0000000000002656
P92PX1,15,10000.0,25000.0,0.095322126582339,1,"none (rectangular, full record, Parseval)",2.0000000000002656
P92PX1,15,25000.0,33000.0,0.07433231192109116,1,"none (rectangular, full record, Parseval)",2.0000000000002656
P92PX1,15,33000.0,40000.0,0.12577102452133995,1,"none (rectangular, full record, Parseval)",2.0000000000002656
P92PX1,15,40000.0,60000.0,0.2793664249153867,1,"none (rectangular, full record, Parseval)",2.0000000000002656
P92PX1,16,3000.0,10000.0,0.08166789234469951,1,"none (rectangular, full record, Parseval)",2.0000000000002656
P92PX1,16,10000.0,25000.0,0.09827066135082102,1,"none (rectangular, full record, Parseval)",2.0000000000002656
P92PX1,16,25000.0,33000.0,0.08174617837452836,1,"none (rectangular, full record, Parseval)",2.0000000000002656
P92PX1,16,33000.0,40000.0,0.13189048597504865,1,"none (rectangular, full record, Parseval)",2.0000000000002656
P92PX1,16,40000.0,60000.0,0.28576771183434974,1,"none (rectangular, full record, Parseval)",2.0000000000002656
P92PX1,17,3000.0,10000.0,0.11724444194568263,1,"none (rectangular, full record, Parseval)",2.0000000000002656
P92PX1,17,10000.0,25000.0,0.1417046635702558,1,"none (rectangular, full record, Parseval)",2.0000000000002656
P92PX1,17,25000.0,33000.0,0.07704238267111248,1,"none (rectangular, full record, Parseval)",2.0000000000002656
P92PX1,17,33000.0,40000.0,0.12224750110634595,1,"none (rectangular, full record, Parseval)",2.0000000000002656
P92PX1,17,40000.0,60000.0,0.27410517976345694,1,"none (rectangular, full record, Parseval)",2.0000000000002656
P92PX1,18,3000.0,10000.0,0.11136485498546914,1,"none (rectangular, full record, Parseval)",2.0000000000002656
P92PX1,18,10000.0,25000.0,0.14683741145349755,1,"none (rectangular, full record, Parseval)",2.0000000000002656
P92PX1,18,25000.0,33000.0,0.1026378286042961,1,"none (rectangular, full record, Parseval)",2.0000000000002656
P92PX1,18,33000.0,40000.0,0.136651978479061,1,"none (rectangular, full record, Parseval)",2.0000000000002656
P92PX1,18,40000.0,60000.0,0.2802030371746291,1,"none (rectangular, full record, Parseval)",2.0000000000002656
P92PX1,19,3000.0,10000.0,0.0837247777751857,1,"none (rectangular, full record, Parseval)",2.0000000000002656
P92PX1,19,10000.0,25000.0,0.0966720294846713,1,"none (rectangular, full record, Parseval)",2.0000000000002656
P92PX1,19,25000.0,33000.0,0.09287290021983718,1,"none (rectangular, full record, Parseval)",2.0000000000002656
P92PX1,19,33000.0,40000.0,0.1308363220543342,1,"none (rectangular, full record, Parseval)",2.0000000000002656
P92PX1,19,40000.0,60000.0,0.28355775817707685,1,"none (rectangular, full record, Parseval)",2.0000000000002656
P92PX1,20,3000.0,10000.0,0.08461023198262707,1,"none (rectangular, full record, Parseval)",2.0000000000002656
P92PX1,20,10000.0,25000.0,0.11392163332420638,1,"none (rectangular, full record, Parseval)",2.0000000000002656
P92PX1,20,25000.0,33000.0,0.08924340809831004,1,"none (rectangular, full record, Parseval)",2.0000000000002656
P92PX1,20,33000.0,40000.0,0.13161296475319476,1,"none (rectangular, full record, Parseval)",2.0000000000002656
P92PX1,20,40000.0,60000.0,0.28176590758735476,1,"none (rectangular, full record, Parseval)",2.0000000000002656
P92PX1B,0,3000.0,10000.0,1.1228182666082132,1,"none (rectangular, full record, Parseval)",2.0000000000002656
P92PX1B,0,10000.0,25000.0,1.1682447267733274,1,"none (rectangular, full record, Parseval)",2.0000000000002656
P92PX1B,0,25000.0,33000.0,0.5441256007452175,1,"none (rectangular, full record, Parseval)",2.0000000000002656
P92PX1B,0,33000.0,40000.0,0.23904429759187307,1,"none (rectangular, full record, Parseval)",2.0000000000002656
P92PX1B,0,40000.0,60000.0,0.2925184994041702,1,"none (rectangular, full record, Parseval)",2.0000000000002656
P92PX1B,1,3000.0,10000.0,0.8677591681515562,1,"none (rectangular, full record, Parseval)",2.0000000000002656
P92PX1B,1,10000.0,25000.0,1.3167023423920616,1,"none (rectangular, full record, Parseval)",2.0000000000002656
P92PX1B,1,25000.0,33000.0,0.7233436164542032,1,"none (rectangular, full record, Parseval)",2.0000000000002656
P92PX1B,1,33000.0,40000.0,0.33572103711778656,1,"none (rectangular, full record, Parseval)",2.0000000000002656
P92PX1B,1,40000.0,60000.0,0.3073845614378507,1,"none (rectangular, full record, Parseval)",2.0000000000002656
P92PX1B,2,3000.0,10000.0,0.6527462036929034,1,"none (rectangular, full record, Parseval)",2.0000000000002656
P92PX1B,2,10000.0,25000.0,1.0391163757997781,1,"none (rectangular, full record, Parseval)",2.0000000000002656
P92PX1B,2,25000.0,33000.0,0.5590902810306679,1,"none (rectangular, full record, Parseval)",2.0000000000002656
P92PX1B,2,33000.0,40000.0,0.2957273118972768,1,"none (rectangular, full record, Parseval)",2.0000000000002656
P92PX1B,2,40000.0,60000.0,0.4502324270815564,1,"none (rectangular, full record, Parseval)",2.0000000000002656
P92PX1B,3,3000.0,10000.0,0.42238230181040687,1,"none (rectangular, full record, Parseval)",2.0000000000002656
P92PX1B,3,10000.0,25000.0,0.7313351074660923,1,"none (rectangular, full record, Parseval)",2.0000000000002656
P92PX1B,3,25000.0,33000.0,0.45115117640627383,1,"none (rectangular, full record, Parseval)",2.0000000000002656
P92PX1B,3,33000.0,40000.0,0.22492199434156832,1,"none (rectangular, full record, Parseval)",2.0000000000002656
P92PX1B,3,40000.0,60000.0,0.4090455164045529,1,"none (rectangular, full record, Parseval)",2.0000000000002656
P92PX1B,4,3000.0,10000.0,0.29291532119150715,1,"none (rectangular, full record, Parseval)",2.0000000000002656
P92PX1B,4,10000.0,25000.0,0.5173882915348622,1,"none (rectangular, full record, Parseval)",2.0000000000002656
P92PX1B,4,25000.0,33000.0,0.3390531574240128,1,"none (rectangular, full record, Parseval)",2.0000000000002656
P92PX1B,4,33000.0,40000.0,0.18233912680127523,1,"none (rectangular, full record, Parseval)",2.0000000000002656
P92PX1B,4,40000.0,60000.0,0.3361709861037409,1,"none (rectangular, full record, Parseval)",2.0000000000002656
P92PX1B,5,3000.0,10000.0,0.18500577927350964,1,"none (rectangular, full record, Parseval)",2.0000000000002656
P92PX1B,5,10000.0,25000.0,0.26404361070581067,1,"none (rectangular, full record, Parseval)",2.0000000000002656
P92PX1B,5,25000.0,33000.0,0.2180114164171184,1,"none (rectangular, full record, Parseval)",2.0000000000002656
P92PX1B,5,33000.0,40000.0,0.13760254660093718,1,"none (rectangular, full record, Parseval)",2.0000000000002656
P92PX1B,5,40000.0,60000.0,0.2844267890565977,1,"none (rectangular, full record, Parseval)",2.0000000000002656
P92PX1B,6,3000.0,10000.0,0.15349189940844463,1,"none (rectangular, full record, Parseval)",2.0000000000002656
P92PX1B,6,10000.0,25000.0,0.19388364747043269,1,"none (rectangular, full record, Parseval)",2.0000000000002656
P92PX1B,6,25000.0,33000.0,0.1619529263108214,1,"none (rectangular, full record, Parseval)",2.0000000000002656
P92PX1B,6,33000.0,40000.0,0.11707510171208628,1,"none (rectangular, full record, Parseval)",2.0000000000002656
P92PX1B,6,40000.0,60000.0,0.2268206270674272,1,"none (rectangular, full record, Parseval)",2.0000000000002656
P92PX1B,7,3000.0,10000.0,0.12994574785458143,1,"none (rectangular, full record, Parseval)",2.0000000000002656
P92PX1B,7,10000.0,25000.0,0.126141550821611,1,"none (rectangular, full record, Parseval)",2.0000000000002656
P92PX1B,7,25000.0,33000.0,0.11946685861159297,1,"none (rectangular, full record, Parseval)",2.0000000000002656
P92PX1B,7,33000.0,40000.0,0.09538179079797823,1,"none (rectangular, full record, Parseval)",2.0000000000002656
P92PX1B,7,40000.0,60000.0,0.20257335620783357,1,"none (rectangular, full record, Parseval)",2.0000000000002656
P92PX1B,8,3000.0,10000.0,0.12437727061658953,1,"none (rectangular, full record, Parseval)",2.0000000000002656
P92PX1B,8,10000.0,25000.0,0.14959147835102768,1,"none (rectangular, full record, Parseval)",2.0000000000002656
P92PX1B,8,25000.0,33000.0,0.09897519117111137,1,"none (rectangular, full record, Parseval)",2.0000000000002656
P92PX1B,8,33000.0,40000.0,0.08198369045834586,1,"none (rectangular, full record, Parseval)",2.0000000000002656
P92PX1B,8,40000.0,60000.0,0.19833525522954487,1,"none (rectangular, full record, Parseval)",2.0000000000002656
P92PX1B,9,3000.0,10000.0,0.11709560332457934,1,"none (rectangular, full record, Parseval)",2.0000000000002656
P92PX1B,9,10000.0,25000.0,0.11988955357567443,1,"none (rectangular, full record, Parseval)",2.0000000000002656
P92PX1B,9,25000.0,33000.0,0.07404047601751268,1,"none (rectangular, full record, Parseval)",2.0000000000002656
P92PX1B,9,33000.0,40000.0,0.06660427173715296,1,"none (rectangular, full record, Parseval)",2.0000000000002656
P92PX1B,9,40000.0,60000.0,0.19390133832836426,1,"none (rectangular, full record, Parseval)",2.0000000000002656
P92PX1B,10,3000.0,10000.0,0.09804786592506345,1,"none (rectangular, full record, Parseval)",2.0000000000002656
P92PX1B,10,10000.0,25000.0,0.09652922625663628,1,"none (rectangular, full record, Parseval)",2.0000000000002656
P92PX1B,10,25000.0,33000.0,0.05662908210388793,1,"none (rectangular, full record, Parseval)",2.0000000000002656
P92PX1B,10,33000.0,40000.0,0.05759130624912923,1,"none (rectangular, full record, Parseval)",2.0000000000002656
P92PX1B,10,40000.0,60000.0,0.18301267490005158,1,"none (rectangular, full record, Parseval)",2.0000000000002656
P92PX1B,11,3000.0,10000.0,0.08967797862106254,1,"none (rectangular, full record, Parseval)",2.0000000000002656
P92PX1B,11,10000.0,25000.0,0.09862642911767035,1,"none (rectangular, full record, Parseval)",2.0000000000002656
P92PX1B,11,25000.0,33000.0,0.058241834338142326,1,"none (rectangular, full record, Parseval)",2.0000000000002656
P92PX1B,11,33000.0,40000.0,0.05117035516198283,1,"none (rectangular, full record, Parseval)",2.0000000000002656
P92PX1B,11,40000.0,60000.0,0.1800657166765945,1,"none (rectangular, full record, Parseval)",2.0000000000002656
P92PX1B,12,3000.0,10000.0,0.10526839131480788,1,"none (rectangular, full record, Parseval)",2.0000000000002656
P92PX1B,12,10000.0,25000.0,0.14305161493106208,1,"none (rectangular, full record, Parseval)",2.0000000000002656
P92PX1B,12,25000.0,33000.0,0.07335022471332169,1,"none (rectangular, full record, Parseval)",2.0000000000002656
P92PX1B,12,33000.0,40000.0,0.05774440239504789,1,"none (rectangular, full record, Parseval)",2.0000000000002656
P92PX1B,12,40000.0,60000.0,0.1893882273562717,1,"none (rectangular, full record, Parseval)",2.0000000000002656
P92PX1B,13,3000.0,10000.0,0.0880791872140334,1,"none (rectangular, full record, Parseval)",2.0000000000002656
P92PX1B,13,10000.0,25000.0,0.10413998207476932,1,"none (rectangular, full record, Parseval)",2.0000000000002656
P92PX1B,13,25000.0,33000.0,0.05540404975670229,1,"none (rectangular, full record, Parseval)",2.0000000000002656
P92PX1B,13,33000.0,40000.0,0.05487379086839123,1,"none (rectangular, full record, Parseval)",2.0000000000002656
P92PX1B,13,40000.0,60000.0,0.19331935439631406,1,"none (rectangular, full record, Parseval)",2.0000000000002656
P92PX1B,14,3000.0,10000.0,0.10126460489935993,1,"none (rectangular, full record, Parseval)",2.0000000000002656
P92PX1B,14,10000.0,25000.0,0.09690707679432438,1,"none (rectangular, full record, Parseval)",2.0000000000002656
P92PX1B,14,25000.0,33000.0,0.061030298512481776,1,"none (rectangular, full record, Parseval)",2.0000000000002656
P92PX1B,14,33000.0,40000.0,0.05126368721394261,1,"none (rectangular, full record, Parseval)",2.0000000000002656
P92PX1B,14,40000.0,60000.0,0.18957864065115307,1,"none (rectangular, full record, Parseval)",2.0000000000002656
P92PX1B,15,3000.0,10000.0,0.11183522762445532,1,"none (rectangular, full record, Parseval)",2.0000000000002656
P92PX1B,15,10000.0,25000.0,0.13303603941138703,1,"none (rectangular, full record, Parseval)",2.0000000000002656
P92PX1B,15,25000.0,33000.0,0.06821071518827693,1,"none (rectangular, full record, Parseval)",2.0000000000002656
P92PX1B,15,33000.0,40000.0,0.0571929516203199,1,"none (rectangular, full record, Parseval)",2.0000000000002656
P92PX1B,15,40000.0,60000.0,0.19883353908185059,1,"none (rectangular, full record, Parseval)",2.0000000000002656
P92PX1B,16,3000.0,10000.0,0.0901563407150862,1,"none (rectangular, full record, Parseval)",2.0000000000002656
P92PX1B,16,10000.0,25000.0,0.11211168741893589,1,"none (rectangular, full record, Parseval)",2.0000000000002656
P92PX1B,16,25000.0,33000.0,0.0711547469663013,1,"none (rectangular, full record, Parseval)",2.0000000000002656
P92PX1B,16,33000.0,40000.0,0.05525666151257326,1,"none (rectangular, full record, Parseval)",2.0000000000002656
P92PX1B,16,40000.0,60000.0,0.2050936677868039,1,"none (rectangular, full record, Parseval)",2.0000000000002656
P92PX1B,17,3000.0,10000.0,0.09186032458563771,1,"none (rectangular, full record, Parseval)",2.0000000000002656
P92PX1B,17,10000.0,25000.0,0.09958361789053648,1,"none (rectangular, full record, Parseval)",2.0000000000002656
P92PX1B,17,25000.0,33000.0,0.06222950105724821,1,"none (rectangular, full record, Parseval)",2.0000000000002656
P92PX1B,17,33000.0,40000.0,0.054445334732782354,1,"none (rectangular, full record, Parseval)",2.0000000000002656
P92PX1B,17,40000.0,60000.0,0.2141863939956173,1,"none (rectangular, full record, Parseval)",2.0000000000002656
P92PX1B,18,3000.0,10000.0,0.11497174849589804,1,"none (rectangular, full record, Parseval)",2.0000000000002656
P92PX1B,18,10000.0,25000.0,0.2113986814955921,1,"none (rectangular, full record, Parseval)",2.0000000000002656
P92PX1B,18,25000.0,33000.0,0.11880650279920237,1,"none (rectangular, full record, Parseval)",2.0000000000002656
P92PX1B,18,33000.0,40000.0,0.07448046010595046,1,"none (rectangular, full record, Parseval)",2.0000000000002656
P92PX1B,18,40000.0,60000.0,0.21682794023645907,1,"none (rectangular, full record, Parseval)",2.0000000000002656
P92PX1B,19,3000.0,10000.0,0.0940519275989918,1,"none (rectangular, full record, Parseval)",2.0000000000002656
P92PX1B,19,10000.0,25000.0,0.10614631395309851,1,"none (rectangular, full record, Parseval)",2.0000000000002656
P92PX1B,19,25000.0,33000.0,0.06914782566922958,1,"none (rectangular, full record, Parseval)",2.0000000000002656
P92PX1B,19,33000.0,40000.0,0.06044302244533141,1,"none (rectangular, full record, Parseval)",2.0000000000002656
P92PX1B,19,40000.0,60000.0,0.22349627444292072,1,"none (rectangular, full record, Parseval)",2.0000000000002656
P92PX1B,20,3000.0,10000.0,0.12379939284140976,1,"none (rectangular, full record, Parseval)",2.0000000000002656
P92PX1B,20,10000.0,25000.0,0.14438101667208345,1,"none (rectangular, full record, Parseval)",2.0000000000002656
P92PX1B,20,25000.0,33000.0,0.07031619862639017,1,"none (rectangular, full record, Parseval)",2.0000000000002656
P92PX1B,20,33000.0,40000.0,0.05765898878844633,1,"none (rectangular, full record, Parseval)",2.0000000000002656
P92PX1B,20,40000.0,60000.0,0.23653880638871053,1,"none (rectangular, full record, Parseval)",2.0000000000002656
P92PX1C,0,3000.0,10000.0,1.115860947516049,1,"none (rectangular, full record, Parseval)",2.0000000000002656
P92PX1C,0,10000.0,25000.0,1.1769762357342828,1,"none (rectangular, full record, Parseval)",2.0000000000002656
P92PX1C,0,25000.0,33000.0,0.5480957824575803,1,"none (rectangular, full record, Parseval)",2.0000000000002656
P92PX1C,0,33000.0,40000.0,0.24121055271910566,1,"none (rectangular, full record, Parseval)",2.0000000000002656
P92PX1C,0,40000.0,60000.0,0.2957205341804176,1,"none (rectangular, full record, Parseval)",2.0000000000002656
P92PX1C,1,3000.0,10000.0,0.8453330283715531,1,"none (rectangular, full record, Parseval)",2.0000000000002656
P92PX1C,1,10000.0,25000.0,1.32777750727926,1,"none (rectangular, full record, Parseval)",2.0000000000002656
P92PX1C,1,25000.0,33000.0,0.6841308830483462,1,"none (rectangular, full record, Parseval)",2.0000000000002656
P92PX1C,1,33000.0,40000.0,0.2842549066356623,1,"none (rectangular, full record, Parseval)",2.0000000000002656
P92PX1C,1,40000.0,60000.0,0.2985533589500377,1,"none (rectangular, full record, Parseval)",2.0000000000002656
P92PX1C,2,3000.0,10000.0,0.6595242089280422,1,"none (rectangular, full record, Parseval)",2.0000000000002656
P92PX1C,2,10000.0,25000.0,1.0466199240613343,1,"none (rectangular, full record, Parseval)",2.0000000000002656
P92PX1C,2,25000.0,33000.0,0.5636879176366968,1,"none (rectangular, full record, Parseval)",2.0000000000002656
P92PX1C,2,33000.0,40000.0,0.2603870045946071,1,"none (rectangular, full record, Parseval)",2.0000000000002656
P92PX1C,2,40000.0,60000.0,0.30939658808191395,1,"none (rectangular, full record, Parseval)",2.0000000000002656
P92PX1C,3,3000.0,10000.0,0.3715834558125897,1,"none (rectangular, full record, Parseval)",2.0000000000002656
P92PX1C,3,10000.0,25000.0,0.677871030261525,1,"none (rectangular, full record, Parseval)",2.0000000000002656
P92PX1C,3,25000.0,33000.0,0.4431078264536996,1,"none (rectangular, full record, Parseval)",2.0000000000002656
P92PX1C,3,33000.0,40000.0,0.21506935932483864,1,"none (rectangular, full record, Parseval)",2.0000000000002656
P92PX1C,3,40000.0,60000.0,0.29814536189297697,1,"none (rectangular, full record, Parseval)",2.0000000000002656
P92PX1C,4,3000.0,10000.0,0.23940555155497376,1,"none (rectangular, full record, Parseval)",2.0000000000002656
P92PX1C,4,10000.0,25000.0,0.4789853219483436,1,"none (rectangular, full record, Parseval)",2.0000000000002656
P92PX1C,4,25000.0,33000.0,0.34506569717431995,1,"none (rectangular, full record, Parseval)",2.0000000000002656
P92PX1C,4,33000.0,40000.0,0.19304720206303289,1,"none (rectangular, full record, Parseval)",2.0000000000002656
P92PX1C,4,40000.0,60000.0,0.2979833719339608,1,"none (rectangular, full record, Parseval)",2.0000000000002656
P92PX1C,5,3000.0,10000.0,0.15829346670863287,1,"none (rectangular, full record, Parseval)",2.0000000000002656
P92PX1C,5,10000.0,25000.0,0.2617252662772223,1,"none (rectangular, full record, Parseval)",2.0000000000002656
P92PX1C,5,25000.0,33000.0,0.23040234185616246,1,"none (rectangular, full record, Parseval)",2.0000000000002656
P92PX1C,5,33000.0,40000.0,0.16532255435694912,1,"none (rectangular, full record, Parseval)",2.0000000000002656
P92PX1C,5,40000.0,60000.0,0.3067541099177082,1,"none (rectangular, full record, Parseval)",2.0000000000002656
P92PX1C,6,3000.0,10000.0,0.11859484377177888,1,"none (rectangular, full record, Parseval)",2.0000000000002656
P92PX1C,6,10000.0,25000.0,0.20177821025581288,1,"none (rectangular, full record, Parseval)",2.0000000000002656
P92PX1C,6,25000.0,33000.0,0.18212181563177038,1,"none (rectangular, full record, Parseval)",2.0000000000002656
P92PX1C,6,33000.0,40000.0,0.1540354165973177,1,"none (rectangular, full record, Parseval)",2.0000000000002656
P92PX1C,6,40000.0,60000.0,0.29807203675755095,1,"none (rectangular, full record, Parseval)",2.0000000000002656
P92PX1C,7,3000.0,10000.0,0.10870583551640109,1,"none (rectangular, full record, Parseval)",2.0000000000002656
P92PX1C,7,10000.0,25000.0,0.1939218024196919,1,"none (rectangular, full record, Parseval)",2.0000000000002656
P92PX1C,7,25000.0,33000.0,0.14958923723704765,1,"none (rectangular, full record, Parseval)",2.0000000000002656
P92PX1C,7,33000.0,40000.0,0.15610229698173994,1,"none (rectangular, full record, Parseval)",2.0000000000002656
P92PX1C,7,40000.0,60000.0,0.3054309053579417,1,"none (rectangular, full record, Parseval)",2.0000000000002656
P92PX1C,8,3000.0,10000.0,0.0879179166333418,1,"none (rectangular, full record, Parseval)",2.0000000000002656
P92PX1C,8,10000.0,25000.0,0.14379360705966981,1,"none (rectangular, full record, Parseval)",2.0000000000002656
P92PX1C,8,25000.0,33000.0,0.0972180506348994,1,"none (rectangular, full record, Parseval)",2.0000000000002656
P92PX1C,8,33000.0,40000.0,0.1393289213557762,1,"none (rectangular, full record, Parseval)",2.0000000000002656
P92PX1C,8,40000.0,60000.0,0.3045517146054863,1,"none (rectangular, full record, Parseval)",2.0000000000002656
P92PX1C,9,3000.0,10000.0,0.10067876001096183,1,"none (rectangular, full record, Parseval)",2.0000000000002656
P92PX1C,9,10000.0,25000.0,0.1187224808021532,1,"none (rectangular, full record, Parseval)",2.0000000000002656
P92PX1C,9,25000.0,33000.0,0.08542329699455702,1,"none (rectangular, full record, Parseval)",2.0000000000002656
P92PX1C,9,33000.0,40000.0,0.13829268543267012,1,"none (rectangular, full record, Parseval)",2.0000000000002656
P92PX1C,9,40000.0,60000.0,0.30783981910398855,1,"none (rectangular, full record, Parseval)",2.0000000000002656
P92PX1C,10,3000.0,10000.0,0.0986198252141354,1,"none (rectangular, full record, Parseval)",2.0000000000002656
P92PX1C,10,10000.0,25000.0,0.11451110836261202,1,"none (rectangular, full record, Parseval)",2.0000000000002656
P92PX1C,10,25000.0,33000.0,0.07575689351161922,1,"none (rectangular, full record, Parseval)",2.0000000000002656
P92PX1C,10,33000.0,40000.0,0.13305641303494326,1,"none (rectangular, full record, Parseval)",2.0000000000002656
P92PX1C,10,40000.0,60000.0,0.2995454413894482,1,"none (rectangular, full record, Parseval)",2.0000000000002656
P92PX1C,11,3000.0,10000.0,0.09953164673445852,1,"none (rectangular, full record, Parseval)",2.0000000000002656
P92PX1C,11,10000.0,25000.0,0.1873268661372892,1,"none (rectangular, full record, Parseval)",2.0000000000002656
P92PX1C,11,25000.0,33000.0,0.10564293449752199,1,"none (rectangular, full record, Parseval)",2.0000000000002656
P92PX1C,11,33000.0,40000.0,0.12815807085679903,1,"none (rectangular, full record, Parseval)",2.0000000000002656
P92PX1C,11,40000.0,60000.0,0.2927488601966439,1,"none (rectangular, full record, Parseval)",2.0000000000002656
P92PX1C,12,3000.0,10000.0,0.08385643954641715,1,"none (rectangular, full record, Parseval)",2.0000000000002656
P92PX1C,12,10000.0,25000.0,0.13692276566557482,1,"none (rectangular, full record, Parseval)",2.0000000000002656
P92PX1C,12,25000.0,33000.0,0.07732637006479137,1,"none (rectangular, full record, Parseval)",2.0000000000002656
P92PX1C,12,33000.0,40000.0,0.13344571680188413,1,"none (rectangular, full record, Parseval)",2.0000000000002656
P92PX1C,12,40000.0,60000.0,0.2913987283883606,1,"none (rectangular, full record, Parseval)",2.0000000000002656
P92PX1C,13,3000.0,10000.0,0.11368521089419698,1,"none (rectangular, full record, Parseval)",2.0000000000002656
P92PX1C,13,10000.0,25000.0,0.303647706992003,1,"none (rectangular, full record, Parseval)",2.0000000000002656
P92PX1C,13,25000.0,33000.0,0.1466397310969694,1,"none (rectangular, full record, Parseval)",2.0000000000002656
P92PX1C,13,33000.0,40000.0,0.13479079443903108,1,"none (rectangular, full record, Parseval)",2.0000000000002656
P92PX1C,13,40000.0,60000.0,0.3019527494166826,1,"none (rectangular, full record, Parseval)",2.0000000000002656
P92PX1C,14,3000.0,10000.0,0.10591707927250728,1,"none (rectangular, full record, Parseval)",2.0000000000002656
P92PX1C,14,10000.0,25000.0,0.18975612966711822,1,"none (rectangular, full record, Parseval)",2.0000000000002656
P92PX1C,14,25000.0,33000.0,0.0944649006020194,1,"none (rectangular, full record, Parseval)",2.0000000000002656
P92PX1C,14,33000.0,40000.0,0.13280736477093139,1,"none (rectangular, full record, Parseval)",2.0000000000002656
P92PX1C,14,40000.0,60000.0,0.2837676483845384,1,"none (rectangular, full record, Parseval)",2.0000000000002656
P92PX1C,15,3000.0,10000.0,0.09621242644296757,1,"none (rectangular, full record, Parseval)",2.0000000000002656
P92PX1C,15,10000.0,25000.0,0.12805378622620966,1,"none (rectangular, full record, Parseval)",2.0000000000002656
P92PX1C,15,25000.0,33000.0,0.08401750335090089,1,"none (rectangular, full record, Parseval)",2.0000000000002656
P92PX1C,15,33000.0,40000.0,0.1320527561539353,1,"none (rectangular, full record, Parseval)",2.0000000000002656
P92PX1C,15,40000.0,60000.0,0.29292012724092714,1,"none (rectangular, full record, Parseval)",2.0000000000002656
P92PX1C,16,3000.0,10000.0,0.08746407918027767,1,"none (rectangular, full record, Parseval)",2.0000000000002656
P92PX1C,16,10000.0,25000.0,0.11112300394168893,1,"none (rectangular, full record, Parseval)",2.0000000000002656
P92PX1C,16,25000.0,33000.0,0.08324014143646839,1,"none (rectangular, full record, Parseval)",2.0000000000002656
P92PX1C,16,33000.0,40000.0,0.13223898090360128,1,"none (rectangular, full record, Parseval)",2.0000000000002656
P92PX1C,16,40000.0,60000.0,0.29537037889047163,1,"none (rectangular, full record, Parseval)",2.0000000000002656
P92PX1C,17,3000.0,10000.0,0.08650350399053428,1,"none (rectangular, full record, Parseval)",2.0000000000002656
P92PX1C,17,10000.0,25000.0,0.19503452585931455,1,"none (rectangular, full record, Parseval)",2.0000000000002656
P92PX1C,17,25000.0,33000.0,0.09960432573489297,1,"none (rectangular, full record, Parseval)",2.0000000000002656
P92PX1C,17,33000.0,40000.0,0.13527259767535016,1,"none (rectangular, full record, Parseval)",2.0000000000002656
P92PX1C,17,40000.0,60000.0,0.29679622852357174,1,"none (rectangular, full record, Parseval)",2.0000000000002656
P92PX1C,18,3000.0,10000.0,0.09667221719616491,1,"none (rectangular, full record, Parseval)",2.0000000000002656
P92PX1C,18,10000.0,25000.0,0.11940302378527325,1,"none (rectangular, full record, Parseval)",2.0000000000002656
P92PX1C,18,25000.0,33000.0,0.08380862916024262,1,"none (rectangular, full record, Parseval)",2.0000000000002656
P92PX1C,18,33000.0,40000.0,0.1316125407472984,1,"none (rectangular, full record, Parseval)",2.0000000000002656
P92PX1C,18,40000.0,60000.0,0.29025472037549965,1,"none (rectangular, full record, Parseval)",2.0000000000002656
P92PX1C,19,3000.0,10000.0,0.10101716520177297,1,"none (rectangular, full record, Parseval)",2.0000000000002656
P92PX1C,19,10000.0,25000.0,0.13216399846214041,1,"none (rectangular, full record, Parseval)",2.0000000000002656
P92PX1C,19,25000.0,33000.0,0.09119651706983445,1,"none (rectangular, full record, Parseval)",2.0000000000002656
P92PX1C,19,33000.0,40000.0,0.12788881997153112,1,"none (rectangular, full record, Parseval)",2.0000000000002656
P92PX1C,19,40000.0,60000.0,0.2883818050235925,1,"none (rectangular, full record, Parseval)",2.0000000000002656
P92PX1C,20,3000.0,10000.0,0.08903212435624182,1,"none (rectangular, full record, Parseval)",2.0000000000002656
P92PX1C,20,10000.0,25000.0,0.12065105421745632,1,"none (rectangular, full record, Parseval)",2.0000000000002656
P92PX1C,20,25000.0,33000.0,0.06949294275538331,1,"none (rectangular, full record, Parseval)",2.0000000000002656
P92PX1C,20,33000.0,40000.0,0.12116753186424413,1,"none (rectangular, full record, Parseval)",2.0000000000002656
P92PX1C,20,40000.0,60000.0,0.28247058519581364,1,"none (rectangular, full record, Parseval)",2.0000000000002656
P92PX1D,0,3000.0,10000.0,1.0282875288514388,1,"none (rectangular, full record, Parseval)",2.0000000000002656
P92PX1D,0,10000.0,25000.0,0.4616496941642838,1,"none (rectangular, full record, Parseval)",2.0000000000002656
P92PX1D,0,25000.0,33000.0,0.1573810434667374,1,"none (rectangular, full record, Parseval)",2.0000000000002656
P92PX1D,0,33000.0,40000.0,0.08214211960304675,1,"none (rectangular, full record, Parseval)",2.0000000000002656
P92PX1D,0,40000.0,60000.0,0.1153377175618734,1,"none (rectangular, full record, Parseval)",2.0000000000002656
P92PX1D,1,3000.0,10000.0,0.7056759401374464,1,"none (rectangular, full record, Parseval)",2.0000000000002656
P92PX1D,1,10000.0,25000.0,0.5255413567554424,1,"none (rectangular, full record, Parseval)",2.0000000000002656
P92PX1D,1,25000.0,33000.0,0.196322011040164,1,"none (rectangular, full record, Parseval)",2.0000000000002656
P92PX1D,1,33000.0,40000.0,0.09278298144690915,1,"none (rectangular, full record, Parseval)",2.0000000000002656
P92PX1D,1,40000.0,60000.0,0.10648314993650486,1,"none (rectangular, full record, Parseval)",2.0000000000002656
P92PX1D,2,3000.0,10000.0,0.509075325809871,1,"none (rectangular, full record, Parseval)",2.0000000000002656
P92PX1D,2,10000.0,25000.0,0.3664579073089879,1,"none (rectangular, full record, Parseval)",2.0000000000002656
P92PX1D,2,25000.0,33000.0,0.13444909702051294,1,"none (rectangular, full record, Parseval)",2.0000000000002656
P92PX1D,2,33000.0,40000.0,0.07982747833775825,1,"none (rectangular, full record, Parseval)",2.0000000000002656
P92PX1D,2,40000.0,60000.0,0.10812324405920204,1,"none (rectangular, full record, Parseval)",2.0000000000002656
P92PX1D,3,3000.0,10000.0,0.3195421029042627,1,"none (rectangular, full record, Parseval)",2.0000000000002656
P92PX1D,3,10000.0,25000.0,0.2494023571505347,1,"none (rectangular, full record, Parseval)",2.0000000000002656
P92PX1D,3,25000.0,33000.0,0.10133691445456568,1,"none (rectangular, full record, Parseval)",2.0000000000002656
P92PX1D,3,33000.0,40000.0,0.060015263763722154,1,"none (rectangular, full record, Parseval)",2.0000000000002656
P92PX1D,3,40000.0,60000.0,0.09904750144352319,1,"none (rectangular, full record, Parseval)",2.0000000000002656
P92PX1D,4,3000.0,10000.0,0.19951947114136775,1,"none (rectangular, full record, Parseval)",2.0000000000002656
P92PX1D,4,10000.0,25000.0,0.1858054092244282,1,"none (rectangular, full record, Parseval)",2.0000000000002656
P92PX1D,4,25000.0,33000.0,0.07113217948794145,1,"none (rectangular, full record, Parseval)",2.0000000000002656
P92PX1D,4,33000.0,40000.0,0.05359318459890682,1,"none (rectangular, full record, Parseval)",2.0000000000002656
P92PX1D,4,40000.0,60000.0,0.0982005680520616,1,"none (rectangular, full record, Parseval)",2.0000000000002656
P92PX1D,5,3000.0,10000.0,0.12463860714140992,1,"none (rectangular, full record, Parseval)",2.0000000000002656
P92PX1D,5,10000.0,25000.0,0.11726677121955585,1,"none (rectangular, full record, Parseval)",2.0000000000002656
P92PX1D,5,25000.0,33000.0,0.04801163439076319,1,"none (rectangular, full record, Parseval)",2.0000000000002656
P92PX1D,5,33000.0,40000.0,0.04716836582006195,1,"none (rectangular, full record, Parseval)",2.0000000000002656
P92PX1D,5,40000.0,60000.0,0.09655503300483696,1,"none (rectangular, full record, Parseval)",2.0000000000002656
P92PX1D,6,3000.0,10000.0,0.10644323219028617,1,"none (rectangular, full record, Parseval)",2.0000000000002656
P92PX1D,6,10000.0,25000.0,0.11249065066568967,1,"none (rectangular, full record, Parseval)",2.0000000000002656
P92PX1D,6,25000.0,33000.0,0.05016846241343992,1,"none (rectangular, full record, Parseval)",2.0000000000002656
P92PX1D,6,33000.0,40000.0,0.041020760089815304,1,"none (rectangular, full record, Parseval)",2.0000000000002656
P92PX1D,6,40000.0,60000.0,0.08998212379095107,1,"none (rectangular, full record, Parseval)",2.0000000000002656
P92PX1D,7,3000.0,10000.0,0.09440266593142722,1,"none (rectangular, full record, Parseval)",2.0000000000002656
P92PX1D,7,10000.0,25000.0,0.10555122252906422,1,"none (rectangular, full record, Parseval)",2.0000000000002656
P92PX1D,7,25000.0,33000.0,0.051282824300565,1,"none (rectangular, full record, Parseval)",2.0000000000002656
P92PX1D,7,33000.0,40000.0,0.04118261033557085,1,"none (rectangular, full record, Parseval)",2.0000000000002656
P92PX1D,7,40000.0,60000.0,0.09695358950024138,1,"none (rectangular, full record, Parseval)",2.0000000000002656
P92PX1D,8,3000.0,10000.0,0.08681442247752921,1,"none (rectangular, full record, Parseval)",2.0000000000002656
P92PX1D,8,10000.0,25000.0,0.0776946075718705,1,"none (rectangular, full record, Parseval)",2.0000000000002656
P92PX1D,8,25000.0,33000.0,0.042404114151775085,1,"none (rectangular, full record, Parseval)",2.0000000000002656
P92PX1D,8,33000.0,40000.0,0.04333244185484268,1,"none (rectangular, full record, Parseval)",2.0000000000002656
P92PX1D,8,40000.0,60000.0,0.08861212898752326,1,"none (rectangular, full record, Parseval)",2.0000000000002656
P92PX1D,9,3000.0,10000.0,0.07477425386144639,1,"none (rectangular, full record, Parseval)",2.0000000000002656
P92PX1D,9,10000.0,25000.0,0.08272665142366538,1,"none (rectangular, full record, Parseval)",2.0000000000002656
P92PX1D,9,25000.0,33000.0,0.04433369272040323,1,"none (rectangular, full record, Parseval)",2.0000000000002656
P92PX1D,9,33000.0,40000.0,0.04509353724953245,1,"none (rectangular, full record, Parseval)",2.0000000000002656
P92PX1D,9,40000.0,60000.0,0.09647955702773225,1,"none (rectangular, full record, Parseval)",2.0000000000002656
P92PX1D,10,3000.0,10000.0,0.11311755979469194,1,"none (rectangular, full record, Parseval)",2.0000000000002656
P92PX1D,10,10000.0,25000.0,0.15272111811379557,1,"none (rectangular, full record, Parseval)",2.0000000000002656
P92PX1D,10,25000.0,33000.0,0.04961239847515778,1,"none (rectangular, full record, Parseval)",2.0000000000002656
P92PX1D,10,33000.0,40000.0,0.045595441085017195,1,"none (rectangular, full record, Parseval)",2.0000000000002656
P92PX1D,10,40000.0,60000.0,0.09504507826793611,1,"none (rectangular, full record, Parseval)",2.0000000000002656
P92PX1D,11,3000.0,10000.0,0.08772870454880614,1,"none (rectangular, full record, Parseval)",2.0000000000002656
P92PX1D,11,10000.0,25000.0,0.0881405745015633,1,"none (rectangular, full record, Parseval)",2.0000000000002656
P92PX1D,11,25000.0,33000.0,0.04329555064376595,1,"none (rectangular, full record, Parseval)",2.0000000000002656
P92PX1D,11,33000.0,40000.0,0.04405738431811871,1,"none (rectangular, full record, Parseval)",2.0000000000002656
P92PX1D,11,40000.0,60000.0,0.0900743061006839,1,"none (rectangular, full record, Parseval)",2.0000000000002656
P92PX1D,12,3000.0,10000.0,0.0880251535519,1,"none (rectangular, full record, Parseval)",2.0000000000002656
P92PX1D,12,10000.0,25000.0,0.0792912072041848,1,"none (rectangular, full record, Parseval)",2.0000000000002656
P92PX1D,12,25000.0,33000.0,0.04130542114158531,1,"none (rectangular, full record, Parseval)",2.0000000000002656
P92PX1D,12,33000.0,40000.0,0.03937076831047984,1,"none (rectangular, full record, Parseval)",2.0000000000002656
P92PX1D,12,40000.0,60000.0,0.08700510159181232,1,"none (rectangular, full record, Parseval)",2.0000000000002656
P92PX1D,13,3000.0,10000.0,0.0916465425546906,1,"none (rectangular, full record, Parseval)",2.0000000000002656
P92PX1D,13,10000.0,25000.0,0.08806854962222872,1,"none (rectangular, full record, Parseval)",2.0000000000002656
P92PX1D,13,25000.0,33000.0,0.04793358555105841,1,"none (rectangular, full record, Parseval)",2.0000000000002656
P92PX1D,13,33000.0,40000.0,0.039488621527725525,1,"none (rectangular, full record, Parseval)",2.0000000000002656
P92PX1D,13,40000.0,60000.0,0.09041558755725893,1,"none (rectangular, full record, Parseval)",2.0000000000002656
P92PX1D,14,3000.0,10000.0,0.08713628651776052,1,"none (rectangular, full record, Parseval)",2.0000000000002656
P92PX1D,14,10000.0,25000.0,0.09284932786181234,1,"none (rectangular, full record, Parseval)",2.0000000000002656
P92PX1D,14,25000.0,33000.0,0.04285632293628101,1,"none (rectangular, full record, Parseval)",2.0000000000002656
P92PX1D,14,33000.0,40000.0,0.03968100821956104,1,"none (rectangular, full record, Parseval)",2.0000000000002656
P92PX1D,14,40000.0,60000.0,0.09086211687359208,1,"none (rectangular, full record, Parseval)",2.0000000000002656
P92PX1D,15,3000.0,10000.0,0.10359429251135585,1,"none (rectangular, full record, Parseval)",2.0000000000002656
P92PX1D,15,10000.0,25000.0,0.13108249459460816,1,"none (rectangular, full record, Parseval)",2.0000000000002656
P92PX1D,15,25000.0,33000.0,0.06050336688542004,1,"none (rectangular, full record, Parseval)",2.0000000000002656
P92PX1D,15,33000.0,40000.0,0.04679890423033779,1,"none (rectangular, full record, Parseval)",2.0000000000002656
P92PX1D,15,40000.0,60000.0,0.0919495832775962,1,"none (rectangular, full record, Parseval)",2.0000000000002656
P92PX1D,16,3000.0,10000.0,0.07554506729102771,1,"none (rectangular, full record, Parseval)",2.0000000000002656
P92PX1D,16,10000.0,25000.0,0.09826823279563786,1,"none (rectangular, full record, Parseval)",2.0000000000002656
P92PX1D,16,25000.0,33000.0,0.04548000219823509,1,"none (rectangular, full record, Parseval)",2.0000000000002656
P92PX1D,16,33000.0,40000.0,0.04144771789376671,1,"none (rectangular, full record, Parseval)",2.0000000000002656
P92PX1D,16,40000.0,60000.0,0.08724393925725368,1,"none (rectangular, full record, Parseval)",2.0000000000002656
P92PX1D,17,3000.0,10000.0,0.07895128530630326,1,"none (rectangular, full record, Parseval)",2.0000000000002656
P92PX1D,17,10000.0,25000.0,0.09916879592845959,1,"none (rectangular, full record, Parseval)",2.0000000000002656
P92PX1D,17,25000.0,33000.0,0.04741562144822352,1,"none (rectangular, full record, Parseval)",2.0000000000002656
P92PX1D,17,33000.0,40000.0,0.04358407982077614,1,"none (rectangular, full record, Parseval)",2.0000000000002656
P92PX1D,17,40000.0,60000.0,0.09515755326295007,1,"none (rectangular, full record, Parseval)",2.0000000000002656
P92PX1D,18,3000.0,10000.0,0.10179130062949847,1,"none (rectangular, full record, Parseval)",2.0000000000002656
P92PX1D,18,10000.0,25000.0,0.0837751882252667,1,"none (rectangular, full record, Parseval)",2.0000000000002656
P92PX1D,18,25000.0,33000.0,0.04026043086075123,1,"none (rectangular, full record, Parseval)",2.0000000000002656
P92PX1D,18,33000.0,40000.0,0.043760985343776974,1,"none (rectangular, full record, Parseval)",2.0000000000002656
P92PX1D,18,40000.0,60000.0,0.08984027797846077,1,"none (rectangular, full record, Parseval)",2.0000000000002656
P92PX1D,19,3000.0,10000.0,0.07888920213852571,1,"none (rectangular, full record, Parseval)",2.0000000000002656
P92PX1D,19,10000.0,25000.0,0.08509493639313202,1,"none (rectangular, full record, Parseval)",2.0000000000002656
P92PX1D,19,25000.0,33000.0,0.04798294092513959,1,"none (rectangular, full record, Parseval)",2.0000000000002656
P92PX1D,19,33000.0,40000.0,0.04405719628027348,1,"none (rectangular, full record, Parseval)",2.0000000000002656
P92PX1D,19,40000.0,60000.0,0.09543414815360368,1,"none (rectangular, full record, Parseval)",2.0000000000002656
P92PX1D,20,3000.0,10000.0,0.0974213979421745,1,"none (rectangular, full record, Parseval)",2.0000000000002656
P92PX1D,20,10000.0,25000.0,0.08647127873943634,1,"none (rectangular, full record, Parseval)",2.0000000000002656
P92PX1D,20,25000.0,33000.0,0.048466541970093535,1,"none (rectangular, full record, Parseval)",2.0000000000002656
P92PX1D,20,33000.0,40000.0,0.04326662011719262,1,"none (rectangular, full record, Parseval)",2.0000000000002656
P92PX1D,20,40000.0,60000.0,0.0911680169847324,1,"none (rectangular, full record, Parseval)",2.0000000000002656
P92PX1E,0,3000.0,10000.0,1.0179237171784214,1,"none (rectangular, full record, Parseval)",2.0000000000002656
P92PX1E,0,10000.0,25000.0,0.4551696405431867,1,"none (rectangular, full record, Parseval)",2.0000000000002656
P92PX1E,0,25000.0,33000.0,0.1385996362972419,1,"none (rectangular, full record, Parseval)",2.0000000000002656
P92PX1E,0,33000.0,40000.0,0.0777171263829615,1,"none (rectangular, full record, Parseval)",2.0000000000002656
P92PX1E,0,40000.0,60000.0,0.11904373427892076,1,"none (rectangular, full record, Parseval)",2.0000000000002656
P92PX1E,1,3000.0,10000.0,0.665679593349274,1,"none (rectangular, full record, Parseval)",2.0000000000002656
P92PX1E,1,10000.0,25000.0,0.43547455614818376,1,"none (rectangular, full record, Parseval)",2.0000000000002656
P92PX1E,1,25000.0,33000.0,0.11927912905238981,1,"none (rectangular, full record, Parseval)",2.0000000000002656
P92PX1E,1,33000.0,40000.0,0.07066845011936593,1,"none (rectangular, full record, Parseval)",2.0000000000002656
P92PX1E,1,40000.0,60000.0,0.1133443730726481,1,"none (rectangular, full record, Parseval)",2.0000000000002656
P92PX1E,2,3000.0,10000.0,0.4768517700375947,1,"none (rectangular, full record, Parseval)",2.0000000000002656
P92PX1E,2,10000.0,25000.0,0.43394172590172697,1,"none (rectangular, full record, Parseval)",2.0000000000002656
P92PX1E,2,25000.0,33000.0,0.12799877784314428,1,"none (rectangular, full record, Parseval)",2.0000000000002656
P92PX1E,2,33000.0,40000.0,0.07010351132219547,1,"none (rectangular, full record, Parseval)",2.0000000000002656
P92PX1E,2,40000.0,60000.0,0.10891165040427105,1,"none (rectangular, full record, Parseval)",2.0000000000002656
P92PX1E,3,3000.0,10000.0,0.325436728025675,1,"none (rectangular, full record, Parseval)",2.0000000000002656
P92PX1E,3,10000.0,25000.0,0.4256994501603715,1,"none (rectangular, full record, Parseval)",2.0000000000002656
P92PX1E,3,25000.0,33000.0,0.12550561377434444,1,"none (rectangular, full record, Parseval)",2.0000000000002656
P92PX1E,3,33000.0,40000.0,0.06713110445068791,1,"none (rectangular, full record, Parseval)",2.0000000000002656
P92PX1E,3,40000.0,60000.0,0.10795384895222314,1,"none (rectangular, full record, Parseval)",2.0000000000002656
P92PX1E,4,3000.0,10000.0,0.2655564147955213,1,"none (rectangular, full record, Parseval)",2.0000000000002656
P92PX1E,4,10000.0,25000.0,0.42159520717657356,1,"none (rectangular, full record, Parseval)",2.0000000000002656
P92PX1E,4,25000.0,33000.0,0.1235422897851532,1,"none (rectangular, full record, Parseval)",2.0000000000002656
P92PX1E,4,33000.0,40000.0,0.07100112892680482,1,"none (rectangular, full record, Parseval)",2.0000000000002656
P92PX1E,4,40000.0,60000.0,0.11088520592195522,1,"none (rectangular, full record, Parseval)",2.0000000000002656
P92PX1E,5,3000.0,10000.0,0.24129872680966485,1,"none (rectangular, full record, Parseval)",2.0000000000002656
P92PX1E,5,10000.0,25000.0,0.4261116115000619,1,"none (rectangular, full record, Parseval)",2.0000000000002656
P92PX1E,5,25000.0,33000.0,0.12425204547421602,1,"none (rectangular, full record, Parseval)",2.0000000000002656
P92PX1E,5,33000.0,40000.0,0.07322865411139158,1,"none (rectangular, full record, Parseval)",2.0000000000002656
P92PX1E,5,40000.0,60000.0,0.10924471447918122,1,"none (rectangular, full record, Parseval)",2.0000000000002656
P92PX1E,6,3000.0,10000.0,0.2422544057161972,1,"none (rectangular, full record, Parseval)",2.0000000000002656
P92PX1E,6,10000.0,25000.0,0.42763037238873425,1,"none (rectangular, full record, Parseval)",2.0000000000002656
P92PX1E,6,25000.0,33000.0,0.1252019769119035,1,"none (rectangular, full record, Parseval)",2.0000000000002656
P92PX1E,6,33000.0,40000.0,0.07659169377730461,1,"none (rectangular, full record, Parseval)",2.0000000000002656
P92PX1E,6,40000.0,60000.0,0.1095427101423967,1,"none (rectangular, full record, Parseval)",2.0000000000002656
P92PX1E,7,3000.0,10000.0,0.21922302047726838,1,"none (rectangular, full record, Parseval)",2.0000000000002656
P92PX1E,7,10000.0,25000.0,0.42634830109488875,1,"none (rectangular, full record, Parseval)",2.0000000000002656
P92PX1E,7,25000.0,33000.0,0.13129263597228277,1,"none (rectangular, full record, Parseval)",2.0000000000002656
P92PX1E,7,33000.0,40000.0,0.07109437552463695,1,"none (rectangular, full record, Parseval)",2.0000000000002656
P92PX1E,7,40000.0,60000.0,0.10935474426308296,1,"none (rectangular, full record, Parseval)",2.0000000000002656
P92PX1E,8,3000.0,10000.0,0.2224948351352765,1,"none (rectangular, full record, Parseval)",2.0000000000002656
P92PX1E,8,10000.0,25000.0,0.41947644284286423,1,"none (rectangular, full record, Parseval)",2.0000000000002656
P92PX1E,8,25000.0,33000.0,0.12520026999270953,1,"none (rectangular, full record, Parseval)",2.0000000000002656
P92PX1E,8,33000.0,40000.0,0.07667606002919146,1,"none (rectangular, full record, Parseval)",2.0000000000002656
P92PX1E,8,40000.0,60000.0,0.10933142194048577,1,"none (rectangular, full record, Parseval)",2.0000000000002656
P92PX1E,9,3000.0,10000.0,0.2225309605693076,1,"none (rectangular, full record, Parseval)",2.0000000000002656
P92PX1E,9,10000.0,25000.0,0.43107376784110935,1,"none (rectangular, full record, Parseval)",2.0000000000002656
P92PX1E,9,25000.0,33000.0,0.13013892076291664,1,"none (rectangular, full record, Parseval)",2.0000000000002656
P92PX1E,9,33000.0,40000.0,0.06994590428736504,1,"none (rectangular, full record, Parseval)",2.0000000000002656
P92PX1E,9,40000.0,60000.0,0.11006729674636302,1,"none (rectangular, full record, Parseval)",2.0000000000002656
P92PX1E,10,3000.0,10000.0,0.2397335646682095,1,"none (rectangular, full record, Parseval)",2.0000000000002656
P92PX1E,10,10000.0,25000.0,0.4257675393336623,1,"none (rectangular, full record, Parseval)",2.0000000000002656
P92PX1E,10,25000.0,33000.0,0.1316743457870198,1,"none (rectangular, full record, Parseval)",2.0000000000002656
P92PX1E,10,33000.0,40000.0,0.07218441657202901,1,"none (rectangular, full record, Parseval)",2.0000000000002656
P92PX1E,10,40000.0,60000.0,0.10488597391123419,1,"none (rectangular, full record, Parseval)",2.0000000000002656
P92PX1E,11,3000.0,10000.0,0.22436994730786325,1,"none (rectangular, full record, Parseval)",2.0000000000002656
P92PX1E,11,10000.0,25000.0,0.4292264506968836,1,"none (rectangular, full record, Parseval)",2.0000000000002656
P92PX1E,11,25000.0,33000.0,0.12516962328439818,1,"none (rectangular, full record, Parseval)",2.0000000000002656
P92PX1E,11,33000.0,40000.0,0.0725230704168778,1,"none (rectangular, full record, Parseval)",2.0000000000002656
P92PX1E,11,40000.0,60000.0,0.10511671292366859,1,"none (rectangular, full record, Parseval)",2.0000000000002656
P92PX1E,12,3000.0,10000.0,0.23111760229406256,1,"none (rectangular, full record, Parseval)",2.0000000000002656
P92PX1E,12,10000.0,25000.0,0.42640719998132953,1,"none (rectangular, full record, Parseval)",2.0000000000002656
P92PX1E,12,25000.0,33000.0,0.1337575667059204,1,"none (rectangular, full record, Parseval)",2.0000000000002656
P92PX1E,12,33000.0,40000.0,0.07489353662762838,1,"none (rectangular, full record, Parseval)",2.0000000000002656
P92PX1E,12,40000.0,60000.0,0.10462716465520605,1,"none (rectangular, full record, Parseval)",2.0000000000002656
P92PX1E,13,3000.0,10000.0,0.22807620447393204,1,"none (rectangular, full record, Parseval)",2.0000000000002656
P92PX1E,13,10000.0,25000.0,0.4332629538286949,1,"none (rectangular, full record, Parseval)",2.0000000000002656
P92PX1E,13,25000.0,33000.0,0.13852679156826195,1,"none (rectangular, full record, Parseval)",2.0000000000002656
P92PX1E,13,33000.0,40000.0,0.07269933531645573,1,"none (rectangular, full record, Parseval)",2.0000000000002656
P92PX1E,13,40000.0,60000.0,0.1048704480189312,1,"none (rectangular, full record, Parseval)",2.0000000000002656
P92PX1E,14,3000.0,10000.0,0.22830478247807678,1,"none (rectangular, full record, Parseval)",2.0000000000002656
P92PX1E,14,10000.0,25000.0,0.43086870182692505,1,"none (rectangular, full record, Parseval)",2.0000000000002656
P92PX1E,14,25000.0,33000.0,0.13412777432285525,1,"none (rectangular, full record, Parseval)",2.0000000000002656
P92PX1E,14,33000.0,40000.0,0.07284467460782494,1,"none (rectangular, full record, Parseval)",2.0000000000002656
P92PX1E,14,40000.0,60000.0,0.10871239866951872,1,"none (rectangular, full record, Parseval)",2.0000000000002656
P92PX1E,15,3000.0,10000.0,0.2186669340581909,1,"none (rectangular, full record, Parseval)",2.0000000000002656
P92PX1E,15,10000.0,25000.0,0.42643674938458753,1,"none (rectangular, full record, Parseval)",2.0000000000002656
P92PX1E,15,25000.0,33000.0,0.13245355546980722,1,"none (rectangular, full record, Parseval)",2.0000000000002656
P92PX1E,15,33000.0,40000.0,0.07241726491678148,1,"none (rectangular, full record, Parseval)",2.0000000000002656
P92PX1E,15,40000.0,60000.0,0.10148533309798978,1,"none (rectangular, full record, Parseval)",2.0000000000002656
P92PX1E,16,3000.0,10000.0,0.23770909900171963,1,"none (rectangular, full record, Parseval)",2.0000000000002656
P92PX1E,16,10000.0,25000.0,0.43677833514631303,1,"none (rectangular, full record, Parseval)",2.0000000000002656
P92PX1E,16,25000.0,33000.0,0.1366654109116179,1,"none (rectangular, full record, Parseval)",2.0000000000002656
P92PX1E,16,33000.0,40000.0,0.07676517250273458,1,"none (rectangular, full record, Parseval)",2.0000000000002656
P92PX1E,16,40000.0,60000.0,0.10762223526290263,1,"none (rectangular, full record, Parseval)",2.0000000000002656
P92PX1E,17,3000.0,10000.0,0.22379959231905386,1,"none (rectangular, full record, Parseval)",2.0000000000002656
P92PX1E,17,10000.0,25000.0,0.42945378320368455,1,"none (rectangular, full record, Parseval)",2.0000000000002656
P92PX1E,17,25000.0,33000.0,0.13190160431467005,1,"none (rectangular, full record, Parseval)",2.0000000000002656
P92PX1E,17,33000.0,40000.0,0.07009840024986298,1,"none (rectangular, full record, Parseval)",2.0000000000002656
P92PX1E,17,40000.0,60000.0,0.10252690001825221,1,"none (rectangular, full record, Parseval)",2.0000000000002656
P92PX1E,18,3000.0,10000.0,0.22491280016610063,1,"none (rectangular, full record, Parseval)",2.0000000000002656
P92PX1E,18,10000.0,25000.0,0.4337166612381486,1,"none (rectangular, full record, Parseval)",2.0000000000002656
P92PX1E,18,25000.0,33000.0,0.137781117976354,1,"none (rectangular, full record, Parseval)",2.0000000000002656
P92PX1E,18,33000.0,40000.0,0.07165464913554155,1,"none (rectangular, full record, Parseval)",2.0000000000002656
P92PX1E,18,40000.0,60000.0,0.10586404392458361,1,"none (rectangular, full record, Parseval)",2.0000000000002656
P92PX1E,19,3000.0,10000.0,0.5998303911987508,1,"none (rectangular, full record, Parseval)",2.0000000000002656
P92PX1E,19,10000.0,25000.0,0.19458198417755165,1,"none (rectangular, full record, Parseval)",2.0000000000002656
P92PX1E,19,25000.0,33000.0,0.04545589872755557,1,"none (rectangular, full record, Parseval)",2.0000000000002656
P92PX1E,19,33000.0,40000.0,0.030347094898475698,1,"none (rectangular, full record, Parseval)",2.0000000000002656
P92PX1E,19,40000.0,60000.0,0.0500773232948577,1,"none (rectangular, full record, Parseval)",2.0000000000002656
P92PX1E,20,3000.0,10000.0,0.22734892038154408,1,"none (rectangular, full record, Parseval)",2.0000000000002656
P92PX1E,20,10000.0,25000.0,0.1945801863905496,1,"none (rectangular, full record, Parseval)",2.0000000000002656
P92PX1E,20,25000.0,33000.0,0.048222794810723585,1,"none (rectangular, full record, Parseval)",2.0000000000002656
P92PX1E,20,33000.0,40000.0,0.033539515897290574,1,"none (rectangular, full record, Parseval)",2.0000000000002656
P92PX1E,20,40000.0,60000.0,0.050408822114546926,1,"none (rectangular, full record, Parseval)",2.0000000000002656
P92PX1E,21,3000.0,10000.0,0.11607806463556049,1,"none (rectangular, full record, Parseval)",2.0000000000002656
P92PX1E,21,10000.0,25000.0,0.20707456372715127,1,"none (rectangular, full record, Parseval)",2.0000000000002656
P92PX1E,21,25000.0,33000.0,0.04266884916371614,1,"none (rectangular, full record, Parseval)",2.0000000000002656
P92PX1E,21,33000.0,40000.0,0.03310413732770106,1,"none (rectangular, full record, Parseval)",2.0000000000002656
P92PX1E,21,40000.0,60000.0,0.05690335015914038,1,"none (rectangular, full record, Parseval)",2.0000000000002656
P92PX1F,0,3000.0,10000.0,0.6202386014264416,1,"none (rectangular, full record, Parseval)",2.0000000000002656
P92PX1F,0,10000.0,25000.0,0.23538637998755624,1,"none (rectangular, full record, Parseval)",2.0000000000002656
P92PX1F,0,25000.0,33000.0,0.07055335916404105,1,"none (rectangular, full record, Parseval)",2.0000000000002656
P92PX1F,0,33000.0,40000.0,0.04669370234437607,1,"none (rectangular, full record, Parseval)",2.0000000000002656
P92PX1F,0,40000.0,60000.0,0.06296348100525243,1,"none (rectangular, full record, Parseval)",2.0000000000002656
P92PX1F,1,3000.0,10000.0,0.3346094737870252,1,"none (rectangular, full record, Parseval)",2.0000000000002656
P92PX1F,1,10000.0,25000.0,0.2149538145652794,1,"none (rectangular, full record, Parseval)",2.0000000000002656
P92PX1F,1,25000.0,33000.0,0.05461653972865496,1,"none (rectangular, full record, Parseval)",2.0000000000002656
P92PX1F,1,33000.0,40000.0,0.03840235741361893,1,"none (rectangular, full record, Parseval)",2.0000000000002656
P92PX1F,1,40000.0,60000.0,0.054645923462273815,1,"none (rectangular, full record, Parseval)",2.0000000000002656
P92PX1F,2,3000.0,10000.0,0.2586409743517721,1,"none (rectangular, full record, Parseval)",2.0000000000002656
P92PX1F,2,10000.0,25000.0,0.19293276206955862,1,"none (rectangular, full record, Parseval)",2.0000000000002656
P92PX1F,2,25000.0,33000.0,0.04493485565656785,1,"none (rectangular, full record, Parseval)",2.0000000000002656
P92PX1F,2,33000.0,40000.0,0.03366252912446194,1,"none (rectangular, full record, Parseval)",2.0000000000002656
P92PX1F,2,40000.0,60000.0,0.04897232998458701,1,"none (rectangular, full record, Parseval)",2.0000000000002656
P92PX1F,3,3000.0,10000.0,0.1772766317845532,1,"none (rectangular, full record, Parseval)",2.0000000000002656
P92PX1F,3,10000.0,25000.0,0.1841711553922552,1,"none (rectangular, full record, Parseval)",2.0000000000002656
P92PX1F,3,25000.0,33000.0,0.04416533050039382,1,"none (rectangular, full record, Parseval)",2.0000000000002656
P92PX1F,3,33000.0,40000.0,0.03470783202902363,1,"none (rectangular, full record, Parseval)",2.0000000000002656
P92PX1F,3,40000.0,60000.0,0.053942921284140036,1,"none (rectangular, full record, Parseval)",2.0000000000002656
P92PX1F,4,3000.0,10000.0,0.13469923499857986,1,"none (rectangular, full record, Parseval)",2.0000000000002656
P92PX1F,4,10000.0,25000.0,0.19422786779093626,1,"none (rectangular, full record, Parseval)",2.0000000000002656
P92PX1F,4,25000.0,33000.0,0.041434951748549984,1,"none (rectangular, full record, Parseval)",2.0000000000002656
P92PX1F,4,33000.0,40000.0,0.032546170862339775,1,"none (rectangular, full record, Parseval)",2.0000000000002656
P92PX1F,4,40000.0,60000.0,0.050189888702085454,1,"none (rectangular, full record, Parseval)",2.0000000000002656
P92PX1F,5,3000.0,10000.0,0.11114969113548406,1,"none (rectangular, full record, Parseval)",2.0000000000002656
P92PX1F,5,10000.0,25000.0,0.19221813901714194,1,"none (rectangular, full record, Parseval)",2.0000000000002656
P92PX1F,5,25000.0,33000.0,0.04242363548297833,1,"none (rectangular, full record, Parseval)",2.0000000000002656
P92PX1F,5,33000.0,40000.0,0.03061130874350318,1,"none (rectangular, full record, Parseval)",2.0000000000002656
P92PX1F,5,40000.0,60000.0,0.05258032660708151,1,"none (rectangular, full record, Parseval)",2.0000000000002656
P92PX1F,6,3000.0,10000.0,0.09954281183680755,1,"none (rectangular, full record, Parseval)",2.0000000000002656
P92PX1F,6,10000.0,25000.0,0.19373501251728073,1,"none (rectangular, full record, Parseval)",2.0000000000002656
P92PX1F,6,25000.0,33000.0,0.04549831593167836,1,"none (rectangular, full record, Parseval)",2.0000000000002656
P92PX1F,6,33000.0,40000.0,0.03244165660970488,1,"none (rectangular, full record, Parseval)",2.0000000000002656
P92PX1F,6,40000.0,60000.0,0.05020697805798004,1,"none (rectangular, full record, Parseval)",2.0000000000002656
P92PX1F,7,3000.0,10000.0,0.09864965672573248,1,"none (rectangular, full record, Parseval)",2.0000000000002656
P92PX1F,7,10000.0,25000.0,0.19515394309214673,1,"none (rectangular, full record, Parseval)",2.0000000000002656
P92PX1F,7,25000.0,33000.0,0.0437667865118035,1,"none (rectangular, full record, Parseval)",2.0000000000002656
P92PX1F,7,33000.0,40000.0,0.03248992729549355,1,"none (rectangular, full record, Parseval)",2.0000000000002656
P92PX1F,7,40000.0,60000.0,0.051192019220187825,1,"none (rectangular, full record, Parseval)",2.0000000000002656
P92PX1F,8,3000.0,10000.0,0.10122368803741079,1,"none (rectangular, full record, Parseval)",2.0000000000002656
P92PX1F,8,10000.0,25000.0,0.18975579441616774,1,"none (rectangular, full record, Parseval)",2.0000000000002656
P92PX1F,8,25000.0,33000.0,0.04239890834523354,1,"none (rectangular, full record, Parseval)",2.0000000000002656
P92PX1F,8,33000.0,40000.0,0.02933468823986689,1,"none (rectangular, full record, Parseval)",2.0000000000002656
P92PX1F,8,40000.0,60000.0,0.05276932507924783,1,"none (rectangular, full record, Parseval)",2.0000000000002656
P92PX1F,9,3000.0,10000.0,0.10901418010351492,1,"none (rectangular, full record, Parseval)",2.0000000000002656
P92PX1F,9,10000.0,25000.0,0.19294132966116206,1,"none (rectangular, full record, Parseval)",2.0000000000002656
P92PX1F,9,25000.0,33000.0,0.041301851866648503,1,"none (rectangular, full record, Parseval)",2.0000000000002656
P92PX1F,9,33000.0,40000.0,0.029685175945583654,1,"none (rectangular, full record, Parseval)",2.0000000000002656
P92PX1F,9,40000.0,60000.0,0.051564701589487415,1,"none (rectangular, full record, Parseval)",2.0000000000002656
P92PX1F,10,3000.0,10000.0,0.10334245530090375,1,"none (rectangular, full record, Parseval)",2.0000000000002656
P92PX1F,10,10000.0,25000.0,0.19152405545080262,1,"none (rectangular, full record, Parseval)",2.0000000000002656
P92PX1F,10,25000.0,33000.0,0.04424824966517846,1,"none (rectangular, full record, Parseval)",2.0000000000002656
P92PX1F,10,33000.0,40000.0,0.03392029807157786,1,"none (rectangular, full record, Parseval)",2.0000000000002656
P92PX1F,10,40000.0,60000.0,0.0521569884732057,1,"none (rectangular, full record, Parseval)",2.0000000000002656
P92PX1F,11,3000.0,10000.0,0.09517615780982346,1,"none (rectangular, full record, Parseval)",2.0000000000002656
P92PX1F,11,10000.0,25000.0,0.2154196730784254,1,"none (rectangular, full record, Parseval)",2.0000000000002656
P92PX1F,11,25000.0,33000.0,0.04660683457706979,1,"none (rectangular, full record, Parseval)",2.0000000000002656
P92PX1F,11,33000.0,40000.0,0.03459983234492828,1,"none (rectangular, full record, Parseval)",2.0000000000002656
P92PX1F,11,40000.0,60000.0,0.053078077153318325,1,"none (rectangular, full record, Parseval)",2.0000000000002656
P92PX1G,0,3000.0,10000.0,0.6340162305050673,1,"none (rectangular, full record, Parseval)",2.0000000000002656
P92PX1G,0,10000.0,25000.0,0.23255607847724152,1,"none (rectangular, full record, Parseval)",2.0000000000002656
P92PX1G,0,25000.0,33000.0,0.06249143649969649,1,"none (rectangular, full record, Parseval)",2.0000000000002656
P92PX1G,0,33000.0,40000.0,0.04254121165368856,1,"none (rectangular, full record, Parseval)",2.0000000000002656
P92PX1G,0,40000.0,60000.0,0.06581493408059276,1,"none (rectangular, full record, Parseval)",2.0000000000002656
P92PX1G,1,3000.0,10000.0,0.36203300829523793,1,"none (rectangular, full record, Parseval)",2.0000000000002656
P92PX1G,1,10000.0,25000.0,0.23216782840747002,1,"none (rectangular, full record, Parseval)",2.0000000000002656
P92PX1G,1,25000.0,33000.0,0.05506753618261001,1,"none (rectangular, full record, Parseval)",2.0000000000002656
P92PX1G,1,33000.0,40000.0,0.04126291008414478,1,"none (rectangular, full record, Parseval)",2.0000000000002656
P92PX1G,1,40000.0,60000.0,0.0609505768800858,1,"none (rectangular, full record, Parseval)",2.0000000000002656
P92PX1G,2,3000.0,10000.0,0.25449872842516624,1,"none (rectangular, full record, Parseval)",2.0000000000002656
P92PX1G,2,10000.0,25000.0,0.15689358852176571,1,"none (rectangular, full record, Parseval)",2.0000000000002656
P92PX1G,2,25000.0,33000.0,0.049275860105226214,1,"none (rectangular, full record, Parseval)",2.0000000000002656
P92PX1G,2,33000.0,40000.0,0.030386646404279058,1,"none (rectangular, full record, Parseval)",2.0000000000002656
P92PX1G,2,40000.0,60000.0,0.05212816626484496,1,"none (rectangular, full record, Parseval)",2.0000000000002656
P92PX1G,3,3000.0,10000.0,0.18050110649589152,1,"none (rectangular, full record, Parseval)",2.0000000000002656
P92PX1G,3,10000.0,25000.0,0.14433917316616604,1,"none (rectangular, full record, Parseval)",2.0000000000002656
P92PX1G,3,25000.0,33000.0,0.05079878474636664,1,"none (rectangular, full record, Parseval)",2.0000000000002656
P92PX1G,3,33000.0,40000.0,0.03335567455274639,1,"none (rectangular, full record, Parseval)",2.0000000000002656
P92PX1G,3,40000.0,60000.0,0.05128800169423055,1,"none (rectangular, full record, Parseval)",2.0000000000002656
P92PX1G,4,3000.0,10000.0,0.10531989208379254,1,"none (rectangular, full record, Parseval)",2.0000000000002656
P92PX1G,4,10000.0,25000.0,0.10096738054416272,1,"none (rectangular, full record, Parseval)",2.0000000000002656
P92PX1G,4,25000.0,33000.0,0.04580436830075036,1,"none (rectangular, full record, Parseval)",2.0000000000002656
P92PX1G,4,33000.0,40000.0,0.030515426245842837,1,"none (rectangular, full record, Parseval)",2.0000000000002656
P92PX1G,4,40000.0,60000.0,0.05092194525469737,1,"none (rectangular, full record, Parseval)",2.0000000000002656
P92PX1G,5,3000.0,10000.0,0.08022446201009323,1,"none (rectangular, full record, Parseval)",2.0000000000002656
P92PX1G,5,10000.0,25000.0,0.09593362637686566,1,"none (rectangular, full record, Parseval)",2.0000000000002656
P92PX1G,5,25000.0,33000.0,0.042777512920424386,1,"none (rectangular, full record, Parseval)",2.0000000000002656
P92PX1G,5,33000.0,40000.0,0.033551174576696256,1,"none (rectangular, full record, Parseval)",2.0000000000002656
P92PX1G,5,40000.0,60000.0,0.054968770827706875,1,"none (rectangular, full record, Parseval)",2.0000000000002656
P92PX1G,6,3000.0,10000.0,0.07445097845242873,1,"none (rectangular, full record, Parseval)",2.0000000000002656
P92PX1G,6,10000.0,25000.0,0.08727577406333825,1,"none (rectangular, full record, Parseval)",2.0000000000002656
P92PX1G,6,25000.0,33000.0,0.044365031599562024,1,"none (rectangular, full record, Parseval)",2.0000000000002656
P92PX1G,6,33000.0,40000.0,0.035882160276818606,1,"none (rectangular, full record, Parseval)",2.0000000000002656
P92PX1G,6,40000.0,60000.0,0.051695043207858025,1,"none (rectangular, full record, Parseval)",2.0000000000002656
P92PX1G,7,3000.0,10000.0,0.07910323173247906,1,"none (rectangular, full record, Parseval)",2.0000000000002656
P92PX1G,7,10000.0,25000.0,0.10807057786717925,1,"none (rectangular, full record, Parseval)",2.0000000000002656
P92PX1G,7,25000.0,33000.0,0.048366942909929676,1,"none (rectangular, full record, Parseval)",2.0000000000002656
P92PX1G,7,33000.0,40000.0,0.030449139653295324,1,"none (rectangular, full record, Parseval)",2.0000000000002656
P92PX1G,7,40000.0,60000.0,0.05017309888009559,1,"none (rectangular, full record, Parseval)",2.0000000000002656
P92PX1G,8,3000.0,10000.0,0.07483904350592835,1,"none (rectangular, full record, Parseval)",2.0000000000002656
P92PX1G,8,10000.0,25000.0,0.1356654511717362,1,"none (rectangular, full record, Parseval)",2.0000000000002656
P92PX1G,8,25000.0,33000.0,0.044318993685478585,1,"none (rectangular, full record, Parseval)",2.0000000000002656
P92PX1G,8,33000.0,40000.0,0.031433652719094006,1,"none (rectangular, full record, Parseval)",2.0000000000002656
P92PX1G,8,40000.0,60000.0,0.051903697017747386,1,"none (rectangular, full record, Parseval)",2.0000000000002656
P92PX1G,9,3000.0,10000.0,0.07930233616944843,1,"none (rectangular, full record, Parseval)",2.0000000000002656
P92PX1G,9,10000.0,25000.0,0.0804091115823154,1,"none (rectangular, full record, Parseval)",2.0000000000002656
P92PX1G,9,25000.0,33000.0,0.041388969380586074,1,"none (rectangular, full record, Parseval)",2.0000000000002656
P92PX1G,9,33000.0,40000.0,0.029070154551034216,1,"none (rectangular, full record, Parseval)",2.0000000000002656
P92PX1G,9,40000.0,60000.0,0.052779868485510355,1,"none (rectangular, full record, Parseval)",2.0000000000002656
P92PX1G,10,3000.0,10000.0,0.0812222026989561,1,"none (rectangular, full record, Parseval)",2.0000000000002656
P92PX1G,10,10000.0,25000.0,0.09402566559028758,1,"none (rectangular, full record, Parseval)",2.0000000000002656
P92PX1G,10,25000.0,33000.0,0.04348421625324964,1,"none (rectangular, full record, Parseval)",2.0000000000002656
P92PX1G,10,33000.0,40000.0,0.03361005569374316,1,"none (rectangular, full record, Parseval)",2.0000000000002656
P92PX1G,10,40000.0,60000.0,0.05386474304672442,1,"none (rectangular, full record, Parseval)",2.0000000000002656
P92PX1G,11,3000.0,10000.0,0.06980086165461385,1,"none (rectangular, full record, Parseval)",2.0000000000002656
P92PX1G,11,10000.0,25000.0,0.09845807396266265,1,"none (rectangular, full record, Parseval)",2.0000000000002656
P92PX1G,11,25000.0,33000.0,0.04750318515958344,1,"none (rectangular, full record, Parseval)",2.0000000000002656
P92PX1G,11,33000.0,40000.0,0.03267048112301934,1,"none (rectangular, full record, Parseval)",2.0000000000002656
P92PX1G,11,40000.0,60000.0,0.051573541498743755,1,"none (rectangular, full record, Parseval)",2.0000000000002656
P92PX1G,12,3000.0,10000.0,0.06568702547528033,1,"none (rectangular, full record, Parseval)",2.0000000000002656
P92PX1G,12,10000.0,25000.0,0.09210795414625225,1,"none (rectangular, full record, Parseval)",2.0000000000002656
P92PX1G,12,25000.0,33000.0,0.047710081248998205,1,"none (rectangular, full record, Parseval)",2.0000000000002656
P92PX1G,12,33000.0,40000.0,0.03478390828768281,1,"none (rectangular, full record, Parseval)",2.0000000000002656
P92PX1G,12,40000.0,60000.0,0.054352116557581466,1,"none (rectangular, full record, Parseval)",2.0000000000002656
P92PX1G,13,3000.0,10000.0,0.0708329990848413,1,"none (rectangular, full record, Parseval)",2.0000000000002656
P92PX1G,13,10000.0,25000.0,0.12338155468885885,1,"none (rectangular, full record, Parseval)",2.0000000000002656
P92PX1G,13,25000.0,33000.0,0.042337633315969944,1,"none (rectangular, full record, Parseval)",2.0000000000002656
P92PX1G,13,33000.0,40000.0,0.031638132898154224,1,"none (rectangular, full record, Parseval)",2.0000000000002656
P92PX1G,13,40000.0,60000.0,0.052761936443515414,1,"none (rectangular, full record, Parseval)",2.0000000000002656
P92PX1G,14,3000.0,10000.0,0.0768502764949975,1,"none (rectangular, full record, Parseval)",2.0000000000002656
P92PX1G,14,10000.0,25000.0,0.11118691048839768,1,"none (rectangular, full record, Parseval)",2.0000000000002656
P92PX1G,14,25000.0,33000.0,0.04542536788109472,1,"none (rectangular, full record, Parseval)",2.0000000000002656
P92PX1G,14,33000.0,40000.0,0.03507335666402551,1,"none (rectangular, full record, Parseval)",2.0000000000002656
P92PX1G,14,40000.0,60000.0,0.054731530576675715,1,"none (rectangular, full record, Parseval)",2.0000000000002656
P92PX1G,15,3000.0,10000.0,0.07182784816859009,1,"none (rectangular, full record, Parseval)",2.0000000000002656
P92PX1G,15,10000.0,25000.0,0.09615806007835062,1,"none (rectangular, full record, Parseval)",2.0000000000002656
P92PX1G,15,25000.0,33000.0,0.04434009772929401,1,"none (rectangular, full record, Parseval)",2.0000000000002656
P92PX1G,15,33000.0,40000.0,0.03190161484082991,1,"none (rectangular, full record, Parseval)",2.0000000000002656
P92PX1G,15,40000.0,60000.0,0.05441904234702129,1,"none (rectangular, full record, Parseval)",2.0000000000002656
P92PX1G,16,3000.0,10000.0,0.07954405323652972,1,"none (rectangular, full record, Parseval)",2.0000000000002656
P92PX1G,16,10000.0,25000.0,0.10728697618658022,1,"none (rectangular, full record, Parseval)",2.0000000000002656
P92PX1G,16,25000.0,33000.0,0.0454549537889682,1,"none (rectangular, full record, Parseval)",2.0000000000002656
P92PX1G,16,33000.0,40000.0,0.03077215250187509,1,"none (rectangular, full record, Parseval)",2.0000000000002656
P92PX1G,16,40000.0,60000.0,0.04970871702348621,1,"none (rectangular, full record, Parseval)",2.0000000000002656
P92PX1G,17,3000.0,10000.0,0.0763323230780069,1,"none (rectangular, full record, Parseval)",2.0000000000002656
P92PX1G,17,10000.0,25000.0,0.08617406030723464,1,"none (rectangular, full record, Parseval)",2.0000000000002656
P92PX1G,17,25000.0,33000.0,0.04171464042593193,1,"none (rectangular, full record, Parseval)",2.0000000000002656
P92PX1G,17,33000.0,40000.0,0.03171608489781444,1,"none (rectangular, full record, Parseval)",2.0000000000002656
P92PX1G,17,40000.0,60000.0,0.05446636965025762,1,"none (rectangular, full record, Parseval)",2.0000000000002656
P92PX1G,18,3000.0,10000.0,0.07102165976744867,1,"none (rectangular, full record, Parseval)",2.0000000000002656
P92PX1G,18,10000.0,25000.0,0.08555309667028752,1,"none (rectangular, full record, Parseval)",2.0000000000002656
P92PX1G,18,25000.0,33000.0,0.04442469365672719,1,"none (rectangular, full record, Parseval)",2.0000000000002656
P92PX1G,18,33000.0,40000.0,0.032218221523115764,1,"none (rectangular, full record, Parseval)",2.0000000000002656
P92PX1G,18,40000.0,60000.0,0.05010528272242154,1,"none (rectangular, full record, Parseval)",2.0000000000002656
P92PX1G,19,3000.0,10000.0,0.07433239337880784,1,"none (rectangular, full record, Parseval)",2.0000000000002656
P92PX1G,19,10000.0,25000.0,0.08673735842611215,1,"none (rectangular, full record, Parseval)",2.0000000000002656
P92PX1G,19,25000.0,33000.0,0.04219203359882872,1,"none (rectangular, full record, Parseval)",2.0000000000002656
P92PX1G,19,33000.0,40000.0,0.03244824173221587,1,"none (rectangular, full record, Parseval)",2.0000000000002656
P92PX1G,19,40000.0,60000.0,0.0528369498200535,1,"none (rectangular, full record, Parseval)",2.0000000000002656
P92PX1G,20,3000.0,10000.0,0.0676521176675191,1,"none (rectangular, full record, Parseval)",2.0000000000002656
P92PX1G,20,10000.0,25000.0,0.09132797113909606,1,"none (rectangular, full record, Parseval)",2.0000000000002656
P92PX1G,20,25000.0,33000.0,0.04286795080741459,1,"none (rectangular, full record, Parseval)",2.0000000000002656
P92PX1G,20,33000.0,40000.0,0.036556148990913216,1,"none (rectangular, full record, Parseval)",2.0000000000002656
P92PX1G,20,40000.0,60000.0,0.05149559890857408,1,"none (rectangular, full record, Parseval)",2.0000000000002656
P92PX1G,21,3000.0,10000.0,0.0683808685802554,1,"none (rectangular, full record, Parseval)",2.0000000000002656
P92PX1G,21,10000.0,25000.0,0.09617222372594017,1,"none (rectangular, full record, Parseval)",2.0000000000002656
P92PX1G,21,25000.0,33000.0,0.04235640405871935,1,"none (rectangular, full record, Parseval)",2.0000000000002656
P92PX1G,21,33000.0,40000.0,0.031310725088542296,1,"none (rectangular, full record, Parseval)",2.0000000000002656
P92PX1G,21,40000.0,60000.0,0.05424896028058867,1,"none (rectangular, full record, Parseval)",2.0000000000002656
P92PX1G,22,3000.0,10000.0,0.07364226727410673,1,"none (rectangular, full record, Parseval)",2.0000000000002656
P92PX1G,22,10000.0,25000.0,0.08401211505724979,1,"none (rectangular, full record, Parseval)",2.0000000000002656
P92PX1G,22,25000.0,33000.0,0.04422163863532005,1,"none (rectangular, full record, Parseval)",2.0000000000002656
P92PX1G,22,33000.0,40000.0,0.03155973828436234,1,"none (rectangular, full record, Parseval)",2.0000000000002656
P92PX1G,22,40000.0,60000.0,0.055555863011113496,1,"none (rectangular, full record, Parseval)",2.0000000000002656
P92PX1G,23,3000.0,10000.0,0.06421542077253187,1,"none (rectangular, full record, Parseval)",2.0000000000002656
P92PX1G,23,10000.0,25000.0,0.08434241035622188,1,"none (rectangular, full record, Parseval)",2.0000000000002656
P92PX1G,23,25000.0,33000.0,0.04698216802447291,1,"none (rectangular, full record, Parseval)",2.0000000000002656
P92PX1G,23,33000.0,40000.0,0.03652726290841929,1,"none (rectangular, full record, Parseval)",2.0000000000002656
P92PX1G,23,40000.0,60000.0,0.052706822852380215,1,"none (rectangular, full record, Parseval)",2.0000000000002656
P92PX1G,24,3000.0,10000.0,0.07030499370417906,1,"none (rectangular, full record, Parseval)",2.0000000000002656
P92PX1G,24,10000.0,25000.0,0.10068721956652954,1,"none (rectangular, full record, Parseval)",2.0000000000002656
P92PX1G,24,25000.0,33000.0,0.041080905422948115,1,"none (rectangular, full record, Parseval)",2.0000000000002656
P92PX1G,24,33000.0,40000.0,0.03595865268974825,1,"none (rectangular, full record, Parseval)",2.0000000000002656
P92PX1G,24,40000.0,60000.0,0.051509178710833554,1,"none (rectangular, full record, Parseval)",2.0000000000002656
P92PX1H,0,3000.0,10000.0,0.624741396655456,1,"none (rectangular, full record, Parseval)",2.0000000000002656
P92PX1H,0,10000.0,25000.0,0.2717076775740297,1,"none (rectangular, full record, Parseval)",2.0000000000002656
P92PX1H,0,25000.0,33000.0,0.060175110482429635,1,"none (rectangular, full record, Parseval)",2.0000000000002656
P92PX1H,0,33000.0,40000.0,0.04572407235548986,1,"none (rectangular, full record, Parseval)",2.0000000000002656
P92PX1H,0,40000.0,60000.0,0.060640162575737594,1,"none (rectangular, full record, Parseval)",2.0000000000002656
P92PX1H,1,3000.0,10000.0,0.3725635535562041,1,"none (rectangular, full record, Parseval)",2.0000000000002656
P92PX1H,1,10000.0,25000.0,0.23005885708248522,1,"none (rectangular, full record, Parseval)",2.0000000000002656
P92PX1H,1,25000.0,33000.0,0.0580115669870912,1,"none (rectangular, full record, Parseval)",2.0000000000002656
P92PX1H,1,33000.0,40000.0,0.042458507934184424,1,"none (rectangular, full record, Parseval)",2.0000000000002656
P92PX1H,1,40000.0,60000.0,0.05561334002442104,1,"none (rectangular, full record, Parseval)",2.0000000000002656
P92PX1H,2,3000.0,10000.0,0.26322219889320697,1,"none (rectangular, full record, Parseval)",2.0000000000002656
P92PX1H,2,10000.0,25000.0,0.19435997261994425,1,"none (rectangular, full record, Parseval)",2.0000000000002656
P92PX1H,2,25000.0,33000.0,0.0459244089236338,1,"none (rectangular, full record, Parseval)",2.0000000000002656
P92PX1H,2,33000.0,40000.0,0.03228843406675749,1,"none (rectangular, full record, Parseval)",2.0000000000002656
P92PX1H,2,40000.0,60000.0,0.05168854302057975,1,"none (rectangular, full record, Parseval)",2.0000000000002656
P92PX1H,3,3000.0,10000.0,0.16203475512653182,1,"none (rectangular, full record, Parseval)",2.0000000000002656
P92PX1H,3,10000.0,25000.0,0.11862291970304638,1,"none (rectangular, full record, Parseval)",2.0000000000002656
P92PX1H,3,25000.0,33000.0,0.046876825089149,1,"none (rectangular, full record, Parseval)",2.0000000000002656
P92PX1H,3,33000.0,40000.0,0.03364981195542523,1,"none (rectangular, full record, Parseval)",2.0000000000002656
P92PX1H,3,40000.0,60000.0,0.052208897883044905,1,"none (rectangular, full record, Parseval)",2.0000000000002656
P92PX1H,4,3000.0,10000.0,0.11121605384624234,1,"none (rectangular, full record, Parseval)",2.0000000000002656
P92PX1H,4,10000.0,25000.0,0.11040104443387916,1,"none (rectangular, full record, Parseval)",2.0000000000002656
P92PX1H,4,25000.0,33000.0,0.04496353877579628,1,"none (rectangular, full record, Parseval)",2.0000000000002656
P92PX1H,4,33000.0,40000.0,0.0328512916621724,1,"none (rectangular, full record, Parseval)",2.0000000000002656
P92PX1H,4,40000.0,60000.0,0.049395927018358314,1,"none (rectangular, full record, Parseval)",2.0000000000002656
P92PX1H,5,3000.0,10000.0,0.08941088731057621,1,"none (rectangular, full record, Parseval)",2.0000000000002656
P92PX1H,5,10000.0,25000.0,0.11360400323133196,1,"none (rectangular, full record, Parseval)",2.0000000000002656
P92PX1H,5,25000.0,33000.0,0.04581318983774214,1,"none (rectangular, full record, Parseval)",2.0000000000002656
P92PX1H,5,33000.0,40000.0,0.03667976194093697,1,"none (rectangular, full record, Parseval)",2.0000000000002656
P92PX1H,5,40000.0,60000.0,0.05593096743399153,1,"none (rectangular, full record, Parseval)",2.0000000000002656
P92PX1H,6,3000.0,10000.0,0.07260035887610478,1,"none (rectangular, full record, Parseval)",2.0000000000002656
P92PX1H,6,10000.0,25000.0,0.0947894589013901,1,"none (rectangular, full record, Parseval)",2.0000000000002656
P92PX1H,6,25000.0,33000.0,0.04605383529943345,1,"none (rectangular, full record, Parseval)",2.0000000000002656
P92PX1H,6,33000.0,40000.0,0.03631337550439182,1,"none (rectangular, full record, Parseval)",2.0000000000002656
P92PX1H,6,40000.0,60000.0,0.05325744903733543,1,"none (rectangular, full record, Parseval)",2.0000000000002656
P92PX1H,7,3000.0,10000.0,0.06948088934111356,1,"none (rectangular, full record, Parseval)",2.0000000000002656
P92PX1H,7,10000.0,25000.0,0.11109975122250693,1,"none (rectangular, full record, Parseval)",2.0000000000002656
P92PX1H,7,25000.0,33000.0,0.0452714055796366,1,"none (rectangular, full record, Parseval)",2.0000000000002656
P92PX1H,7,33000.0,40000.0,0.03447290140271901,1,"none (rectangular, full record, Parseval)",2.0000000000002656
P92PX1H,7,40000.0,60000.0,0.05380876101365884,1,"none (rectangular, full record, Parseval)",2.0000000000002656
P92PX1H,8,3000.0,10000.0,0.0653992686904085,1,"none (rectangular, full record, Parseval)",2.0000000000002656
P92PX1H,8,10000.0,25000.0,0.09735838054397401,1,"none (rectangular, full record, Parseval)",2.0000000000002656
P92PX1H,8,25000.0,33000.0,0.04654977443211684,1,"none (rectangular, full record, Parseval)",2.0000000000002656
P92PX1H,8,33000.0,40000.0,0.03410494446354274,1,"none (rectangular, full record, Parseval)",2.0000000000002656
P92PX1H,8,40000.0,60000.0,0.051479837935776394,1,"none (rectangular, full record, Parseval)",2.0000000000002656
P92PX1H,9,3000.0,10000.0,0.06791694531689327,1,"none (rectangular, full record, Parseval)",2.0000000000002656
P92PX1H,9,10000.0,25000.0,0.08797050432243389,1,"none (rectangular, full record, Parseval)",2.0000000000002656
P92PX1H,9,25000.0,33000.0,0.04144683517296159,1,"none (rectangular, full record, Parseval)",2.0000000000002656
P92PX1H,9,33000.0,40000.0,0.031620731419843846,1,"none (rectangular, full record, Parseval)",2.0000000000002656
P92PX1H,9,40000.0,60000.0,0.05504933527501414,1,"none (rectangular, full record, Parseval)",2.0000000000002656
P92PX1H,10,3000.0,10000.0,0.07578582221603473,1,"none (rectangular, full record, Parseval)",2.0000000000002656
P92PX1H,10,10000.0,25000.0,0.10345434580802895,1,"none (rectangular, full record, Parseval)",2.0000000000002656
P92PX1H,10,25000.0,33000.0,0.04781391936547132,1,"none (rectangular, full record, Parseval)",2.0000000000002656
P92PX1H,10,33000.0,40000.0,0.03526582767760719,1,"none (rectangular, full record, Parseval)",2.0000000000002656
P92PX1H,10,40000.0,60000.0,0.054280232485613165,1,"none (rectangular, full record, Parseval)",2.0000000000002656
P92PX1H,11,3000.0,10000.0,0.08062634177266365,1,"none (rectangular, full record, Parseval)",2.0000000000002656
P92PX1H,11,10000.0,25000.0,0.09512515525168336,1,"none (rectangular, full record, Parseval)",2.0000000000002656
P92PX1H,11,25000.0,33000.0,0.04254752438687975,1,"none (rectangular, full record, Parseval)",2.0000000000002656
P92PX1H,11,33000.0,40000.0,0.034024746843682306,1,"none (rectangular, full record, Parseval)",2.0000000000002656
P92PX1H,11,40000.0,60000.0,0.05578155309281208,1,"none (rectangular, full record, Parseval)",2.0000000000002656
P92PX1H,12,3000.0,10000.0,0.07525318755621488,1,"none (rectangular, full record, Parseval)",2.0000000000002656
P92PX1H,12,10000.0,25000.0,0.08761390317147781,1,"none (rectangular, full record, Parseval)",2.0000000000002656
P92PX1H,12,25000.0,33000.0,0.04826481531205812,1,"none (rectangular, full record, Parseval)",2.0000000000002656
P92PX1H,12,33000.0,40000.0,0.03734728066595927,1,"none (rectangular, full record, Parseval)",2.0000000000002656
P92PX1H,12,40000.0,60000.0,0.053283207618723634,1,"none (rectangular, full record, Parseval)",2.0000000000002656
P92PX1H,13,3000.0,10000.0,0.06715844073374397,1,"none (rectangular, full record, Parseval)",2.0000000000002656
P92PX1H,13,10000.0,25000.0,0.09080536755469554,1,"none (rectangular, full record, Parseval)",2.0000000000002656
P92PX1H,13,25000.0,33000.0,0.03824560643510218,1,"none (rectangular, full record, Parseval)",2.0000000000002656
P92PX1H,13,33000.0,40000.0,0.032454648828440215,1,"none (rectangular, full record, Parseval)",2.0000000000002656
P92PX1H,13,40000.0,60000.0,0.05335123749443079,1,"none (rectangular, full record, Parseval)",2.0000000000002656
P92PX1H,14,3000.0,10000.0,0.07478627219203011,1,"none (rectangular, full record, Parseval)",2.0000000000002656
P92PX1H,14,10000.0,25000.0,0.0849805274466614,1,"none (rectangular, full record, Parseval)",2.0000000000002656
P92PX1H,14,25000.0,33000.0,0.04308430909156265,1,"none (rectangular, full record, Parseval)",2.0000000000002656
P92PX1H,14,33000.0,40000.0,0.03220152421966518,1,"none (rectangular, full record, Parseval)",2.0000000000002656
P92PX1H,14,40000.0,60000.0,0.05265705876807101,1,"none (rectangular, full record, Parseval)",2.0000000000002656
P92PX1H,15,3000.0,10000.0,0.07739863130525636,1,"none (rectangular, full record, Parseval)",2.0000000000002656
P92PX1H,15,10000.0,25000.0,0.08340069698131689,1,"none (rectangular, full record, Parseval)",2.0000000000002656
P92PX1H,15,25000.0,33000.0,0.042925441476676346,1,"none (rectangular, full record, Parseval)",2.0000000000002656
P92PX1H,15,33000.0,40000.0,0.03080517847773736,1,"none (rectangular, full record, Parseval)",2.0000000000002656
P92PX1H,15,40000.0,60000.0,0.052548167855610235,1,"none (rectangular, full record, Parseval)",2.0000000000002656
P92PX2A,0,3000.0,10000.0,0.6929118741071989,1,"none (rectangular, full record, Parseval)",2.0000000000002656
P92PX2A,0,10000.0,25000.0,0.27008767939917666,1,"none (rectangular, full record, Parseval)",2.0000000000002656
P92PX2A,0,25000.0,33000.0,0.07173214805319028,1,"none (rectangular, full record, Parseval)",2.0000000000002656
P92PX2A,0,33000.0,40000.0,0.053398153460262325,1,"none (rectangular, full record, Parseval)",2.0000000000002656
P92PX2A,0,40000.0,60000.0,0.07416561148800277,1,"none (rectangular, full record, Parseval)",2.0000000000002656
P92PX2A,1,3000.0,10000.0,0.479947178500423,1,"none (rectangular, full record, Parseval)",2.0000000000002656
P92PX2A,1,10000.0,25000.0,0.28835925801368734,1,"none (rectangular, full record, Parseval)",2.0000000000002656
P92PX2A,1,25000.0,33000.0,0.07180705491460512,1,"none (rectangular, full record, Parseval)",2.0000000000002656
P92PX2A,1,33000.0,40000.0,0.050801803178406844,1,"none (rectangular, full record, Parseval)",2.0000000000002656
P92PX2A,1,40000.0,60000.0,0.06951183230351843,1,"none (rectangular, full record, Parseval)",2.0000000000002656
P92PX2A,2,3000.0,10000.0,0.34845716300267215,1,"none (rectangular, full record, Parseval)",2.0000000000002656
P92PX2A,2,10000.0,25000.0,0.18385750143739987,1,"none (rectangular, full record, Parseval)",2.0000000000002656
P92PX2A,2,25000.0,33000.0,0.050143675201707885,1,"none (rectangular, full record, Parseval)",2.0000000000002656
P92PX2A,2,33000.0,40000.0,0.037029078786028055,1,"none (rectangular, full record, Parseval)",2.0000000000002656
P92PX2A,2,40000.0,60000.0,0.05526822743048422,1,"none (rectangular, full record, Parseval)",2.0000000000002656
P92PX2A,3,3000.0,10000.0,0.23990563216204766,1,"none (rectangular, full record, Parseval)",2.0000000000002656
P92PX2A,3,10000.0,25000.0,0.13563747425441966,1,"none (rectangular, full record, Parseval)",2.0000000000002656
P92PX2A,3,25000.0,33000.0,0.05322202364393933,1,"none (rectangular, full record, Parseval)",2.0000000000002656
P92PX2A,3,33000.0,40000.0,0.037033209823712054,1,"none (rectangular, full record, Parseval)",2.0000000000002656
P92PX2A,3,40000.0,60000.0,0.05476129603651244,1,"none (rectangular, full record, Parseval)",2.0000000000002656
P92PX2A,4,3000.0,10000.0,0.16312132866308496,1,"none (rectangular, full record, Parseval)",2.0000000000002656
P92PX2A,4,10000.0,25000.0,0.11271771972697246,1,"none (rectangular, full record, Parseval)",2.0000000000002656
P92PX2A,4,25000.0,33000.0,0.05594362819325632,1,"none (rectangular, full record, Parseval)",2.0000000000002656
P92PX2A,4,33000.0,40000.0,0.038282177978805766,1,"none (rectangular, full record, Parseval)",2.0000000000002656
P92PX2A,4,40000.0,60000.0,0.055632241855103064,1,"none (rectangular, full record, Parseval)",2.0000000000002656
P92PX2A,5,3000.0,10000.0,0.11384179959386524,1,"none (rectangular, full record, Parseval)",2.0000000000002656
P92PX2A,5,10000.0,25000.0,0.09610399378969028,1,"none (rectangular, full record, Parseval)",2.0000000000002656
P92PX2A,5,25000.0,33000.0,0.060392389191936374,1,"none (rectangular, full record, Parseval)",2.0000000000002656
P92PX2A,5,33000.0,40000.0,0.03537246263976845,1,"none (rectangular, full record, Parseval)",2.0000000000002656
P92PX2A,5,40000.0,60000.0,0.05128845294421734,1,"none (rectangular, full record, Parseval)",2.0000000000002656
P92PX2A,6,3000.0,10000.0,0.08647117912630511,1,"none (rectangular, full record, Parseval)",2.0000000000002656
P92PX2A,6,10000.0,25000.0,0.08918016667789658,1,"none (rectangular, full record, Parseval)",2.0000000000002656
P92PX2A,6,25000.0,33000.0,0.059777251190775,1,"none (rectangular, full record, Parseval)",2.0000000000002656
P92PX2A,6,33000.0,40000.0,0.03379474107202681,1,"none (rectangular, full record, Parseval)",2.0000000000002656
P92PX2A,6,40000.0,60000.0,0.05231925213638494,1,"none (rectangular, full record, Parseval)",2.0000000000002656
P92PX2A,7,3000.0,10000.0,0.06927188006916615,1,"none (rectangular, full record, Parseval)",2.0000000000002656
P92PX2A,7,10000.0,25000.0,0.09144582228955514,1,"none (rectangular, full record, Parseval)",2.0000000000002656
P92PX2A,7,25000.0,33000.0,0.07418930176411044,1,"none (rectangular, full record, Parseval)",2.0000000000002656
P92PX2A,7,33000.0,40000.0,0.031227140684084363,1,"none (rectangular, full record, Parseval)",2.0000000000002656
P92PX2A,7,40000.0,60000.0,0.05340596857241989,1,"none (rectangular, full record, Parseval)",2.0000000000002656
P92PX2A,8,3000.0,10000.0,0.07079765088543141,1,"none (rectangular, full record, Parseval)",2.0000000000002656
P92PX2A,8,10000.0,25000.0,0.08976354080823674,1,"none (rectangular, full record, Parseval)",2.0000000000002656
P92PX2A,8,25000.0,33000.0,0.06216896988719486,1,"none (rectangular, full record, Parseval)",2.0000000000002656
P92PX2A,8,33000.0,40000.0,0.03327996854059249,1,"none (rectangular, full record, Parseval)",2.0000000000002656
P92PX2A,8,40000.0,60000.0,0.049258880571934824,1,"none (rectangular, full record, Parseval)",2.0000000000002656
P92PX2A,9,3000.0,10000.0,0.07452271731391344,1,"none (rectangular, full record, Parseval)",2.0000000000002656
P92PX2A,9,10000.0,25000.0,0.08620810919012215,1,"none (rectangular, full record, Parseval)",2.0000000000002656
P92PX2A,9,25000.0,33000.0,0.04751951490445891,1,"none (rectangular, full record, Parseval)",2.0000000000002656
P92PX2A,9,33000.0,40000.0,0.03443321745051253,1,"none (rectangular, full record, Parseval)",2.0000000000002656
P92PX2A,9,40000.0,60000.0,0.05259969359452415,1,"none (rectangular, full record, Parseval)",2.0000000000002656
P92PX2A,10,3000.0,10000.0,0.07659343304522384,1,"none (rectangular, full record, Parseval)",2.0000000000002656
P92PX2A,10,10000.0,25000.0,0.09151488321162507,1,"none (rectangular, full record, Parseval)",2.0000000000002656
P92PX2A,10,25000.0,33000.0,0.04763361032511725,1,"none (rectangular, full record, Parseval)",2.0000000000002656
P92PX2A,10,33000.0,40000.0,0.035247866826396995,1,"none (rectangular, full record, Parseval)",2.0000000000002656
P92PX2A,10,40000.0,60000.0,0.053715328219527625,1,"none (rectangular, full record, Parseval)",2.0000000000002656
P92PX2A,11,3000.0,10000.0,0.06996595109539167,1,"none (rectangular, full record, Parseval)",2.0000000000002656
P92PX2A,11,10000.0,25000.0,0.0913041894177127,1,"none (rectangular, full record, Parseval)",2.0000000000002656
P92PX2A,11,25000.0,33000.0,0.08429686644072706,1,"none (rectangular, full record, Parseval)",2.0000000000002656
P92PX2A,11,33000.0,40000.0,0.03450963102132804,1,"none (rectangular, full record, Parseval)",2.0000000000002656
P92PX2A,11,40000.0,60000.0,0.05440420821677072,1,"none (rectangular, full record, Parseval)",2.0000000000002656
P92PX2A,12,3000.0,10000.0,0.0770554432562648,1,"none (rectangular, full record, Parseval)",2.0000000000002656
P92PX2A,12,10000.0,25000.0,0.0916073835223003,1,"none (rectangular, full record, Parseval)",2.0000000000002656
P92PX2A,12,25000.0,33000.0,0.047823297959531524,1,"none (rectangular, full record, Parseval)",2.0000000000002656
P92PX2A,12,33000.0,40000.0,0.03491735382560801,1,"none (rectangular, full record, Parseval)",2.0000000000002656
P92PX2A,12,40000.0,60000.0,0.05242867287262147,1,"none (rectangular, full record, Parseval)",2.0000000000002656
P92PX2A,13,3000.0,10000.0,0.07283265667856435,1,"none (rectangular, full record, Parseval)",2.0000000000002656
P92PX2A,13,10000.0,25000.0,0.08861042555315261,1,"none (rectangular, full record, Parseval)",2.0000000000002656
P92PX2A,13,25000.0,33000.0,0.048061259552336165,1,"none (rectangular, full record, Parseval)",2.0000000000002656
P92PX2A,13,33000.0,40000.0,0.03973801970703051,1,"none (rectangular, full record, Parseval)",2.0000000000002656
P92PX2A,13,40000.0,60000.0,0.05346411492617527,1,"none (rectangular, full record, Parseval)",2.0000000000002656
P92PX2A,14,3000.0,10000.0,0.07552754071378207,1,"none (rectangular, full record, Parseval)",2.0000000000002656
P92PX2A,14,10000.0,25000.0,0.08751806288824117,1,"none (rectangular, full record, Parseval)",2.0000000000002656
P92PX2A,14,25000.0,33000.0,0.051143373925580646,1,"none (rectangular, full record, Parseval)",2.0000000000002656
P92PX2A,14,33000.0,40000.0,0.03165709515505748,1,"none (rectangular, full record, Parseval)",2.0000000000002656
P92PX2A,14,40000.0,60000.0,0.05217862253319256,1,"none (rectangular, full record, Parseval)",2.0000000000002656
P92PX2A,15,3000.0,10000.0,0.06327371604542469,1,"none (rectangular, full record, Parseval)",2.0000000000002656
P92PX2A,15,10000.0,25000.0,0.08831729340916572,1,"none (rectangular, full record, Parseval)",2.0000000000002656
P92PX2A,15,25000.0,33000.0,0.047492041960133374,1,"none (rectangular, full record, Parseval)",2.0000000000002656
P92PX2A,15,33000.0,40000.0,0.03678926276155064,1,"none (rectangular, full record, Parseval)",2.0000000000002656
P92PX2A,15,40000.0,60000.0,0.052353995122051376,1,"none (rectangular, full record, Parseval)",2.0000000000002656
S92PX1A,0,3000.0,10000.0,1.9500229532661646,1,"none (rectangular, full record, Parseval)",2.0000000000002656
S92PX1A,0,10000.0,25000.0,0.48437061788495095,1,"none (rectangular, full record, Parseval)",2.0000000000002656
S92PX1A,0,25000.0,33000.0,0.12861258895854,1,"none (rectangular, full record, Parseval)",2.0000000000002656
S92PX1A,0,33000.0,40000.0,0.10501972872755715,1,"none (rectangular, full record, Parseval)",2.0000000000002656
S92PX1A,0,40000.0,60000.0,0.10641189146046778,1,"none (rectangular, full record, Parseval)",2.0000000000002656
S92PX1A,1,3000.0,10000.0,0.6639648132182292,1,"none (rectangular, full record, Parseval)",2.0000000000002656
S92PX1A,1,10000.0,25000.0,0.403587637602302,1,"none (rectangular, full record, Parseval)",2.0000000000002656
S92PX1A,1,25000.0,33000.0,0.12803372295302928,1,"none (rectangular, full record, Parseval)",2.0000000000002656
S92PX1A,1,33000.0,40000.0,0.07614158283019637,1,"none (rectangular, full record, Parseval)",2.0000000000002656
S92PX1A,1,40000.0,60000.0,0.08976850067613747,1,"none (rectangular, full record, Parseval)",2.0000000000002656
S92PX1A,2,3000.0,10000.0,0.3151838070722823,1,"none (rectangular, full record, Parseval)",2.0000000000002656
S92PX1A,2,10000.0,25000.0,0.2634829209080631,1,"none (rectangular, full record, Parseval)",2.0000000000002656
S92PX1A,2,25000.0,33000.0,0.11878187792338958,1,"none (rectangular, full record, Parseval)",2.0000000000002656
S92PX1A,2,33000.0,40000.0,0.06362412077189339,1,"none (rectangular, full record, Parseval)",2.0000000000002656
S92PX1A,2,40000.0,60000.0,0.07464255594753308,1,"none (rectangular, full record, Parseval)",2.0000000000002656
S92PX1A,3,3000.0,10000.0,0.1730559766594093,1,"none (rectangular, full record, Parseval)",2.0000000000002656
S92PX1A,3,10000.0,25000.0,0.20191143031549824,1,"none (rectangular, full record, Parseval)",2.0000000000002656
S92PX1A,3,25000.0,33000.0,0.11230831797716304,1,"none (rectangular, full record, Parseval)",2.0000000000002656
S92PX1A,3,33000.0,40000.0,0.06316768707726336,1,"none (rectangular, full record, Parseval)",2.0000000000002656
S92PX1A,3,40000.0,60000.0,0.07318571651466382,1,"none (rectangular, full record, Parseval)",2.0000000000002656
S92PX1A,4,3000.0,10000.0,0.11071183421432987,1,"none (rectangular, full record, Parseval)",2.0000000000002656
S92PX1A,4,10000.0,25000.0,0.17415424923258538,1,"none (rectangular, full record, Parseval)",2.0000000000002656
S92PX1A,4,25000.0,33000.0,0.11029694748839,1,"none (rectangular, full record, Parseval)",2.0000000000002656
S92PX1A,4,33000.0,40000.0,0.06221491392879835,1,"none (rectangular, full record, Parseval)",2.0000000000002656
S92PX1A,4,40000.0,60000.0,0.06927121734897618,1,"none (rectangular, full record, Parseval)",2.0000000000002656
S92PX1A,5,3000.0,10000.0,0.08407080869926746,1,"none (rectangular, full record, Parseval)",2.0000000000002656
S92PX1A,5,10000.0,25000.0,0.1638200722248047,1,"none (rectangular, full record, Parseval)",2.0000000000002656
S92PX1A,5,25000.0,33000.0,0.11238174310910466,1,"none (rectangular, full record, Parseval)",2.0000000000002656
S92PX1A,5,33000.0,40000.0,0.0626683788409918,1,"none (rectangular, full record, Parseval)",2.0000000000002656
S92PX1A,5,40000.0,60000.0,0.06997379609536418,1,"none (rectangular, full record, Parseval)",2.0000000000002656
S92PX1A,6,3000.0,10000.0,0.07467102669325168,1,"none (rectangular, full record, Parseval)",2.0000000000002656
S92PX1A,6,10000.0,25000.0,0.17004817010572548,1,"none (rectangular, full record, Parseval)",2.0000000000002656
S92PX1A,6,25000.0,33000.0,0.10834727836926347,1,"none (rectangular, full record, Parseval)",2.0000000000002656
S92PX1A,6,33000.0,40000.0,0.06315588876680697,1,"none (rectangular, full record, Parseval)",2.0000000000002656
S92PX1A,6,40000.0,60000.0,0.07413873096963901,1,"none (rectangular, full record, Parseval)",2.0000000000002656
S92PX1A,7,3000.0,10000.0,0.06489159262781362,1,"none (rectangular, full record, Parseval)",2.0000000000002656
S92PX1A,7,10000.0,25000.0,0.19168537900201077,1,"none (rectangular, full record, Parseval)",2.0000000000002656
S92PX1A,7,25000.0,33000.0,0.11632141877899603,1,"none (rectangular, full record, Parseval)",2.0000000000002656
S92PX1A,7,33000.0,40000.0,0.06537001754777282,1,"none (rectangular, full record, Parseval)",2.0000000000002656
S92PX1A,7,40000.0,60000.0,0.07468430515789437,1,"none (rectangular, full record, Parseval)",2.0000000000002656
S92PX1A,8,3000.0,10000.0,0.07187225888143402,1,"none (rectangular, full record, Parseval)",2.0000000000002656
S92PX1A,8,10000.0,25000.0,0.17828366645911847,1,"none (rectangular, full record, Parseval)",2.0000000000002656
S92PX1A,8,25000.0,33000.0,0.10978199030630903,1,"none (rectangular, full record, Parseval)",2.0000000000002656
S92PX1A,8,33000.0,40000.0,0.06049611542109503,1,"none (rectangular, full record, Parseval)",2.0000000000002656
S92PX1A,8,40000.0,60000.0,0.07244360717000933,1,"none (rectangular, full record, Parseval)",2.0000000000002656
S92PX1A,9,3000.0,10000.0,0.06782854271967738,1,"none (rectangular, full record, Parseval)",2.0000000000002656
S92PX1A,9,10000.0,25000.0,0.15724301198455365,1,"none (rectangular, full record, Parseval)",2.0000000000002656
S92PX1A,9,25000.0,33000.0,0.11547174380936266,1,"none (rectangular, full record, Parseval)",2.0000000000002656
S92PX1A,9,33000.0,40000.0,0.061253316821280164,1,"none (rectangular, full record, Parseval)",2.0000000000002656
S92PX1A,9,40000.0,60000.0,0.07305245654576602,1,"none (rectangular, full record, Parseval)",2.0000000000002656
S92PX1A,10,3000.0,10000.0,0.07348300237741882,1,"none (rectangular, full record, Parseval)",2.0000000000002656
S92PX1A,10,10000.0,25000.0,0.16229626305589698,1,"none (rectangular, full record, Parseval)",2.0000000000002656
S92PX1A,10,25000.0,33000.0,0.11103274515591045,1,"none (rectangular, full record, Parseval)",2.0000000000002656
S92PX1A,10,33000.0,40000.0,0.06131534782013666,1,"none (rectangular, full record, Parseval)",2.0000000000002656
S92PX1A,10,40000.0,60000.0,0.07009164848085606,1,"none (rectangular, full record, Parseval)",2.0000000000002656
S92PX1A,11,3000.0,10000.0,0.07124255128814158,1,"none (rectangular, full record, Parseval)",2.0000000000002656
S92PX1A,11,10000.0,25000.0,0.1598013730675228,1,"none (rectangular, full record, Parseval)",2.0000000000002656
S92PX1A,11,25000.0,33000.0,0.11549753142490314,1,"none (rectangular, full record, Parseval)",2.0000000000002656
S92PX1A,11,33000.0,40000.0,0.05979216232026157,1,"none (rectangular, full record, Parseval)",2.0000000000002656
S92PX1A,11,40000.0,60000.0,0.07474696431015929,1,"none (rectangular, full record, Parseval)",2.0000000000002656
S92PX1A,12,3000.0,10000.0,0.08003360386885906,1,"none (rectangular, full record, Parseval)",2.0000000000002656
S92PX1A,12,10000.0,25000.0,0.15690555930544234,1,"none (rectangular, full record, Parseval)",2.0000000000002656
S92PX1A,12,25000.0,33000.0,0.11028586552855134,1,"none (rectangular, full record, Parseval)",2.0000000000002656
S92PX1A,12,33000.0,40000.0,0.06005827343979234,1,"none (rectangular, full record, Parseval)",2.0000000000002656
S92PX1A,12,40000.0,60000.0,0.07407006549895832,1,"none (rectangular, full record, Parseval)",2.0000000000002656
S92PX1A,13,3000.0,10000.0,0.07371120773011385,1,"none (rectangular, full record, Parseval)",2.0000000000002656
S92PX1A,13,10000.0,25000.0,0.20665328721225698,1,"none (rectangular, full record, Parseval)",2.0000000000002656
S92PX1A,13,25000.0,33000.0,0.11513462883340972,1,"none (rectangular, full record, Parseval)",2.0000000000002656
S92PX1A,13,33000.0,40000.0,0.05992242602506362,1,"none (rectangular, full record, Parseval)",2.0000000000002656
S92PX1A,13,40000.0,60000.0,0.07474214225934915,1,"none (rectangular, full record, Parseval)",2.0000000000002656
S92PX1A,14,3000.0,10000.0,0.07895577216984714,1,"none (rectangular, full record, Parseval)",2.0000000000002656
S92PX1A,14,10000.0,25000.0,0.15820358036006604,1,"none (rectangular, full record, Parseval)",2.0000000000002656
S92PX1A,14,25000.0,33000.0,0.10952862603534545,1,"none (rectangular, full record, Parseval)",2.0000000000002656
S92PX1A,14,33000.0,40000.0,0.061483019062893836,1,"none (rectangular, full record, Parseval)",2.0000000000002656
S92PX1A,14,40000.0,60000.0,0.07397644328723889,1,"none (rectangular, full record, Parseval)",2.0000000000002656
S92PX1A,15,3000.0,10000.0,0.06659258660354506,1,"none (rectangular, full record, Parseval)",2.0000000000002656
S92PX1A,15,10000.0,25000.0,0.16719447256009862,1,"none (rectangular, full record, Parseval)",2.0000000000002656
S92PX1A,15,25000.0,33000.0,0.1137300225363609,1,"none (rectangular, full record, Parseval)",2.0000000000002656
S92PX1A,15,33000.0,40000.0,0.0594298242828373,1,"none (rectangular, full record, Parseval)",2.0000000000002656
S92PX1A,15,40000.0,60000.0,0.07203887715308042,1,"none (rectangular, full record, Parseval)",2.0000000000002656
S92PX1B,0,3000.0,10000.0,1.9579497955262093,1,"none (rectangular, full record, Parseval)",2.0000000000002656
S92PX1B,0,10000.0,25000.0,0.48214920439846143,1,"none (rectangular, full record, Parseval)",2.0000000000002656
S92PX1B,0,25000.0,33000.0,0.13362334721729768,1,"none (rectangular, full record, Parseval)",2.0000000000002656
S92PX1B,0,33000.0,40000.0,0.10681659176732464,1,"none (rectangular, full record, Parseval)",2.0000000000002656
S92PX1B,0,40000.0,60000.0,0.1089117130831485,1,"none (rectangular, full record, Parseval)",2.0000000000002656
S92PX1B,1,3000.0,10000.0,0.6893523941609027,1,"none (rectangular, full record, Parseval)",2.0000000000002656
S92PX1B,1,10000.0,25000.0,0.41566812149435095,1,"none (rectangular, full record, Parseval)",2.0000000000002656
S92PX1B,1,25000.0,33000.0,0.1374681118191793,1,"none (rectangular, full record, Parseval)",2.0000000000002656
S92PX1B,1,33000.0,40000.0,0.09088420530937526,1,"none (rectangular, full record, Parseval)",2.0000000000002656
S92PX1B,1,40000.0,60000.0,0.08107331971043662,1,"none (rectangular, full record, Parseval)",2.0000000000002656
S92PX1B,2,3000.0,10000.0,0.3278196604257104,1,"none (rectangular, full record, Parseval)",2.0000000000002656
S92PX1B,2,10000.0,25000.0,0.24046804615232673,1,"none (rectangular, full record, Parseval)",2.0000000000002656
S92PX1B,2,25000.0,33000.0,0.11166252657284172,1,"none (rectangular, full record, Parseval)",2.0000000000002656
S92PX1B,2,33000.0,40000.0,0.06532865280115488,1,"none (rectangular, full record, Parseval)",2.0000000000002656
S92PX1B,2,40000.0,60000.0,0.08905636237866486,1,"none (rectangular, full record, Parseval)",2.0000000000002656
S92PX1B,3,3000.0,10000.0,0.18169993831610043,1,"none (rectangular, full record, Parseval)",2.0000000000002656
S92PX1B,3,10000.0,25000.0,0.15118213473082776,1,"none (rectangular, full record, Parseval)",2.0000000000002656
S92PX1B,3,25000.0,33000.0,0.07388252111091496,1,"none (rectangular, full record, Parseval)",2.0000000000002656
S92PX1B,3,33000.0,40000.0,0.051103554644450336,1,"none (rectangular, full record, Parseval)",2.0000000000002656
S92PX1B,3,40000.0,60000.0,0.06832902607049765,1,"none (rectangular, full record, Parseval)",2.0000000000002656
S92PX1B,4,3000.0,10000.0,0.1125691113744616,1,"none (rectangular, full record, Parseval)",2.0000000000002656
S92PX1B,4,10000.0,25000.0,0.1100752902191236,1,"none (rectangular, full record, Parseval)",2.0000000000002656
S92PX1B,4,25000.0,33000.0,0.05062954598755735,1,"none (rectangular, full record, Parseval)",2.0000000000002656
S92PX1B,4,33000.0,40000.0,0.04135076203194296,1,"none (rectangular, full record, Parseval)",2.0000000000002656
S92PX1B,4,40000.0,60000.0,0.05678687160268044,1,"none (rectangular, full record, Parseval)",2.0000000000002656
S92PX1B,5,3000.0,10000.0,0.08787351118083438,1,"none (rectangular, full record, Parseval)",2.0000000000002656
S92PX1B,5,10000.0,25000.0,0.08776686381772769,1,"none (rectangular, full record, Parseval)",2.0000000000002656
S92PX1B,5,25000.0,33000.0,0.04272908788869854,1,"none (rectangular, full record, Parseval)",2.0000000000002656
S92PX1B,5,33000.0,40000.0,0.04061434838933039,1,"none (rectangular, full record, Parseval)",2.0000000000002656
S92PX1B,5,40000.0,60000.0,0.05125822609238095,1,"none (rectangular, full record, Parseval)",2.0000000000002656
S92PX1B,6,3000.0,10000.0,0.0814578740148559,1,"none (rectangular, full record, Parseval)",2.0000000000002656
S92PX1B,6,10000.0,25000.0,0.08599134564564699,1,"none (rectangular, full record, Parseval)",2.0000000000002656
S92PX1B,6,25000.0,33000.0,0.04752012622021636,1,"none (rectangular, full record, Parseval)",2.0000000000002656
S92PX1B,6,33000.0,40000.0,0.03640146709990476,1,"none (rectangular, full record, Parseval)",2.0000000000002656
S92PX1B,6,40000.0,60000.0,0.05313300716251759,1,"none (rectangular, full record, Parseval)",2.0000000000002656
S92PX1B,7,3000.0,10000.0,0.06591670147952776,1,"none (rectangular, full record, Parseval)",2.0000000000002656
S92PX1B,7,10000.0,25000.0,0.09416709803642223,1,"none (rectangular, full record, Parseval)",2.0000000000002656
S92PX1B,7,25000.0,33000.0,0.0418521828869929,1,"none (rectangular, full record, Parseval)",2.0000000000002656
S92PX1B,7,33000.0,40000.0,0.03861843897725788,1,"none (rectangular, full record, Parseval)",2.0000000000002656
S92PX1B,7,40000.0,60000.0,0.05191802974867315,1,"none (rectangular, full record, Parseval)",2.0000000000002656
S92PX1B,8,3000.0,10000.0,0.07066806388844331,1,"none (rectangular, full record, Parseval)",2.0000000000002656
S92PX1B,8,10000.0,25000.0,0.1114536231975294,1,"none (rectangular, full record, Parseval)",2.0000000000002656
S92PX1B,8,25000.0,33000.0,0.03947317408940097,1,"none (rectangular, full record, Parseval)",2.0000000000002656
S92PX1B,8,33000.0,40000.0,0.03613837869926332,1,"none (rectangular, full record, Parseval)",2.0000000000002656
S92PX1B,8,40000.0,60000.0,0.05121428238691932,1,"none (rectangular, full record, Parseval)",2.0000000000002656
S92PX1B,9,3000.0,10000.0,0.0757162950054703,1,"none (rectangular, full record, Parseval)",2.0000000000002656
S92PX1B,9,10000.0,25000.0,0.07360464007026236,1,"none (rectangular, full record, Parseval)",2.0000000000002656
S92PX1B,9,25000.0,33000.0,0.038971795644607905,1,"none (rectangular, full record, Parseval)",2.0000000000002656
S92PX1B,9,33000.0,40000.0,0.035504634476586805,1,"none (rectangular, full record, Parseval)",2.0000000000002656
S92PX1B,9,40000.0,60000.0,0.04930915657042352,1,"none (rectangular, full record, Parseval)",2.0000000000002656
S92PX1B,10,3000.0,10000.0,0.07272806690360145,1,"none (rectangular, full record, Parseval)",2.0000000000002656
S92PX1B,10,10000.0,25000.0,0.0651816382038671,1,"none (rectangular, full record, Parseval)",2.0000000000002656
S92PX1B,10,25000.0,33000.0,0.0421944439383561,1,"none (rectangular, full record, Parseval)",2.0000000000002656
S92PX1B,10,33000.0,40000.0,0.03494800405723531,1,"none (rectangular, full record, Parseval)",2.0000000000002656
S92PX1B,10,40000.0,60000.0,0.051609675106621254,1,"none (rectangular, full record, Parseval)",2.0000000000002656
S92PX1B,11,3000.0,10000.0,0.07446968703012943,1,"none (rectangular, full record, Parseval)",2.0000000000002656
S92PX1B,11,10000.0,25000.0,0.06437361062796029,1,"none (rectangular, full record, Parseval)",2.0000000000002656
S92PX1B,11,25000.0,33000.0,0.03907413325183427,1,"none (rectangular, full record, Parseval)",2.0000000000002656
S92PX1B,11,33000.0,40000.0,0.035037517275071324,1,"none (rectangular, full record, Parseval)",2.0000000000002656
S92PX1B,11,40000.0,60000.0,0.05086386801935102,1,"none (rectangular, full record, Parseval)",2.0000000000002656
S92PX1B,12,3000.0,10000.0,0.07307639320624215,1,"none (rectangular, full record, Parseval)",2.0000000000002656
S92PX1B,12,10000.0,25000.0,0.07094545519030908,1,"none (rectangular, full record, Parseval)",2.0000000000002656
S92PX1B,12,25000.0,33000.0,0.043544081506007616,1,"none (rectangular, full record, Parseval)",2.0000000000002656
S92PX1B,12,33000.0,40000.0,0.0348089128134499,1,"none (rectangular, full record, Parseval)",2.0000000000002656
S92PX1B,12,40000.0,60000.0,0.05291531021935694,1,"none (rectangular, full record, Parseval)",2.0000000000002656
S92PX1B,13,3000.0,10000.0,0.06349694013339838,1,"none (rectangular, full record, Parseval)",2.0000000000002656
S92PX1B,13,10000.0,25000.0,0.07782936254507655,1,"none (rectangular, full record, Parseval)",2.0000000000002656
S92PX1B,13,25000.0,33000.0,0.03958476639111697,1,"none (rectangular, full record, Parseval)",2.0000000000002656
S92PX1B,13,33000.0,40000.0,0.03234063572387647,1,"none (rectangular, full record, Parseval)",2.0000000000002656
S92PX1B,13,40000.0,60000.0,0.05171293384735361,1,"none (rectangular, full record, Parseval)",2.0000000000002656
S92PX1B,14,3000.0,10000.0,0.07038802501113521,1,"none (rectangular, full record, Parseval)",2.0000000000002656
S92PX1B,14,10000.0,25000.0,0.06448534250981788,1,"none (rectangular, full record, Parseval)",2.0000000000002656
S92PX1B,14,25000.0,33000.0,0.04497206830980841,1,"none (rectangular, full record, Parseval)",2.0000000000002656
S92PX1B,14,33000.0,40000.0,0.0367464972094749,1,"none (rectangular, full record, Parseval)",2.0000000000002656
S92PX1B,14,40000.0,60000.0,0.05385313079297988,1,"none (rectangular, full record, Parseval)",2.0000000000002656
S92PX1B,15,3000.0,10000.0,0.0740808018429543,1,"none (rectangular, full record, Parseval)",2.0000000000002656
S92PX1B,15,10000.0,25000.0,0.06633281258000286,1,"none (rectangular, full record, Parseval)",2.0000000000002656
S92PX1B,15,25000.0,33000.0,0.04539205090221661,1,"none (rectangular, full record, Parseval)",2.0000000000002656
S92PX1B,15,33000.0,40000.0,0.036042626804600734,1,"none (rectangular, full record, Parseval)",2.0000000000002656
S92PX1B,15,40000.0,60000.0,0.05101633554762608,1,"none (rectangular, full record, Parseval)",2.0000000000002656
S92PX2A,0,3000.0,10000.0,1.9733139861493605,1,"none (rectangular, full record, Parseval)",2.0000000000002656
S92PX2A,0,10000.0,25000.0,0.39125077496933763,1,"none (rectangular, full record, Parseval)",2.0000000000002656
S92PX2A,0,25000.0,33000.0,0.0908541758976871,1,"none (rectangular, full record, Parseval)",2.0000000000002656
S92PX2A,0,33000.0,40000.0,0.052540046594692066,1,"none (rectangular, full record, Parseval)",2.0000000000002656
S92PX2A,0,40000.0,60000.0,0.05452093269047545,1,"none (rectangular, full record, Parseval)",2.0000000000002656
S92PX2A,1,3000.0,10000.0,0.829969322880809,1,"none (rectangular, full record, Parseval)",2.0000000000002656
S92PX2A,1,10000.0,25000.0,0.28233081675582605,1,"none (rectangular, full record, Parseval)",2.0000000000002656
S92PX2A,1,25000.0,33000.0,0.08633223750038442,1,"none (rectangular, full record, Parseval)",2.0000000000002656
S92PX2A,1,33000.0,40000.0,0.04283924652767626,1,"none (rectangular, full record, Parseval)",2.0000000000002656
S92PX2A,1,40000.0,60000.0,0.059999463235011596,1,"none (rectangular, full record, Parseval)",2.0000000000002656
S92PX2A,2,3000.0,10000.0,0.4689731139362704,1,"none (rectangular, full record, Parseval)",2.0000000000002656
S92PX2A,2,10000.0,25000.0,0.20610385240077456,1,"none (rectangular, full record, Parseval)",2.0000000000002656
S92PX2A,2,25000.0,33000.0,0.08362211353708063,1,"none (rectangular, full record, Parseval)",2.0000000000002656
S92PX2A,2,33000.0,40000.0,0.045631970481029016,1,"none (rectangular, full record, Parseval)",2.0000000000002656
S92PX2A,2,40000.0,60000.0,0.05675673435222635,1,"none (rectangular, full record, Parseval)",2.0000000000002656
S92PX2A,3,3000.0,10000.0,0.28334726234211954,1,"none (rectangular, full record, Parseval)",2.0000000000002656
S92PX2A,3,10000.0,25000.0,0.161015637965528,1,"none (rectangular, full record, Parseval)",2.0000000000002656
S92PX2A,3,25000.0,33000.0,0.08767410474215956,1,"none (rectangular, full record, Parseval)",2.0000000000002656
S92PX2A,3,33000.0,40000.0,0.04808534379000346,1,"none (rectangular, full record, Parseval)",2.0000000000002656
S92PX2A,3,40000.0,60000.0,0.05690704552959154,1,"none (rectangular, full record, Parseval)",2.0000000000002656
S92PX2A,4,3000.0,10000.0,0.17826480429548755,1,"none (rectangular, full record, Parseval)",2.0000000000002656
S92PX2A,4,10000.0,25000.0,0.13842391394401915,1,"none (rectangular, full record, Parseval)",2.0000000000002656
S92PX2A,4,25000.0,33000.0,0.08542042312930402,1,"none (rectangular, full record, Parseval)",2.0000000000002656
S92PX2A,4,33000.0,40000.0,0.04675642458777569,1,"none (rectangular, full record, Parseval)",2.0000000000002656
S92PX2A,4,40000.0,60000.0,0.05487052378250459,1,"none (rectangular, full record, Parseval)",2.0000000000002656
S92PX2A,5,3000.0,10000.0,0.11909463659980633,1,"none (rectangular, full record, Parseval)",2.0000000000002656
S92PX2A,5,10000.0,25000.0,0.12666906056070174,1,"none (rectangular, full record, Parseval)",2.0000000000002656
S92PX2A,5,25000.0,33000.0,0.08028550657091732,1,"none (rectangular, full record, Parseval)",2.0000000000002656
S92PX2A,5,33000.0,40000.0,0.04712219530941315,1,"none (rectangular, full record, Parseval)",2.0000000000002656
S92PX2A,5,40000.0,60000.0,0.05556774999295596,1,"none (rectangular, full record, Parseval)",2.0000000000002656
S92PX2A,6,3000.0,10000.0,0.077296225772895,1,"none (rectangular, full record, Parseval)",2.0000000000002656
S92PX2A,6,10000.0,25000.0,0.12222422742590636,1,"none (rectangular, full record, Parseval)",2.0000000000002656
S92PX2A,6,25000.0,33000.0,0.09190026969017799,1,"none (rectangular, full record, Parseval)",2.0000000000002656
S92PX2A,6,33000.0,40000.0,0.044745000567762046,1,"none (rectangular, full record, Parseval)",2.0000000000002656
S92PX2A,6,40000.0,60000.0,0.05660470941781736,1,"none (rectangular, full record, Parseval)",2.0000000000002656
S92PX2A,7,3000.0,10000.0,0.07586406605116955,1,"none (rectangular, full record, Parseval)",2.0000000000002656
S92PX2A,7,10000.0,25000.0,0.12348460198547236,1,"none (rectangular, full record, Parseval)",2.0000000000002656
S92PX2A,7,25000.0,33000.0,0.09435216288031534,1,"none (rectangular, full record, Parseval)",2.0000000000002656
S92PX2A,7,33000.0,40000.0,0.042365247399582306,1,"none (rectangular, full record, Parseval)",2.0000000000002656
S92PX2A,7,40000.0,60000.0,0.05457421565796263,1,"none (rectangular, full record, Parseval)",2.0000000000002656
S92PX2A,8,3000.0,10000.0,0.07183495497146075,1,"none (rectangular, full record, Parseval)",2.0000000000002656
S92PX2A,8,10000.0,25000.0,0.12346767031809176,1,"none (rectangular, full record, Parseval)",2.0000000000002656
S92PX2A,8,25000.0,33000.0,0.09497775673919365,1,"none (rectangular, full record, Parseval)",2.0000000000002656
S92PX2A,8,33000.0,40000.0,0.045649917413201485,1,"none (rectangular, full record, Parseval)",2.0000000000002656
S92PX2A,8,40000.0,60000.0,0.05510671258568215,1,"none (rectangular, full record, Parseval)",2.0000000000002656
S92PX2A,9,3000.0,10000.0,0.061909578154930714,1,"none (rectangular, full record, Parseval)",2.0000000000002656
S92PX2A,9,10000.0,25000.0,0.11330855975271739,1,"none (rectangular, full record, Parseval)",2.0000000000002656
S92PX2A,9,25000.0,33000.0,0.08468465078027931,1,"none (rectangular, full record, Parseval)",2.0000000000002656
S92PX2A,9,33000.0,40000.0,0.04266541845785699,1,"none (rectangular, full record, Parseval)",2.0000000000002656
S92PX2A,9,40000.0,60000.0,0.055077989927505434,1,"none (rectangular, full record, Parseval)",2.0000000000002656
S92PX2A,10,3000.0,10000.0,0.0640799809955221,1,"none (rectangular, full record, Parseval)",2.0000000000002656
S92PX2A,10,10000.0,25000.0,0.11414905833958658,1,"none (rectangular, full record, Parseval)",2.0000000000002656
S92PX2A,10,25000.0,33000.0,0.111723071315865,1,"none (rectangular, full record, Parseval)",2.0000000000002656
S92PX2A,10,33000.0,40000.0,0.047666954511567536,1,"none (rectangular, full record, Parseval)",2.0000000000002656
S92PX2A,10,40000.0,60000.0,0.05752436372308917,1,"none (rectangular, full record, Parseval)",2.0000000000002656
S92PX2A,11,3000.0,10000.0,0.06650440277350904,1,"none (rectangular, full record, Parseval)",2.0000000000002656
S92PX2A,11,10000.0,25000.0,0.12232061485143689,1,"none (rectangular, full record, Parseval)",2.0000000000002656
S92PX2A,11,25000.0,33000.0,0.08244470947980428,1,"none (rectangular, full record, Parseval)",2.0000000000002656
S92PX2A,11,33000.0,40000.0,0.04715567008672459,1,"none (rectangular, full record, Parseval)",2.0000000000002656
S92PX2A,11,40000.0,60000.0,0.0538988945505168,1,"none (rectangular, full record, Parseval)",2.0000000000002656
S92PX2A,12,3000.0,10000.0,0.06529872408526381,1,"none (rectangular, full record, Parseval)",2.0000000000002656
S92PX2A,12,10000.0,25000.0,0.11562401199276637,1,"none (rectangular, full record, Parseval)",2.0000000000002656
S92PX2A,12,25000.0,33000.0,0.0916229097786821,1,"none (rectangular, full record, Parseval)",2.0000000000002656
S92PX2A,12,33000.0,40000.0,0.04555897531651253,1,"none (rectangular, full record, Parseval)",2.0000000000002656
S92PX2A,12,40000.0,60000.0,0.05524419708755796,1,"none (rectangular, full record, Parseval)",2.0000000000002656
S92PX2A,13,3000.0,10000.0,0.06479573659491555,1,"none (rectangular, full record, Parseval)",2.0000000000002656
S92PX2A,13,10000.0,25000.0,0.11930063669741295,1,"none (rectangular, full record, Parseval)",2.0000000000002656
S92PX2A,13,25000.0,33000.0,0.08453573942270513,1,"none (rectangular, full record, Parseval)",2.0000000000002656
S92PX2A,13,33000.0,40000.0,0.05017793911115107,1,"none (rectangular, full record, Parseval)",2.0000000000002656
S92PX2A,13,40000.0,60000.0,0.058913367046915015,1,"none (rectangular, full record, Parseval)",2.0000000000002656
S92PX2A,14,3000.0,10000.0,0.06142325117973043,1,"none (rectangular, full record, Parseval)",2.0000000000002656
S92PX2A,14,10000.0,25000.0,0.11609505168068626,1,"none (rectangular, full record, Parseval)",2.0000000000002656
S92PX2A,14,25000.0,33000.0,0.09246047614098724,1,"none (rectangular, full record, Parseval)",2.0000000000002656
S92PX2A,14,33000.0,40000.0,0.047691410561687464,1,"none (rectangular, full record, Parseval)",2.0000000000002656
S92PX2A,14,40000.0,60000.0,0.05770650399314021,1,"none (rectangular, full record, Parseval)",2.0000000000002656
S92PX2A,15,3000.0,10000.0,0.0634108104820278,1,"none (rectangular, full record, Parseval)",2.0000000000002656
S92PX2A,15,10000.0,25000.0,0.11987141336487298,1,"none (rectangular, full record, Parseval)",2.0000000000002656
S92PX2A,15,25000.0,33000.0,0.08190351996278908,1,"none (rectangular, full record, Parseval)",2.0000000000002656
S92PX2A,15,33000.0,40000.0,0.0463169578591035,1,"none (rectangular, full record, Parseval)",2.0000000000002656
S92PX2A,15,40000.0,60000.0,0.0565157013242225,1,"none (rectangular, full record, Parseval)",2.0000000000002656
S92PX2B,0,3000.0,10000.0,1.9765560876416162,1,"none (rectangular, full record, Parseval)",2.0000000000002656
S92PX2B,0,10000.0,25000.0,0.38918686190882473,1,"none (rectangular, full record, Parseval)",2.0000000000002656
S92PX2B,0,25000.0,33000.0,0.08721205562686102,1,"none (rectangular, full record, Parseval)",2.0000000000002656
S92PX2B,0,33000.0,40000.0,0.04566563312972475,1,"none (rectangular, full record, Parseval)",2.0000000000002656
S92PX2B,0,40000.0,60000.0,0.059504905739381476,1,"none (rectangular, full record, Parseval)",2.0000000000002656
S92PX2B,1,3000.0,10000.0,0.8554792280249089,1,"none (rectangular, full record, Parseval)",2.0000000000002656
S92PX2B,1,10000.0,25000.0,0.28301792663748243,1,"none (rectangular, full record, Parseval)",2.0000000000002656
S92PX2B,1,25000.0,33000.0,0.0716393726175085,1,"none (rectangular, full record, Parseval)",2.0000000000002656
S92PX2B,1,33000.0,40000.0,0.04067721976235387,1,"none (rectangular, full record, Parseval)",2.0000000000002656
S92PX2B,1,40000.0,60000.0,0.05913122679972299,1,"none (rectangular, full record, Parseval)",2.0000000000002656
S92PX2B,2,3000.0,10000.0,0.4901576071983133,1,"none (rectangular, full record, Parseval)",2.0000000000002656
S92PX2B,2,10000.0,25000.0,0.1932711512233703,1,"none (rectangular, full record, Parseval)",2.0000000000002656
S92PX2B,2,25000.0,33000.0,0.07439196039850143,1,"none (rectangular, full record, Parseval)",2.0000000000002656
S92PX2B,2,33000.0,40000.0,0.03996246547376339,1,"none (rectangular, full record, Parseval)",2.0000000000002656
S92PX2B,2,40000.0,60000.0,0.05389040180424906,1,"none (rectangular, full record, Parseval)",2.0000000000002656
S92PX2B,3,3000.0,10000.0,0.30364692615266103,1,"none (rectangular, full record, Parseval)",2.0000000000002656
S92PX2B,3,10000.0,25000.0,0.1338667997344918,1,"none (rectangular, full record, Parseval)",2.0000000000002656
S92PX2B,3,25000.0,33000.0,0.06417642615027254,1,"none (rectangular, full record, Parseval)",2.0000000000002656
S92PX2B,3,33000.0,40000.0,0.035719303848516494,1,"none (rectangular, full record, Parseval)",2.0000000000002656
S92PX2B,3,40000.0,60000.0,0.052054877922681035,1,"none (rectangular, full record, Parseval)",2.0000000000002656
S92PX2B,4,3000.0,10000.0,0.19558828441962664,1,"none (rectangular, full record, Parseval)",2.0000000000002656
S92PX2B,4,10000.0,25000.0,0.10109370420911122,1,"none (rectangular, full record, Parseval)",2.0000000000002656
S92PX2B,4,25000.0,33000.0,0.05548561354865771,1,"none (rectangular, full record, Parseval)",2.0000000000002656
S92PX2B,4,33000.0,40000.0,0.035392777716817383,1,"none (rectangular, full record, Parseval)",2.0000000000002656
S92PX2B,4,40000.0,60000.0,0.051931297793908,1,"none (rectangular, full record, Parseval)",2.0000000000002656
S92PX2B,5,3000.0,10000.0,0.13395805244903297,1,"none (rectangular, full record, Parseval)",2.0000000000002656
S92PX2B,5,10000.0,25000.0,0.08547467586267204,1,"none (rectangular, full record, Parseval)",2.0000000000002656
S92PX2B,5,25000.0,33000.0,0.05477949404840578,1,"none (rectangular, full record, Parseval)",2.0000000000002656
S92PX2B,5,33000.0,40000.0,0.03473619034808861,1,"none (rectangular, full record, Parseval)",2.0000000000002656
S92PX2B,5,40000.0,60000.0,0.05042729318227062,1,"none (rectangular, full record, Parseval)",2.0000000000002656
S92PX2B,6,3000.0,10000.0,0.09578017217666784,1,"none (rectangular, full record, Parseval)",2.0000000000002656
S92PX2B,6,10000.0,25000.0,0.0676823258340477,1,"none (rectangular, full record, Parseval)",2.0000000000002656
S92PX2B,6,25000.0,33000.0,0.04948324721334994,1,"none (rectangular, full record, Parseval)",2.0000000000002656
S92PX2B,6,33000.0,40000.0,0.03247705534633995,1,"none (rectangular, full record, Parseval)",2.0000000000002656
S92PX2B,6,40000.0,60000.0,0.049478249726292715,1,"none (rectangular, full record, Parseval)",2.0000000000002656
S92PX2B,7,3000.0,10000.0,0.07762585286867797,1,"none (rectangular, full record, Parseval)",2.0000000000002656
S92PX2B,7,10000.0,25000.0,0.05856188956552883,1,"none (rectangular, full record, Parseval)",2.0000000000002656
S92PX2B,7,25000.0,33000.0,0.06353317135159715,1,"none (rectangular, full record, Parseval)",2.0000000000002656
S92PX2B,7,33000.0,40000.0,0.032592593435935596,1,"none (rectangular, full record, Parseval)",2.0000000000002656
S92PX2B,7,40000.0,60000.0,0.053202162505370874,1,"none (rectangular, full record, Parseval)",2.0000000000002656
S92PX2B,8,3000.0,10000.0,0.08333669432672802,1,"none (rectangular, full record, Parseval)",2.0000000000002656
S92PX2B,8,10000.0,25000.0,0.06732311713344441,1,"none (rectangular, full record, Parseval)",2.0000000000002656
S92PX2B,8,25000.0,33000.0,0.05587772770708356,1,"none (rectangular, full record, Parseval)",2.0000000000002656
S92PX2B,8,33000.0,40000.0,0.03214440179283336,1,"none (rectangular, full record, Parseval)",2.0000000000002656
S92PX2B,8,40000.0,60000.0,0.04861656878647111,1,"none (rectangular, full record, Parseval)",2.0000000000002656
S92PX2B,9,3000.0,10000.0,0.07206207552866284,1,"none (rectangular, full record, Parseval)",2.0000000000002656
S92PX2B,9,10000.0,25000.0,0.059719270267533535,1,"none (rectangular, full record, Parseval)",2.0000000000002656
S92PX2B,9,25000.0,33000.0,0.04464398176905362,1,"none (rectangular, full record, Parseval)",2.0000000000002656
S92PX2B,9,33000.0,40000.0,0.032461124740550754,1,"none (rectangular, full record, Parseval)",2.0000000000002656
S92PX2B,9,40000.0,60000.0,0.04876910022883055,1,"none (rectangular, full record, Parseval)",2.0000000000002656
S92PX2B,10,3000.0,10000.0,0.08159477341407496,1,"none (rectangular, full record, Parseval)",2.0000000000002656
S92PX2B,10,10000.0,25000.0,0.06212385918494548,1,"none (rectangular, full record, Parseval)",2.0000000000002656
S92PX2B,10,25000.0,33000.0,0.045155991509690296,1,"none (rectangular, full record, Parseval)",2.0000000000002656
S92PX2B,10,33000.0,40000.0,0.03232234710203788,1,"none (rectangular, full record, Parseval)",2.0000000000002656
S92PX2B,10,40000.0,60000.0,0.049926146639102824,1,"none (rectangular, full record, Parseval)",2.0000000000002656
S92PX2B,11,3000.0,10000.0,0.07124012666124172,1,"none (rectangular, full record, Parseval)",2.0000000000002656
S92PX2B,11,10000.0,25000.0,0.05994921474509032,1,"none (rectangular, full record, Parseval)",2.0000000000002656
S92PX2B,11,25000.0,33000.0,0.05044808571762729,1,"none (rectangular, full record, Parseval)",2.0000000000002656
S92PX2B,11,33000.0,40000.0,0.028957422984014897,1,"none (rectangular, full record, Parseval)",2.0000000000002656
S92PX2B,11,40000.0,60000.0,0.05211209744967767,1,"none (rectangular, full record, Parseval)",2.0000000000002656
S92PX2B,12,3000.0,10000.0,0.07685730044239329,1,"none (rectangular, full record, Parseval)",2.0000000000002656
S92PX2B,12,10000.0,25000.0,0.06478447620750773,1,"none (rectangular, full record, Parseval)",2.0000000000002656
S92PX2B,12,25000.0,33000.0,0.07809379551441173,1,"none (rectangular, full record, Parseval)",2.0000000000002656
S92PX2B,12,33000.0,40000.0,0.03468712972594365,1,"none (rectangular, full record, Parseval)",2.0000000000002656
S92PX2B,12,40000.0,60000.0,0.053675627441226594,1,"none (rectangular, full record, Parseval)",2.0000000000002656
S92PX2B,13,3000.0,10000.0,0.06464644512183719,1,"none (rectangular, full record, Parseval)",2.0000000000002656
S92PX2B,13,10000.0,25000.0,0.05861598745382195,1,"none (rectangular, full record, Parseval)",2.0000000000002656
S92PX2B,13,25000.0,33000.0,0.04321281910901366,1,"none (rectangular, full record, Parseval)",2.0000000000002656
S92PX2B,13,33000.0,40000.0,0.03050149973623758,1,"none (rectangular, full record, Parseval)",2.0000000000002656
S92PX2B,13,40000.0,60000.0,0.05165018944135053,1,"none (rectangular, full record, Parseval)",2.0000000000002656
S92PX2B,14,3000.0,10000.0,0.0636910378021625,1,"none (rectangular, full record, Parseval)",2.0000000000002656
S92PX2B,14,10000.0,25000.0,0.06207649382005559,1,"none (rectangular, full record, Parseval)",2.0000000000002656
S92PX2B,14,25000.0,33000.0,0.05335802436037168,1,"none (rectangular, full record, Parseval)",2.0000000000002656
S92PX2B,14,33000.0,40000.0,0.028450226983005707,1,"none (rectangular, full record, Parseval)",2.0000000000002656
S92PX2B,14,40000.0,60000.0,0.04912632410501044,1,"none (rectangular, full record, Parseval)",2.0000000000002656
S92PX2B,15,3000.0,10000.0,0.08076381844973145,1,"none (rectangular, full record, Parseval)",2.0000000000002656
S92PX2B,15,10000.0,25000.0,0.05821188030076563,1,"none (rectangular, full record, Parseval)",2.0000000000002656
S92PX2B,15,25000.0,33000.0,0.04868202792944038,1,"none (rectangular, full record, Parseval)",2.0000000000002656
S92PX2B,15,33000.0,40000.0,0.03005883471917237,1,"none (rectangular, full record, Parseval)",2.0000000000002656
S92PX2B,15,40000.0,60000.0,0.04965395925443689,1,"none (rectangular, full record, Parseval)",2.0000000000002656
